Order_ID,Order_Date,Customer_ID,Customer_Name,City,State,Region,Category,Sub_Category,Product_Name,Quantity,Sales,Discount,Profit
ORD103641,2025-02-11,CUST1041,Vikas Yadav,Mumbai,Tamil Nadu,West,Home & Kitchen,Cookware,Cookware Product 9,4.0,1950.62,0.15,453.24
ORD104692,2025-11-01,CUST2092,Anjali Mehta,Jaipur,West Bengal,East,Electronics,Accessories,Accessories Product 12,7.0,1770.49,0.4,78.21
ORD102303,2025-03-31,CUST2103,Neha Verma,Jaipur,West Bengal,North,Clothing,Men,,3.0,773.31,0.1,116.15
ORD104245,2024-11-26,CUST1645,Arjun Kumar,Bengaluru,West Bengal,North,Home & Kitchen,Decor,Decor Product 6,4.0,1927.25,0.4,-95.37
ORD101270,2025-01-30,CUST1070,Neha Verma,Kolkata,Rajasthan,North,Electronics,Accessories,Accessories Product 24,4.0,1373.86,0.0,143.82
ORD102388,2024-02-12,CUST2188,Rahul Singh,Agra,Gujarat,South,Electronics,Audio,Audio Product 21,7.0,1583.11,0.1,329.95
ORD100240,2024-07-19,CUST1240,Rahul Singh,Delhi,Karnataka,West,Home & Kitchen,Bedding,Bedding Product 29,4.0,647.75,0.1,26.69
ORD104254,2024-02-28,CUST1654,Arjun Kumar,Delhi,West Bengal,West,Electronics,Laptops,Laptops Product 27,3.0,2808.38,0.15,407.96
ORD104151,2024-07-09,CUST1551,,Agra,West Bengal,East,Clothing,Women,Women Product 27,5.0,705.8,0.2,14.5
ORD100239,2025-08-31,CUST1239,Pooja Singh,Bengaluru,Karnataka,West,Home & Kitchen,Cookware,Cookware Product 5,3.0,589.35,0.05,151.16
ORD101705,2024-03-15,CUST1505,Pooja Singh,Chennai,Maharashtra,West,Home & Kitchen,Decor,Decor Product 29,3.0,1077.44,0.1,184.13
ORD100065,2024-03-21,CUST1065,Rohit Agarwal,Jaipur,West Bengal,East,Furniture,Tables,Tables Product 28,5.0,259.79,0.0,67.09
ORD103938,2025-08-23,CUST1338,Neha Verma,Kolkata,Gujarat,West,Home & Kitchen,Decor,Decor Product 29,6.0,2027.21,0.15,162.62
ORD100497,2025-11-20,CUST1497,Rahul Singh,Ahmedabad,Rajasthan,South,Sports,Fitness,Fitness Product 25,5.0,664.89,0.15,28.39
ORD101921,2025-01-15,CUST1721,Neha Verma,Bengaluru,Gujarat,North,Electronics,Phones,Phones Product 7,1.0,5227.13,0.1,124.26
ORD100033,2024-02-28,CUST1033,Vikas Yadav,Agra,Gujarat,North,Home & Kitchen,Appliances,Appliances Product 28,5.0,2210.51,0.3,99.76
ORD102201,2025-10-23,CUST2001,Arjun Kumar,Ahmedabad,Uttar Pradesh,West,Furniture,Storage,Storage Product 7,2.0,,0.4,-87.1
ORD102643,2025-02-16,CUST1243,Pooja Singh,Agra,Delhi,North,Sports,Fitness,Fitness Product 12,7.0,2331.19,0.3,369.04
ORD101437,2024-08-10,CUST1237,Arjun Kumar,Mumbai,Tamil Nadu,West,Home & Kitchen,Cookware,Cookware Product 9,5.0,357.63,0.05,40.38
ORD103573,2024-09-16,CUST2173,Rahul Singh,mumbai,Rajasthan,South,Clothing,Women,Women Product 7,3.0,880.54,0.15,41.06
ORD100626,2024-05-11,CUST1626,Vikas Yadav,Mumbai,Gujarat,North,Home & Kitchen,Bedding,Bedding Product 4,6.0,717.96,0.05,96.72
ORD101200,2024-10-12,CUST1000,Neha Verma,Mumbai,Delhi,East,Sports,Cycling,Cycling Product 20,5.0,1191.63,0.0,287.19
ORD102531,2025-10-12,CUST1131,Arjun Kumar,Bengaluru,Rajasthan,East,Electronics,Laptops,Laptops Product 8,5.0,1699.67,0.0,502.15
ORD100742,2025-12-09,CUST1742,Rohit Agarwal,Delhi,Uttar Pradesh,North,Sports,Outdoor,Outdoor Product 21,2.0,606.71,0.05,36.55
ORD100831,2024-02-20,CUST1831,Anjali Mehta,Chennai,Gujarat,West,Furniture,Storage,Storage Product 24,7.0,7005.11,0.1,1570.33
ORD102395,2025-05-31,CUST2195,Rahul Singh,Agra,Tamil Nadu,North,Sports,Cycling,Cycling Product 18,1.0,2336.16,0.1,440.02
ORD102617,2024-12-10,CUST1217,Sneha Joshi,Chennai,Delhi,West,Clothing,Kids,Kids Product 20,1.0,348.06,0.2,79.02
ORD103857,2025-03-16,CUST1257,Pooja Singh,Mumbai,Rajasthan,West,Electronics,Laptops,Laptops Product 15,7.0,,0.05,203.11
ORD103047,2025-03-29,CUST1647,Aman Sharma,Ahmedabad,Karnataka,North,Furniture,Beds,Beds Product 14,2.0,2519.41,0.05,292.31
ORD104977,2024-03-24,CUST1177,Pooja Singh,jaipur,Rajasthan,North,Electronics,Phones,Phones Product 20,4.0,702.62,0.05,40.86
ORD103708,2025-06-16,CUST1108,Anjali Mehta,Agra,West Bengal,East,Clothing,Footwear,Footwear Product 7,1.0,1024.77,0.3,61.49
ORD102191,2024-08-29,CUST1991,Aman Sharma,Bengaluru,,East,Furniture,Tables,Tables Product 11,2.0,422.66,0.0,120.63
ORD101224,2024-06-26,CUST1024,Rahul Singh,Delhi,Rajasthan,North,Electronics,Accessories,Accessories Product 19,3.0,890.79,0.0,95.7
ORD104695,2024-11-12,CUST2095,Anjali Mehta,Bengaluru,Karnataka,West,Electronics,Audio,Audio Product 3,1.0,3400.91,0.2,773.67
ORD103731,2024-11-24,CUST1131,Neha Verma,Kolkata,Rajasthan,North,Clothing,Kids,Kids Product 19,2.0,1710.18,0.3,46.45
ORD100681,2025-05-27,CUST1681,Neha Verma,Delhi,Rajasthan,East,Sports,Fitness,Fitness Product 15,5.0,709.74,0.15,158.19
ORD100199,2025-05-11,CUST1199,Pooja Singh,Jaipur,Uttar Pradesh,North,Sports,Outdoor,Outdoor Product 22,7.0,3520.17,0.05,299.68
ORD100677,2024-10-31,CUST1677,Rahul Singh,Bengaluru,Karnataka,North,Electronics,Accessories,Accessories Product 4,5.0,672.33,0.2,-3.72
ORD102110,2025-02-10,CUST1910,Vikas Yadav,Agra,West Bengal,South,Electronics,Audio,Audio Product 11,2.0,2085.21,0.05,255.1
ORD101044,2025-10-26,CUST2044,Rohit Agarwal,Agra,Karnataka,East,Furniture,Storage,Storage Product 14,4.0,586.75,0.15,36.45
ORD101305,2025-09-01,CUST1105,Anjali Mehta,Mumbai,Rajasthan,North,Clothing,Women,Women Product 5,2.0,1032.92,0.05,94.15
ORD102680,2024-01-12,CUST1280,Rahul Singh,Kolkata,Delhi,East,Sports,Cricket,Cricket Product 18,5.0,2238.73,0.1,393.59
ORD103754,2025-06-08,CUST1154,Vikas Yadav,Ahmedabad,Karnataka,South,Furniture,Chairs,Chairs Product 29,7.0,518.64,0.1,7.82
ORD103922,2025-06-06,CUST1322,Pooja Singh,Kolkata,Rajasthan,South,Sports,Outdoor,Outdoor Product 4,7.0,1561.45,0.1,46.45
ORD101295,2024-12-24,CUST1095,Rahul Singh,Agra,West Bengal,East,Clothing,Women,Women Product 26,2.0,1475.64,0.05,186.83
ORD102457,2025-05-07,CUST1057,Priya Gupta,Kolkata,Maharashtra,East,Sports,Cricket,Cricket Product 14,,3934.77,0.1,408.04
ORD103439,2025-06-16,CUST2039,Sneha Joshi,Ahmedabad,West Bengal,South,Clothing,Footwear,Footwear Product 28,7.0,1728.94,0.1,429.25
ORD102757,2025-02-02,CUST1357,Rahul Singh,Bengaluru,Uttar Pradesh,East,Sports,Cycling,Cycling Product 25,1.0,1737.09,0.4,-150.83
ORD103279,2025-02-23,CUST1879,Pooja Singh,Jaipur,Maharashtra,West,Electronics,Phones,Phones Product 11,5.0,591.0,0.15,142.03
ORD104183,2025-07-14,CUST1583,Sneha Joshi,Ahmedabad,Maharashtra,East,Home & Kitchen,Decor,Decor Product 18,3.0,2472.47,0.05,147.57
ORD103555,2025-07-02,CUST2155,Pooja Singh,Delhi,Maharashtra,East,Clothing,Men,Men Product 1,6.0,1279.35,0.1,305.99
ORD101029,2024-05-11,CUST2029,Pooja Singh,Mumbai,Uttar Pradesh,West,Furniture,Beds,Beds Product 21,5.0,2083.57,0.2,323.29
ORD103996,2025-10-28,CUST1396,Pooja Singh,Bengaluru,Tamil Nadu,North,Electronics,Laptops,Laptops Product 17,6.0,804.1,0.1,92.02
ORD101292,2025-07-05,CUST1092,Rahul Singh,Ahmedabad,West Bengal,West,Clothing,Men,Men Product 24,6.0,1319.92,0.2,48.51
ORD104308,2024-07-26,CUST1708,Rohit Agarwal,bengaluru,Delhi,West,Furniture,Tables,Tables Product 3,3.0,1855.33,0.2,238.37
ORD100931,2025-03-12,CUST1931,Anjali Mehta,Delhi,Maharashtra,North,Electronics,Audio,Audio Product 3,6.0,1325.49,0.15,63.01
ORD103609,2024-01-27,CUST1009,Neha Verma,Chennai,Delhi,North,Home & Kitchen,Bedding,Bedding Product 11,5.0,2526.34,0.15,56.84
ORD100828,2025-11-02,CUST1828,Arjun Kumar,,Delhi,South,Furniture,Chairs,Chairs Product 22,6.0,2471.9,0.4,311.25
ORD103702,2025-06-19,CUST1102,Aman Sharma,Agra,Delhi,North,Home & Kitchen,Decor,Decor Product 30,3.0,2327.41,0.15,364.48
ORD103616,2025-03-12,CUST1016,Anjali Mehta,Jaipur,Uttar Pradesh,North,Clothing,Footwear,Footwear Product 14,1.0,892.32,0.0,179.69
ORD103290,2024-04-14,CUST1890,Pooja Singh,,Delhi,West,Electronics,Laptops,Laptops Product 3,4.0,802.23,0.05,129.01
ORD101215,2024-09-20,CUST1015,Priya Gupta,Jaipur,Gujarat,East,Furniture,Beds,Beds Product 7,4.0,738.86,0.05,83.94
ORD100227,2024-09-03,CUST1227,Vikas Yadav,Kolkata,Rajasthan,West,Sports,Cricket,Cricket Product 26,1.0,1222.8,0.1,190.12
ORD101862,2025-08-16,CUST1662,Priya Gupta,Kolkata,Delhi,East,Home & Kitchen,Appliances,Appliances Product 24,4.0,614.37,0.05,161.89
ORD103450,2024-05-18,CUST2050,Anjali Mehta,Kolkata,West Bengal,East,Home & Kitchen,Bedding,Bedding Product 29,7.0,1581.34,0.05,126.55
ORD100812,2024-07-23,CUST1812,Aman Sharma,Kolkata,Gujarat,South,Furniture,Chairs,Chairs Product 22,1.0,1294.93,0.1,313.15
ORD102344,2024-05-13,CUST2144,Neha Verma,Delhi,Rajasthan,North,Sports,Fitness,Fitness Product 24,5.0,1161.34,0.05,50.88
ORD100106,2025-05-13,CUST1106,Anjali Mehta,Agra,West Bengal,West,Home & Kitchen,Appliances,Appliances Product 17,3.0,1360.39,0.0,291.31
ORD102052,2025-08-11,CUST1852,Rohit Agarwal,Bengaluru,Delhi,East,Clothing,Women,Women Product 19,1.0,1908.85,0.2,244.08
ORD103543,2024-01-19,CUST2143,Neha Verma,Agra,Karnataka,East,Sports,Cricket,Cricket Product 24,4.0,6383.57,0.05,938.77
ORD100731,2024-08-04,CUST1731,Rahul Singh,Mumbai,Delhi,East,Electronics,Laptops,Laptops Product 11,3.0,950.45,0.0,170.63
ORD104716,2025-07-24,CUST2116,Rahul Singh,Bengaluru,Karnataka,West,Electronics,Phones,Phones Product 8,6.0,1521.7,0.1,257.53
ORD100544,2025-10-24,CUST1544,Priya Gupta,Chennai,Tamil Nadu,West,Electronics,Laptops,Laptops Product 21,1.0,3672.75,0.2,159.38
ORD101073,2024-07-14,CUST2073,Neha Verma,Delhi,Karnataka,East,Furniture,Beds,Beds Product 11,2.0,2365.96,0.15,243.4
ORD102173,2025-11-12,CUST1973,Aman Sharma,Ahmedabad,Tamil Nadu,North,Electronics,Phones,Phones Product 5,6.0,801.92,0.2,5.96
ORD104243,2024-05-05,CUST1643,Rohit Agarwal,Agra,Tamil Nadu,West,Home & Kitchen,Appliances,Appliances Product 5,4.0,811.97,0.15,127.7
ORD100079,2024-09-26,CUST1079,Rohit Agarwal,Bengaluru,Maharashtra,South,Clothing,Men,Men Product 27,6.0,2116.62,0.1,523.34
ORD102312,2024-04-23,CUST2112,Neha Verma,Bengaluru,Tamil Nadu,East,Clothing,,Women Product 7,6.0,1378.51,0.05,382.88
ORD100373,2025-09-30,CUST1373,Priya Gupta,Kolkata,Rajasthan,East,Home & Kitchen,Decor,Decor Product 15,1.0,662.22,0.4,8.73
ORD100333,2025-03-28,CUST1333,Anjali Mehta,Mumbai,Karnataka,East,Electronics,Audio,Audio Product 28,4.0,1270.8,0.1,42.61
ORD102277,2025-03-21,CUST2077,Arjun Kumar,Kolkata,Maharashtra,North,Home & Kitchen,Bedding,Bedding Product 13,4.0,1458.29,0.05,407.78
ORD103357,2025-10-29,CUST1957,Sneha Joshi,Ahmedabad,,East,Clothing,Women,Women Product 13,1.0,2168.67,0.15,494.08
ORD103230,2025-09-09,CUST1830,Aman Sharma,Chennai,Tamil Nadu,East,Electronics,Accessories,Accessories Product 8,6.0,824.2,0.05,103.83
ORD101503,2025-08-07,CUST1303,Arjun Kumar,Chennai,Delhi,North,Furniture,Tables,Tables Product 26,5.0,,0.1,161.32
ORD101451,2024-06-19,CUST1251,Vikas Yadav,,Uttar Pradesh,South,Furniture,Beds,Beds Product 26,5.0,657.83,0.15,61.8
ORD103007,2024-07-29,CUST1607,Rahul Singh,Mumbai,Rajasthan,South,Clothing,Footwear,Footwear Product 14,3.0,560.64,0.2,105.8
ORD100724,2024-03-05,CUST1724,Neha Verma,Agra,Uttar Pradesh,South,Home & Kitchen,Bedding,Bedding Product 4,1.0,1342.52,,303.75
ORD100084,2024-09-08,CUST1084,Aman Sharma,Bengaluru,Rajasthan,North,Home & Kitchen,Appliances,Appliances Product 20,2.0,1838.48,0.15,142.28
ORD104197,2025-02-22,CUST1597,Arjun Kumar,Agra,Maharashtra,East,Furniture,Chairs,Chairs Product 10,2.0,4417.81,0.0,1011.14
ORD102997,2025-10-06,CUST1597,Rahul Singh,Ahmedabad,Tamil Nadu,South,Sports,Fitness,Fitness Product 4,1.0,3164.17,0.2,171.81
ORD103352,2025-09-03,CUST1952,Neha Verma,Jaipur,Delhi,West,Clothing,Footwear,Footwear Product 28,7.0,3294.31,0.0,349.15
ORD103336,2025-09-25,CUST1936,Sneha Joshi,Bengaluru,Karnataka,South,Clothing,Footwear,Footwear Product 26,5.0,1375.95,0.05,325.4
ORD100029,2024-01-22,CUST1029,Rahul Singh,Agra,West Bengal,South,Home & Kitchen,Bedding,Bedding Product 26,6.0,2528.23,0.0,458.63
ORD101919,2024-11-13,CUST1719,Rohit Agarwal,Delhi,Uttar Pradesh,West,Furniture,Tables,Tables Product 30,2.0,2833.77,0.05,284.22
ORD102142,2024-09-19,CUST1942,Aman Sharma,Delhi,Gujarat,South,Furniture,Storage,Storage Product 16,4.0,1938.53,0.0,181.39
ORD102634,2025-02-24,CUST1234,Priya Gupta,Mumbai,Maharashtra,South,Home & Kitchen,Appliances,Appliances Product 12,5.0,450.56,0.05,60.6
ORD104914,2024-04-27,CUST1114,Rahul Singh,Chennai,West Bengal,West,Home & Kitchen,Decor,Decor Product 3,5.0,1455.45,0.1,370.58
ORD101344,2024-05-28,CUST1144,Anjali Mehta,Mumbai,Delhi,North,Furniture,Storage,Storage Product 8,1.0,3774.77,0.05,282.5
ORD104428,2025-08-11,CUST1828,Priya Gupta,Agra,Uttar Pradesh,South,Clothing,Kids,Kids Product 12,3.0,2058.49,0.2,3.03
ORD100248,2024-12-11,CUST1248,Rohit Agarwal,Jaipur,Karnataka,North,Home & Kitchen,Bedding,Bedding Product 5,7.0,1877.03,0.15,33.24
ORD101723,2024-09-13,CUST1523,Rahul Singh,Jaipur,Rajasthan,East,Home & Kitchen,Cookware,Cookware Product 9,2.0,489.11,0.1,50.21
ORD101935,2025-02-27,CUST1735,Priya Gupta,Chennai,Maharashtra,South,Electronics,Phones,Phones Product 23,1.0,805.34,0.15,15.19
ORD104832,2025-02-18,CUST1032,Vikas Yadav,Kolkata,Delhi,West,Home & Kitchen,Decor,Decor Product 14,4.0,1940.07,0.15,464.1
ORD100829,2024-03-01,CUST1829,Arjun Kumar,Agra,Tamil Nadu,West,Clothing,Men,Men Product 26,4.0,3129.64,0.0,534.69
ORD100530,2025-02-16,CUST1530,Priya Gupta,Bengaluru,Delhi,North,Home & Kitchen,Appliances,Appliances Product 2,1.0,808.4,0.15,2.06
ORD104036,2025-12-09,CUST1436,Pooja Singh,Ahmedabad,Tamil Nadu,South,Home & Kitchen,Bedding,Bedding Product 12,6.0,1593.84,0.2,316.57
ORD103749,2024-12-21,CUST1149,Neha Verma,Kolkata,Delhi,West,Sports,Outdoor,Outdoor Product 26,5.0,429.17,0.15,77.26
ORD102726,2024-02-29,CUST1326,Rohit Agarwal,Kolkata,West Bengal,East,Home & Kitchen,Decor,Decor Product 7,2.0,738.83,0.15,179.82
ORD103632,2025-03-31,CUST1032,Arjun Kumar,Mumbai,Tamil Nadu,West,Electronics,Phones,Phones Product 23,4.0,1879.25,0.05,132.55
ORD100807,2025-05-22,CUST1807,Neha Verma,Bengaluru,Gujarat,West,Electronics,Audio,Audio Product 17,3.0,825.74,0.2,180.91
ORD101615,2025-10-28,CUST1415,Neha Verma,Chennai,West Bengal,West,Home & Kitchen,Decor,Decor Product 29,2.0,934.7,0.0,197.14
ORD100896,2024-09-29,CUST1896,Vikas Yadav,Jaipur,Karnataka,North,Electronics,,Phones Product 7,7.0,1165.78,0.1,151.57
ORD104654,2024-07-12,CUST2054,Anjali Mehta,Ahmedabad,Maharashtra,North,Home & Kitchen,Cookware,Cookware Product 6,,1134.82,0.1,245.46
ORD100023,2025-01-20,CUST1023,Anjali Mehta,Agra,Uttar Pradesh,East,Clothing,Men,Men Product 23,2.0,2386.49,0.2,318.54
ORD102767,2025-05-14,CUST1367,Pooja Singh,Ahmedabad,Gujarat,West,Clothing,Men,Men Product 13,7.0,506.86,0.0,148.2
ORD101592,2025-11-28,CUST1392,Sneha Joshi,,Gujarat,East,Furniture,Storage,Storage Product 30,2.0,1033.92,0.0,76.2
ORD104714,2024-02-13,CUST2114,Priya Gupta,Delhi,Uttar Pradesh,West,Sports,Outdoor,Outdoor Product 28,1.0,2606.7,0.15,358.92
ORD103904,2024-07-28,CUST1304,Pooja Singh,Chennai,Tamil Nadu,South,Sports,Cycling,Cycling Product 5,7.0,731.13,0.3,9.93
ORD101501,2025-03-07,CUST1301,Priya Gupta,,Gujarat,South,Home & Kitchen,Decor,Decor Product 11,7.0,2153.94,0.0,584.36
ORD104288,2024-07-20,CUST1688,Arjun Kumar,Delhi,Tamil Nadu,North,Home & Kitchen,Appliances,Appliances Product 5,7.0,550.47,0.2,36.83
ORD104091,2025-11-11,CUST1491,Pooja Singh,Ahmedabad,West Bengal,West,Sports,Cycling,Cycling Product 20,1.0,1052.82,0.1,264.34
ORD103862,2024-10-27,CUST1262,Sneha Joshi,Delhi,Maharashtra,South,Clothing,Men,Men Product 3,5.0,1208.05,0.1,161.89
ORD102131,2024-04-15,CUST1931,Arjun Kumar,Jaipur,West Bengal,West,Sports,Cricket,Cricket Product 8,4.0,743.07,0.05,93.53
ORD100296,2025-04-17,CUST1296,Neha Verma,Jaipur,Delhi,South,Clothing,Kids,Kids Product 20,4.0,3783.61,0.05,235.76
ORD104237,2024-07-28,CUST1637,Rahul Singh,Jaipur,Tamil Nadu,North,Clothing,Kids,Kids Product 27,7.0,827.06,0.15,89.26
ORD104900,2025-12-26,CUST1100,Vikas Yadav,Kolkata,West Bengal,East,Sports,Cricket,Cricket Product 11,5.0,1143.47,0.1,263.82
ORD100393,2025-02-03,CUST1393,Anjali Mehta,Ahmedabad,Delhi,North,Sports,Outdoor,Outdoor Product 9,6.0,3997.31,0.15,638.5
ORD102753,2024-07-16,CUST1353,Sneha Joshi,Ahmedabad,Delhi,East,Electronics,Audio,Audio Product 10,6.0,982.26,0.0,58.81
ORD103323,2024-10-05,CUST1923,Aman Sharma,Bengaluru,Rajasthan,East,Home & Kitchen,Cookware,Cookware Product 14,7.0,1728.7,0.05,278.01
ORD101094,2025-09-18,CUST2094,Aman Sharma,Delhi,Tamil Nadu,South,Home & Kitchen,Cookware,Cookware Product 13,1.0,994.48,0.3,18.09
ORD104612,2024-11-09,CUST2012,Priya Gupta,Ahmedabad,Karnataka,South,Furniture,,Chairs Product 15,2.0,2152.4,0.2,451.75
ORD104315,2025-03-14,CUST1715,Rohit Agarwal,Chennai,West Bengal,South,Home & Kitchen,Bedding,Bedding Product 10,5.0,1097.85,0.3,158.86
ORD101893,2025-05-26,CUST1693,Neha Verma,Ahmedabad,Delhi,North,Furniture,Beds,Beds Product 20,6.0,1139.06,0.05,276.89
ORD102867,2025-10-25,CUST1467,Rahul Singh,Mumbai,Tamil Nadu,South,Home & Kitchen,Decor,Decor Product 26,2.0,2985.38,0.4,-138.63
ORD100168,2025-10-01,CUST1168,Neha Verma,Ahmedabad,Maharashtra,North,Sports,Outdoor,Outdoor Product 28,1.0,569.98,0.05,25.82
ORD101436,2025-08-16,CUST1236,Rohit Agarwal,Jaipur,West Bengal,West,Electronics,Accessories,Accessories Product 14,3.0,2166.01,0.0,194.24
ORD104064,2025-09-06,CUST1464,Rohit Agarwal,Chennai,Rajasthan,South,Clothing,Women,Women Product 21,4.0,1324.69,0.0,389.89
ORD104957,2024-12-31,CUST1157,Arjun Kumar,Mumbai,Gujarat,South,Clothing,,Footwear Product 18,4.0,2469.81,0.1,515.93
ORD101187,2025-07-14,CUST2187,Vikas Yadav,Kolkata,Tamil Nadu,East,Home & Kitchen,Appliances,Appliances Product 6,4.0,1279.0,0.05,134.43
ORD100429,2024-04-15,CUST1429,Vikas Yadav,Mumbai,Maharashtra,North,Home & Kitchen,Bedding,Bedding Product 6,7.0,1443.57,0.15,309.48
ORD103134,2025-09-23,CUST1734,Priya Gupta,Bengaluru,Delhi,West,Sports,Cycling,Cycling Product 10,3.0,1073.39,0.1,44.12
ORD103326,2024-10-20,CUST1926,Anjali Mehta,Bengaluru,Karnataka,South,Electronics,Phones,Phones Product 9,3.0,,0.15,126.67
ORD100676,2024-08-20,CUST1676,Aman Sharma,Delhi,Gujarat,East,Electronics,Audio,Audio Product 21,7.0,1001.36,0.4,114.13
ORD100670,2024-08-14,CUST1670,Pooja Singh,Ahmedabad,Uttar Pradesh,West,Electronics,Phones,Phones Product 12,2.0,1459.3,0.05,348.21
ORD102880,2024-07-16,CUST1480,Vikas Yadav,Mumbai,Tamil Nadu,North,Electronics,Audio,Audio Product 10,2.0,2548.72,0.05,326.48
ORD102846,2024-11-09,CUST1446,Rahul Singh,Chennai,West Bengal,West,Furniture,Chairs,Chairs Product 4,2.0,897.88,0.05,69.64
ORD102678,2024-11-09,CUST1278,Anjali Mehta,Jaipur,Rajasthan,West,Electronics,Phones,Phones Product 21,3.0,2263.18,0.3,-111.5
ORD100691,2025-10-29,CUST1691,Neha Verma,Kolkata,Maharashtra,East,Furniture,Chairs,Chairs Product 11,2.0,5978.12,0.3,284.37
ORD100624,2024-08-04,CUST1624,Arjun Kumar,,Gujarat,East,Furniture,Chairs,Chairs Product 30,3.0,2664.13,0.1,578.43
ORD100157,2024-03-26,CUST1157,Vikas Yadav,Kolkata,Maharashtra,West,Electronics,Audio,Audio Product 23,1.0,1369.88,0.0,73.9
ORD104783,2025-07-28,CUST2183,Neha Verma,Jaipur,Rajasthan,South,Clothing,Men,Men Product 10,3.0,1988.82,0.15,419.81
ORD101718,2024-03-24,CUST1518,Rahul Singh,Agra,Delhi,East,Home & Kitchen,Decor,Decor Product 30,3.0,944.22,0.1,65.6
ORD102002,2024-06-26,CUST1802,Anjali Mehta,Kolkata,West Bengal,North,Clothing,Women,Women Product 24,3.0,2651.13,0.1,536.69
ORD101541,2024-04-08,CUST1341,Sneha Joshi,Jaipur,Gujarat,South,Sports,Cycling,Cycling Product 20,7.0,1416.92,0.1,131.58
ORD100787,2025-12-04,CUST1787,Sneha Joshi,Ahmedabad,Delhi,North,Home & Kitchen,Cookware,Cookware Product 15,5.0,1569.94,0.05,413.6
ORD104731,2025-03-20,CUST2131,Aman Sharma,Bengaluru,Tamil Nadu,South,Home & Kitchen,Bedding,Bedding Product 4,1.0,1463.93,0.1,83.55
ORD101905,2025-06-13,CUST1705,Vikas Yadav,Bengaluru,Rajasthan,East,Electronics,Laptops,Laptops Product 13,6.0,1311.82,0.3,168.4
ORD101897,2024-10-21,CUST1697,Pooja Singh,,Karnataka,South,Sports,Cricket,Cricket Product 20,2.0,346.33,0.05,45.49
ORD100437,2025-04-18,CUST1437,Vikas Yadav,,Maharashtra,East,Clothing,Kids,Kids Product 3,7.0,1555.14,0.15,371.28
ORD101569,2024-02-09,CUST1369,Vikas Yadav,Mumbai,Rajasthan,North,Sports,Fitness,Fitness Product 13,3.0,,0.15,45.86
ORD104284,2025-01-26,CUST1684,Anjali Mehta,Jaipur,Tamil Nadu,West,Furniture,Tables,Tables Product 14,2.0,714.83,0.2,6.95
ORD103012,2024-12-29,CUST1612,Rahul Singh,Jaipur,Gujarat,South,Electronics,Accessories,Accessories Product 16,5.0,511.62,0.2,115.09
ORD103372,2024-05-05,CUST1972,Vikas Yadav,Chennai,Uttar Pradesh,East,Electronics,Audio,Audio Product 7,7.0,667.23,0.0,63.19
ORD103647,2024-02-28,CUST1047,Aman Sharma,Kolkata,Rajasthan,West,Electronics,Audio,Audio Product 26,5.0,375.73,0.05,37.92
ORD100179,2025-09-19,CUST1179,Aman Sharma,Mumbai,Rajasthan,West,Furniture,Chairs,Chairs Product 25,5.0,2754.34,0.15,487.37
ORD100893,2024-01-28,CUST1893,Pooja Singh,Agra,Delhi,South,Electronics,Audio,Audio Product 3,2.0,805.38,0.05,93.95
ORD103194,2024-12-26,CUST1794,Rahul Singh,Delhi,West Bengal,South,Home & Kitchen,Cookware,Cookware Product 3,1.0,806.35,0.3,-41.47
ORD100776,2025-01-23,CUST1776,Rohit Agarwal,Kolkata,Delhi,East,Electronics,Laptops,Laptops Product 25,5.0,1686.26,0.2,288.51
ORD104095,2024-11-21,CUST1495,Aman Sharma,Kolkata,Gujarat,East,Clothing,Men,Men Product 8,4.0,364.75,0.1,49.66
ORD100485,2025-10-20,CUST1485,Rohit Agarwal,Ahmedabad,Maharashtra,East,Furniture,Chairs,Chairs Product 22,6.0,856.93,0.0,192.11
ORD101454,2024-02-08,CUST1254,Aman Sharma,Chennai,Rajasthan,West,Electronics,Audio,Audio Product 30,4.0,995.55,0.1,143.25
ORD100599,2024-03-14,CUST1599,Rahul Singh,Bengaluru,Karnataka,West,Sports,Outdoor,Outdoor Product 7,4.0,618.47,0.2,-3.48
ORD104478,2025-01-19,CUST1878,Priya Gupta,Bengaluru,Delhi,North,Home & Kitchen,Appliances,Appliances Product 4,3.0,1518.77,0.15,235.85
ORD101129,2025-12-26,CUST2129,Rohit Agarwal,Delhi,Uttar Pradesh,East,Furniture,Storage,Storage Product 2,6.0,521.48,0.05,70.96
ORD100842,2025-06-07,CUST1842,Pooja Singh,Bengaluru,Delhi,West,Electronics,Laptops,Laptops Product 7,2.0,1076.74,0.05,51.9
ORD100586,2025-11-23,CUST1586,Vikas Yadav,Kolkata,Gujarat,North,Electronics,Phones,Phones Product 17,5.0,1576.3,0.0,457.79
ORD104114,2025-06-25,CUST1514,Anjali Mehta,Chennai,Maharashtra,West,Clothing,Footwear,Footwear Product 29,2.0,238.65,0.1,59.03
ORD101822,2025-02-19,CUST1622,Rahul Singh,Ahmedabad,Delhi,East,Home & Kitchen,Appliances,Appliances Product 7,3.0,1918.93,0.1,302.54
ORD104213,2024-08-27,CUST1613,Priya Gupta,Jaipur,Maharashtra,North,Furniture,Tables,Tables Product 2,7.0,1460.81,0.15,176.73
ORD100426,2024-09-25,CUST1426,Neha Verma,Delhi,Karnataka,North,Furniture,Tables,Tables Product 22,4.0,5584.08,0.0,1378.3
ORD102655,2025-08-06,CUST1255,Pooja Singh,Jaipur,Maharashtra,West,Clothing,Kids,Kids Product 15,2.0,1101.97,0.4,41.48
ORD102232,2024-06-15,CUST2032,,Delhi,Tamil Nadu,West,Home & Kitchen,Decor,Decor Product 22,1.0,874.35,0.0,209.37
ORD101867,2024-11-07,CUST1667,Priya Gupta,Ahmedabad,Delhi,East,Sports,Cricket,Cricket Product 17,1.0,2681.29,0.4,-206.53
ORD103992,2024-01-10,CUST1392,Rohit Agarwal,Bengaluru,Maharashtra,South,Clothing,Women,Women Product 11,4.0,1247.11,0.2,-7.46
ORD104349,2024-09-22,CUST1749,Vikas Yadav,Mumbai,Rajasthan,South,Furniture,Chairs,Chairs Product 26,6.0,1111.22,0.15,79.75
ORD104626,2024-05-23,CUST2026,Pooja Singh,Bengaluru,Maharashtra,West,Furniture,Storage,Storage Product 11,5.0,2502.01,0.3,470.44
ORD104596,2024-08-26,CUST1996,Rahul Singh,Bengaluru,Tamil Nadu,South,Home & Kitchen,Bedding,Bedding Product 21,1.0,662.68,0.0,120.18
ORD104613,2024-04-12,CUST2013,Vikas Yadav,Jaipur,Uttar Pradesh,South,Home & Kitchen,Bedding,Bedding Product 9,6.0,379.96,0.15,53.31
ORD102505,2024-03-19,CUST1105,Anjali Mehta,Bengaluru,Gujarat,West,Electronics,Accessories,Accessories Product 23,1.0,661.33,0.15,69.58
ORD103630,2024-01-10,CUST1030,Sneha Joshi,Delhi,Tamil Nadu,North,Clothing,Kids,Kids Product 18,,1655.82,0.05,272.44
ORD103620,2024-11-08,CUST1020,Neha Verma,Ahmedabad,Uttar Pradesh,South,Furniture,Chairs,Chairs Product 9,6.0,600.66,0.0,108.93
ORD104511,2024-06-25,CUST1911,Aman Sharma,Delhi,Karnataka,South,Sports,Cricket,Cricket Product 22,4.0,1362.26,0.0,184.26
ORD103182,2024-06-27,CUST1782,Arjun Kumar,Delhi,Tamil Nadu,East,Clothing,Footwear,Footwear Product 8,1.0,1909.78,0.05,192.26
ORD102245,2025-05-31,CUST2045,Anjali Mehta,Delhi,Maharashtra,North,Electronics,Phones,Phones Product 10,7.0,1028.87,0.05,113.71
ORD100764,2024-04-04,CUST1764,Aman Sharma,Ahmedabad,Karnataka,West,Home & Kitchen,Appliances,Appliances Product 15,4.0,1158.48,0.4,17.65
ORD104928,2025-10-21,CUST1128,Rahul Singh,Jaipur,Gujarat,South,Electronics,Phones,Phones Product 14,3.0,885.82,0.2,65.4
ORD100416,2024-09-20,CUST1416,Vikas Yadav,Mumbai,Delhi,West,Electronics,Phones,Phones Product 6,6.0,682.08,0.4,-48.73
ORD100088,2025-12-20,CUST1088,Rohit Agarwal,Delhi,Gujarat,East,Electronics,,Accessories Product 24,4.0,1352.87,0.05,344.82
ORD101340,2025-11-23,CUST1140,Vikas Yadav,Mumbai,Uttar Pradesh,North,Electronics,Accessories,Accessories Product 18,4.0,2976.64,0.05,258.89
ORD100228,2025-03-14,CUST1228,Rohit Agarwal,Chennai,Karnataka,North,Furniture,Beds,Beds Product 25,7.0,612.1,0.2,117.82
ORD100008,2024-05-01,CUST1008,Arjun Kumar,Mumbai,Rajasthan,West,Home & Kitchen,Cookware,Cookware Product 22,1.0,1080.7,0.1,216.68
ORD101056,2025-07-07,CUST2056,Neha Verma,Bengaluru,Delhi,East,Clothing,Men,Men Product 15,4.0,930.94,0.05,79.79
ORD101128,2024-10-23,CUST2128,Arjun Kumar,Ahmedabad,Uttar Pradesh,West,Electronics,Phones,Phones Product 17,2.0,1802.89,0.0,455.44
ORD102943,2025-04-20,CUST1543,Sneha Joshi,Delhi,Uttar Pradesh,South, Furniture ,Beds,Beds Product 2,4.0,1776.62,0.05,333.62
ORD101583,2025-11-18,CUST1383,Rohit Agarwal,Agra,Karnataka,South,Home & Kitchen,Cookware,Cookware Product 18,4.0,1072.29,0.0,153.49
ORD100577,2024-01-25,CUST1577,Priya Gupta,Kolkata,Rajasthan,West,Electronics,Accessories,Accessories Product 28,2.0,799.29,0.05,149.26
ORD103377,2025-11-18,CUST1977,Neha Verma,Ahmedabad,Rajasthan,West,Electronics,Phones,Phones Product 4,7.0,947.92,0.4,-39.39
ORD100144,2025-07-17,CUST1144,Aman Sharma,Delhi,Delhi,West,Furniture,Storage,Storage Product 18,2.0,1029.35,0.15,100.85
ORD102100,2024-10-30,CUST1900,Priya Gupta,Bengaluru,Maharashtra,West,Furniture,Beds,Beds Product 27,5.0,1340.68,0.3,171.35
ORD102011,2024-01-08,CUST1811,Pooja Singh,Delhi,Rajasthan,South,Home & Kitchen,Cookware,Cookware Product 26,6.0,1110.2,0.2,215.44
ORD101074,2025-08-20,CUST2074,Rohit Agarwal,Mumbai,Uttar Pradesh,East,Home & Kitchen,Bedding,Bedding Product 13,1.0,823.72,0.05,27.85
ORD104293,2024-11-20,CUST1693,Aman Sharma,Delhi,Karnataka,North,Sports,Fitness,Fitness Product 8,7.0,1517.05,0.15,239.96
ORD103824,2024-02-28,CUST1224,Aman Sharma,Delhi,Tamil Nadu,North,Home & Kitchen,Bedding,Bedding Product 2,1.0,3009.22,0.05,816.4
ORD104356,2025-02-17,CUST1756,Vikas Yadav,Agra,Delhi,North,Sports,Cricket,Cricket Product 23,2.0,1585.63,0.3,185.38
ORD100151,2025-06-24,CUST1151,Anjali Mehta,Jaipur,Karnataka,North,Furniture,Chairs,Chairs Product 24,3.0,1218.28,0.4,89.01
ORD100297,2024-04-08,CUST1297,Pooja Singh,Jaipur,Maharashtra,West,Clothing,Men,Men Product 1,5.0,1716.49,0.05,339.18
ORD103906,14/12/2025,CUST1306,Rohit Agarwal,Delhi,Karnataka,South,Sports,Cycling,Cycling Product 26,5.0,1565.06,0.15,29.02
ORD104399,2025-01-03,CUST1799,Anjali Mehta,Chennai,Uttar Pradesh,East,Electronics,Accessories,Accessories Product 11,6.0,1104.06,0.05,
ORD100561,2025-09-03,CUST1561,Priya Gupta,Delhi,Karnataka,North,Electronics,Accessories,Accessories Product 20,5.0,3496.66,0.15,646.89
ORD103080,2025-07-03,CUST1680,Arjun Kumar,Agra,Rajasthan,South,Furniture,Beds,Beds Product 6,3.0,2911.85,0.15,718.45
ORD103103,2024-06-21,CUST1703,Rahul Singh,Ahmedabad,Delhi,North,Furniture,Beds,Beds Product 8,4.0,1637.5,0.15,220.2
ORD102287,2025-06-25,CUST2087,Aman Sharma,Kolkata,Karnataka,South,Furniture,Tables,Tables Product 13,1.0,1883.4,0.05,200.74
ORD101485,2025-01-11,CUST1285,Neha Verma,Mumbai,Rajasthan,West,Home & Kitchen,Cookware,Cookware Product 27,6.0,1002.42,0.1,87.24
ORD104359,2025-03-24,CUST1759,Vikas Yadav,Chennai,Maharashtra,West,Sports,Fitness,Fitness Product 19,5.0,1799.31,0.1,430.65
ORD104803,2024-09-14,CUST1003,Sneha Joshi,Agra,West Bengal,North,Sports,Fitness,Fitness Product 7,3.0,2489.76,0.2,2.27
ORD102025,2025-03-02,CUST1825,Arjun Kumar,Ahmedabad,Tamil Nadu,West,Home & Kitchen,Bedding,Bedding Product 27,4.0,11642.38,0.1,1913.39
ORD101413,2025-04-10,CUST1213,Arjun Kumar,Jaipur,Rajasthan,West,Home & Kitchen,Decor,Decor Product 20,7.0,2161.87,0.05,352.63
ORD102741,2024-07-01,CUST1341,Priya Gupta,Bengaluru,Tamil Nadu,North,Home & Kitchen,Appliances,Appliances Product 5,3.0,1015.06,0.1,55.9
ORD103519,2025-05-08,CUST2119,Anjali Mehta,Kolkata,Gujarat,North,Clothing,Footwear,Footwear Product 17,5.0,1132.59,0.1,45.35
ORD102647,2024-10-07,CUST1247,Sneha Joshi,Agra,West Bengal,North,Clothing,Footwear,Footwear Product 21,5.0,1792.21,0.0,458.1
ORD103316,2024-11-06,CUST1916,Rahul Singh,Jaipur,Uttar Pradesh,East,Furniture,Beds,Beds Product 14,2.0,3130.34,0.4,-273.89
ORD101878,2024-06-07,CUST1678,Vikas Yadav,Chennai,West Bengal,North,Clothing,Footwear,Footwear Product 28,1.0,1980.82,0.0,326.26
ORD104148,2024-06-01,CUST1548,Anjali Mehta,Delhi,Tamil Nadu,East,Electronics,Laptops,,4.0,1614.86,0.2,214.07
ORD102698,2025-06-19,CUST1298,Vikas Yadav,Kolkata,Karnataka,West,Electronics,Laptops,Laptops Product 11,4.0,1575.03,0.0,268.38
ORD103937,2024-12-22,CUST1337,Priya Gupta,Mumbai,Delhi,West,Furniture,Tables,Tables Product 4,1.0,741.87,0.4,69.03
ORD100877,2024-12-30,CUST1877,Rohit Agarwal,Jaipur,Tamil Nadu,South,Furniture,Storage,Storage Product 7,7.0,1436.89,0.4,209.43
ORD103046,2024-02-16,CUST1646,Priya Gupta,Delhi,Rajasthan,North,Clothing,Kids,Kids Product 20,3.0,2031.69,0.1,333.94
ORD102111,2025-09-10,CUST1911,Anjali Mehta,Agra,Gujarat,South,Furniture,Tables,Tables Product 13,4.0,1106.68,0.05,82.72
ORD104280,2024-12-03,CUST1680,Aman Sharma,Jaipur,Gujarat,East,Electronics,Audio,Audio Product 8,7.0,983.3,0.1,89.49
ORD102778,2025-06-30,CUST1378,Vikas Yadav,Agra,Delhi,North,Sports,Fitness,Fitness Product 15,4.0,2316.37,0.05,325.22
ORD102758,2025-12-10,CUST1358,Rohit Agarwal,Agra,West Bengal,West,Home & Kitchen,Bedding,Bedding Product 2,2.0,1701.37,0.4,-13.34
ORD100100,2024-12-09,CUST1100,Aman Sharma,Bengaluru,Uttar Pradesh,North,Furniture,Tables,Tables Product 13,7.0,913.81,0.0,123.65
ORD102881,2025-09-01,CUST1481,Neha Verma,Kolkata,Maharashtra,South,Furniture,Chairs,Chairs Product 24,2.0,2217.91,0.15,90.01
ORD100977,2024-05-19,CUST1977,Rohit Agarwal,Ahmedabad,Gujarat,South,Home & Kitchen,Decor,Decor Product 26,2.0,1114.91,0.15,274.43
ORD103832,2025-02-15,CUST1232,Arjun Kumar,Kolkata,West Bengal,North,Sports,Outdoor,Outdoor Product 12,4.0,1565.26,0.15,318.46
ORD103105,2025-12-18,CUST1705,Neha Verma,Jaipur,Delhi,West,Furniture,Beds,Beds Product 29,5.0,1811.69,0.15,290.67
ORD100501,2025-11-21,CUST1501,Vikas Yadav,Delhi,Tamil Nadu,West,Home & Kitchen,Appliances,Appliances Product 26,3.0,667.2,0.1,97.07
ORD101115,2025-11-13,CUST2115,Anjali Mehta,Kolkata,Rajasthan,South,Clothing,Footwear,Footwear Product 17,5.0,614.12,0.3,-7.01
ORD100584,2024-02-08,CUST1584,Arjun Kumar,Agra,Uttar Pradesh,East,Furniture,Tables,Tables Product 1,6.0,1393.99,0.4,-98.5
ORD101438,2025-01-06,CUST1238,Pooja Singh,Kolkata,Uttar Pradesh,North,Clothing,Kids,Kids Product 3,2.0,4080.39,0.0,962.38
ORD102600,2024-08-20,CUST1200,Anjali Mehta,Agra,Gujarat,East,Sports,Cricket,Cricket Product 15,5.0,2112.99,0.3,275.16
ORD102414,2025-02-03,CUST1014,Neha Verma,Bengaluru,West Bengal,West,Clothing,Footwear,Footwear Product 23,2.0,4234.25,0.0,635.19
ORD104945,2024-09-12,CUST1145,Vikas Yadav,Delhi,Karnataka,West,Home & Kitchen,Decor,Decor Product 9,3.0,1425.1,0.1,337.22
ORD100711,2025-06-30,CUST1711,Arjun Kumar,Jaipur,West Bengal,North,Furniture,Chairs,Chairs Product 20,4.0,1606.26,0.2,204.48
ORD104034,2024-12-19,CUST1434,Rohit Agarwal,Kolkata,Karnataka,North,Electronics,Phones,Phones Product 27,6.0,2034.27,0.1,517.36
ORD100538,2024-07-10,CUST1538,Vikas Yadav,Bengaluru,Gujarat,East,Home & Kitchen,Bedding,Bedding Product 28,1.0,2274.58,0.05,617.92
ORD101052,2025-10-07,CUST2052,Priya Gupta,Agra,Karnataka,West,Clothing,Kids,Kids Product 12,3.0,1528.11,0.1,100.38
ORD100848,2024-03-13,CUST1848,Rohit Agarwal,Chennai,Uttar Pradesh,West,Home & Kitchen,Cookware,Cookware Product 6,5.0,-177.8,0.2,17.99
ORD101595,2024-02-09,CUST1395,Vikas Yadav,Chennai,Uttar Pradesh,East,Sports,Cycling,Cycling Product 22,3.0,2540.28,0.1,655.68
ORD104239,2025-04-08,CUST1639,Aman Sharma,Jaipur,Uttar Pradesh,South,Home & Kitchen,Decor,Decor Product 14,2.0,592.14,0.1,59.38
ORD103350,2025-11-02,CUST1950,Priya Gupta,Mumbai,West Bengal,South,Furniture,Tables,Tables Product 11,7.0,1250.34,0.15,129.31
ORD102144,2024-04-17,CUST1944,Arjun Kumar,Kolkata,Karnataka,West,Furniture,Storage,Storage Product 20,6.0,,0.15,149.13
ORD104105,2025-01-18,CUST1505,Vikas Yadav,Mumbai,Uttar Pradesh,South,Furniture,Chairs,,5.0,3823.27,0.1,598.98
ORD100705,2025-05-16,CUST1705,Priya Gupta,Delhi,Delhi,South,Furniture,Storage,Storage Product 16,7.0,1744.32,0.15,391.44
ORD104044,2024-04-18,CUST1444,Rohit Agarwal,Mumbai,Delhi,North,Home & Kitchen,Appliances,Appliances Product 15,3.0,439.99,0.0,95.77
ORD100457,2024-09-03,CUST1457,Arjun Kumar,Delhi,Gujarat,North,Clothing,Footwear,Footwear Product 21,6.0,4715.11,0.1,145.11
ORD101375,2024-10-22,CUST1175,Neha Verma,Mumbai,Uttar Pradesh,North,Electronics,Audio,Audio Product 20,5.0,709.36,0.0,186.62
ORD103032,2024-03-15,CUST1632,Rahul Singh,Mumbai,,East,Electronics,Laptops,Laptops Product 7,1.0,2144.96,0.15,93.33
ORD102092,2025-03-25,CUST1892,Pooja Singh,Jaipur,Karnataka,East,Home & Kitchen,Bedding,Bedding Product 1,2.0,2672.6,0.2,257.94
ORD102509,2025-02-19,CUST1109,Pooja Singh,Jaipur,Rajasthan,South,Sports,Cycling,Cycling Product 2,4.0,983.98,0.1,243.66
ORD104440,2025-09-10,CUST1840,Neha Verma,Kolkata,Tamil Nadu,West,Home & Kitchen,Appliances,Appliances Product 20,6.0,1065.74,0.3,58.56
ORD103560,2024-07-06,CUST2160,Rohit Agarwal,Mumbai,Karnataka,North,Home & Kitchen,Cookware,Cookware Product 18,7.0,898.53,0.0,98.7
ORD103014,2025-12-25,CUST1614,Pooja Singh,Chennai,Karnataka,West,Home & Kitchen,Appliances,,5.0,816.68,0.0,108.02
ORD100279,2024-07-26,CUST1279,Arjun Kumar,Jaipur,Tamil Nadu,West,Electronics,Accessories,Accessories Product 1,5.0,864.25,0.2,160.06
ORD100230,2024-07-02,CUST1230,Rahul Singh,Jaipur,Rajasthan,North,Furniture,Chairs,Chairs Product 18,3.0,351.5,0.3,32.56
ORD102224,2025-11-30,CUST2024,Rahul Singh,Jaipur,West Bengal,East,Electronics,Audio,Audio Product 16,1.0,1151.97,0.1,292.63
ORD104933,2025-10-01,CUST1133,Rahul Singh,Ahmedabad,Uttar Pradesh,South,Clothing,Men,Men Product 11,1.0,710.19,0.05,153.9
ORD100642,2025-09-29,CUST1642,Neha Verma,Ahmedabad,Karnataka,North,Home & Kitchen,Cookware,Cookware Product 30,3.0,284.38,0.15,34.07
ORD100422,2024-07-14,CUST1422,Rahul Singh,chennai,Karnataka,West,Electronics,Laptops,Laptops Product 14,3.0,1539.54,0.05,236.28
ORD101361,2025-07-01,CUST1161,Priya Gupta,Chennai,Delhi,West,Home & Kitchen,Bedding,Bedding Product 16,3.0,733.47,0.0,77.6
ORD101849,2025-06-20,CUST1649,,Jaipur,Uttar Pradesh,North,Sports,Outdoor,Outdoor Product 13,6.0,1166.33,0.0,90.66
ORD103075,2025-02-10,CUST1675,Neha Verma,Ahmedabad,Uttar Pradesh,East,Electronics,Phones,Phones Product 29,3.0,500.08,0.0,142.83
ORD104953,2025-09-22,CUST1153,Anjali Mehta,Ahmedabad,Gujarat,West,Home & Kitchen,Decor,Decor Product 17,2.0,237.39,0.15,2.8
ORD101652,2025-02-17,CUST1452,Vikas Yadav,Ahmedabad,Maharashtra,North,Electronics,Audio,Audio Product 1,3.0,1133.4,0.0,248.27
ORD102377,2024-01-12,CUST2177,Priya Gupta,Bengaluru,Delhi,West,Clothing,Men,Men Product 18,7.0,2250.25,0.0,384.1
ORD103725,2024-07-28,CUST1125,Rahul Singh,Kolkata,Maharashtra,West,Furniture,Beds,Beds Product 4,4.0,3710.58,0.4,-277.89
ORD100810,2024-02-22,CUST1810,Priya Gupta,Ahmedabad,Delhi,West,Clothing,Men,Men Product 18,3.0,1364.44,0.1,256.91
ORD104629,2024-03-13,CUST2029,Rahul Singh,Kolkata,West Bengal,North,Sports,Cycling,Cycling Product 14,2.0,5163.67,0.1,1143.55
ORD101477,2024-01-29,CUST1277,Vikas Yadav,jaipur,Gujarat,South,Clothing,Men,Men Product 6,6.0,967.15,0.15,42.51
ORD103116,2025-04-09,CUST1716,Sneha Joshi,Jaipur,West Bengal,West,Home & Kitchen,Appliances,,4.0,781.5,0.0,232.86
ORD102954,2025-07-07,CUST1554,Pooja Singh,Agra,Gujarat,South,Sports,Cricket,Cricket Product 4,2.0,2319.03,0.2,436.83
ORD104753,2025-01-30,CUST2153,Priya Gupta,Mumbai,Maharashtra,South,Furniture,Storage,Storage Product 13,6.0,1651.19,0.0,433.7
ORD102815,2024-06-30,CUST1415,Priya Gupta,Chennai,West Bengal,West,Furniture,Storage,Storage Product 27,4.0,1847.72,0.3,260.55
ORD104139,2025-06-04,CUST1539,Neha Verma,Mumbai,Delhi,West,Home & Kitchen,Cookware,Cookware Product 10,1.0,3497.66,0.15,233.9
ORD101041,23/01/2024,CUST2041,Vikas Yadav,Ahmedabad,West Bengal,North,Clothing,Kids,Kids Product 19,7.0,370.32,0.0,89.72
ORD101220,2025-01-14,CUST1020,Rohit Agarwal,Delhi,West Bengal,North,Furniture,Beds,Beds Product 22,3.0,1740.19,0.2,-23.09
ORD101103,2025-12-12,CUST2103,Anjali Mehta,Mumbai,Karnataka,South,Home & Kitchen,Decor,Decor Product 16,7.0,4278.04,0.15,43.12
ORD103966,2025-08-18,CUST1366,Pooja Singh,Kolkata,West Bengal,North,Furniture,Tables,Tables Product 11,5.0,1357.79,0.1,105.27
ORD103410,2024-03-27,CUST2010,Vikas Yadav,Delhi,Rajasthan,East,Clothing,Kids,Kids Product 2,6.0,565.87,0.1,85.56
ORD101149,2025-07-28,CUST2149,Vikas Yadav,Mumbai,Delhi,North,Home & Kitchen,Appliances,Appliances Product 29,2.0,2376.62,0.05,255.42
ORD104006,2025-08-28,CUST1406,Vikas Yadav,Jaipur,Uttar Pradesh,West,Home & Kitchen,Decor,Decor Product 16,7.0,840.95,0.15,93.54
ORD102080,2025-08-27,CUST1880,Neha Verma,Agra,Maharashtra,East,Furniture,Chairs,Chairs Product 29,3.0,844.29,0.2,135.16
ORD102221,2024-06-15,CUST2021,Rahul Singh,Delhi,West Bengal,East,Furniture,Chairs,Chairs Product 8,1.0,722.19,,51.97
ORD100149,2025-10-16,CUST1149,Rohit Agarwal,Kolkata,Gujarat,West,Electronics,Phones,Phones Product 16,7.0,1328.92,0.0,228.95
ORD102605,2025-09-29,CUST1205,Pooja Singh,Chennai,Tamil Nadu,East,Clothing,Women,Women Product 2,7.0,507.58,0.2,18.83
ORD102644,2024-01-30,CUST1244,Pooja Singh,Ahmedabad,Uttar Pradesh,East,Sports,,Fitness Product 26,2.0,2156.98,0.1,102.49
ORD101732,2025-06-22,CUST1532,Sneha Joshi,Mumbai,Uttar Pradesh,East,Furniture,Chairs,Chairs Product 1,7.0,3294.97,0.15,361.77
ORD102746,2025-09-19,CUST1346,Neha Verma,Mumbai,Delhi,North,Furniture,Beds,Beds Product 10,3.0,1339.88,0.2,200.45
ORD100683,2025-07-19,CUST1683,Neha Verma,Chennai,West Bengal,East,Electronics,Phones,Phones Product 4,5.0,3114.7,0.0,630.41
ORD103681,2025-09-03,CUST1081,Anjali Mehta,Bengaluru,Delhi,West,Clothing,Footwear,,7.0,3341.9,0.2,349.88
ORD100012,2025-04-03,CUST1012,Anjali Mehta,Chennai,Karnataka,North,Electronics,Audio,Audio Product 18,4.0,903.02,0.1,96.57
ORD100553,2024-03-02,CUST1553,Rohit Agarwal,Kolkata,Uttar Pradesh,East,Home & Kitchen,Appliances,Appliances Product 12,7.0,1599.09,0.15,5.55
ORD103303,2025-10-28,CUST1903,Rahul Singh,Agra,Delhi,West,Sports,Fitness,Fitness Product 1,6.0,2804.44,0.15,588.76
ORD103203,2025-12-30,CUST1803,Rohit Agarwal,Bengaluru,Tamil Nadu,South,Home & Kitchen,Appliances,Appliances Product 16,5.0,1982.57,0.1,354.34
ORD103259,2025-03-20,CUST1859,Neha Verma,Bengaluru,Uttar Pradesh,East,Furniture,Storage,Storage Product 29,4.0,1365.62,0.2,58.28
ORD104888,2024-12-08,CUST1088,Vikas Yadav,Kolkata,Delhi,West,Home & Kitchen,Appliances,Appliances Product 29,2.0,3550.7,0.1,301.09
ORD104638,2025-09-21,CUST2038,Neha Verma,Mumbai,Uttar Pradesh,East,Sports,Outdoor,Outdoor Product 11,6.0,4016.84,0.2,821.23
ORD101434,2025-12-27,CUST1234,Arjun Kumar,Jaipur,Karnataka,South,Furniture,Chairs,Chairs Product 24,5.0,1117.53,0.3,114.11
ORD103678,2025-11-04,CUST1078,Priya Gupta,Chennai,Delhi,West,Home & Kitchen,Bedding,Bedding Product 14,2.0,1624.15,0.05,433.51
ORD102822,2025-11-26,CUST1422,Aman Sharma,Kolkata,Maharashtra,East,Home & Kitchen,Bedding,Bedding Product 26,6.0,1475.6,0.2,-29.01
ORD102629,2024-03-28,CUST1229,Vikas Yadav,Delhi,Maharashtra,East, Furniture ,Storage,Storage Product 30,7.0,360.93,0.2,47.46
ORD101699,2024-04-08,CUST1499,Anjali Mehta,Kolkata,Gujarat,East,Furniture,Chairs,Chairs Product 28,6.0,5037.42,0.15,680.3
ORD100468,2024-04-03,CUST1468,Rahul Singh,Bengaluru,Uttar Pradesh,,Clothing,Kids,Kids Product 12,4.0,1104.12,0.2,-2.2
ORD104204,2024-11-10,CUST1604,Sneha Joshi,Jaipur,Karnataka,West,Furniture,Beds,Beds Product 11,7.0,2584.92,0.2,203.23
ORD100486,2025-03-17,CUST1486,Pooja Singh,Agra,Rajasthan,North,Clothing,Footwear,Footwear Product 21,2.0,1135.89,0.15,34.06
ORD104734,2024-02-23,CUST2134,Rohit Agarwal,Delhi,West Bengal,South,Home & Kitchen,Cookware,Cookware Product 26,2.0,545.36,0.0,158.61
ORD103553,2024-10-18,CUST2153,Aman Sharma,Chennai,Rajasthan,West,Furniture,Storage,Storage Product 28,4.0,,0.0,130.73
ORD100589,2025-02-01,CUST1589,Pooja Singh,Ahmedabad,Gujarat,West,Electronics,Phones,Phones Product 20,7.0,647.04,0.15,149.2
ORD102114,2024-05-03,CUST1914,Vikas Yadav,Kolkata,Tamil Nadu,South,Clothing,Men,Men Product 23,1.0,2362.71,0.15,349.1
ORD104436,2025-12-21,CUST1836,Aman Sharma,Kolkata,West Bengal,East,Home & Kitchen,Decor,Decor Product 23,3.0,2048.66,0.1,85.44
ORD101197,2024-10-31,CUST2197,Neha Verma,Agra,Gujarat,West,Sports,Fitness,Fitness Product 21,1.0,1599.74,0.05,105.59
ORD104755,2025-10-19,CUST2155,Sneha Joshi,Agra,Delhi,North,Sports,Fitness,Fitness Product 12,1.0,765.28,0.15,98.23
ORD102462,2025-11-02,CUST1062,Vikas Yadav,Kolkata,Maharashtra,North,Home & Kitchen,Decor,Decor Product 9,3.0,2063.68,0.1,497.67
ORD103655,2024-03-15,CUST1055,Vikas Yadav,Mumbai,Gujarat,South,Home & Kitchen,Cookware,Cookware Product 18,1.0,1018.97,0.05,237.88
ORD101491,2025-11-19,CUST1291,Neha Verma,Bengaluru,Tamil Nadu,East, Sports ,Cricket,Cricket Product 15,4.0,850.78,0.0,216.21
ORD102438,2025-03-30,CUST1038,Sneha Joshi,Mumbai,Gujarat,West,Clothing,Kids,Kids Product 25,6.0,5737.88,0.0,970.35
ORD102721,2024-06-10,CUST1321,Rahul Singh,Chennai,Delhi,South,Clothing,Women,Women Product 20,4.0,497.15,0.4,-17.21
ORD101703,2024-09-27,CUST1503,Vikas Yadav,Jaipur,Delhi,South,Home & Kitchen,Appliances,Appliances Product 14,2.0,2232.19,0.4,15.88
ORD103196,2024-03-27,CUST1796,Anjali Mehta,Mumbai,Tamil Nadu,North,Furniture,Chairs,Chairs Product 20,4.0,362.64,0.15,61.25
ORD104378,2025-11-20,CUST1778,Rahul Singh,Bengaluru,Uttar Pradesh,South,Sports,Cricket,Cricket Product 1,5.0,1322.19,0.1,282.2
ORD104667,2025-07-10,CUST2067,Priya Gupta,Ahmedabad,Karnataka,North,Home & Kitchen,Bedding,Bedding Product 29,4.0,2084.12,0.05,568.52
ORD100132,2024-01-05,CUST1132,Priya Gupta,Mumbai,Uttar Pradesh,North,Furniture,Tables,Tables Product 15,3.0,893.95,0.2,123.33
ORD104550,2025-10-07,CUST1950,Anjali Mehta,Bengaluru,West Bengal,South,Sports,Cricket,Cricket Product 16,5.0,1743.75,0.3,60.61
ORD101767,2025-12-17,CUST1567,Arjun Kumar,Mumbai,Uttar Pradesh,North,Furniture,Chairs,Chairs Product 9,1.0,2199.79,0.05,99.47
ORD104395,2024-07-30,CUST1795,Aman Sharma,Chennai,Karnataka,North,Electronics,Laptops,Laptops Product 26,7.0,1380.73,,-9.93
ORD101135,2025-02-23,CUST2135,Anjali Mehta,Delhi,Gujarat,North,Furniture,Tables,Tables Product 17,1.0,784.38,0.15,104.8
ORD104639,2024-07-17,CUST2039,Anjali Mehta,Agra,Karnataka,East,Sports,Fitness,Fitness Product 6,5.0,4420.98,0.0,355.17
ORD104724,2025-12-27,CUST2124,Aman Sharma,Ahmedabad,Maharashtra,North,Clothing,Footwear,Footwear Product 26,4.0,2455.2,,553.15
ORD101144,2024-07-20,CUST2144,Rohit Agarwal,Delhi,Delhi,South,Furniture,Tables,Tables Product 9,5.0,1782.29,0.2,226.36
ORD100287,2025-08-09,CUST1287,Priya Gupta,Chennai,Rajasthan,North,Furniture,Chairs,Chairs Product 9,3.0,1591.07,0.0,165.86
ORD100803,2024-05-17,CUST1803,Vikas Yadav,Bengaluru,Maharashtra,South,Home & Kitchen,Cookware,Cookware Product 14,6.0,2436.1,0.0,365.22
ORD103167,2024-11-27,CUST1767,Anjali Mehta,Kolkata,Gujarat,West,Home & Kitchen,Cookware,Cookware Product 17,4.0,909.56,0.0,266.81
ORD100501,2025-11-21,CUST1501,Vikas Yadav,Delhi,Tamil Nadu,West,Home & Kitchen,Appliances,Appliances Product 26,3.0,667.2,0.1,97.07
ORD101420,2024-02-16,CUST1220,Neha Verma,Delhi,Rajasthan,East,Sports,Cycling,Cycling Product 24,2.0,1468.04,0.0,210.46
ORD103021,2024-06-04,CUST1621,Vikas Yadav,Agra,West Bengal,North,Furniture,Beds,Beds Product 23,4.0,1880.67,0.4,217.83
ORD101670,2025-06-07,CUST1470,Neha Verma,Jaipur,Karnataka,West,Furniture,Storage,Storage Product 14,2.0,3006.32,0.0,257.77
ORD102855,2025-01-18,CUST1455,Arjun Kumar,Ahmedabad,Karnataka,East,Furniture,Beds,Beds Product 1,3.0,2919.75,0.3,-56.33
ORD103838,2025-05-30,CUST1238,Aman Sharma,Jaipur,Karnataka,East,Electronics,Accessories,Accessories Product 26,3.0,983.72,0.1,17.27
ORD102687,2024-01-20,CUST1287,Rohit Agarwal,Delhi,Rajasthan,South,Furniture,Beds,Beds Product 9,5.0,1221.45,,67.66
ORD102960,2024-09-15,CUST1560,Vikas Yadav,Kolkata,West Bengal,East,Home & Kitchen,Cookware,Cookware Product 5,2.0,1272.88,0.0,306.91
ORD101427,2025-01-25,CUST1227,Vikas Yadav,Delhi,Tamil Nadu,South,Electronics,Accessories,Accessories Product 9,5.0,1580.99,0.1,186.18
ORD104141,2025-04-24,CUST1541,Neha Verma,Bengaluru,Tamil Nadu,West,Electronics,Audio,Audio Product 30,5.0,1680.48,0.1,160.73
ORD103094,2025-09-05,CUST1694,Rahul Singh,Chennai,Uttar Pradesh,West,Sports,Cricket,Cricket Product 26,4.0,1179.62,0.2,57.45
ORD101872,2025-03-20,CUST1672,Sneha Joshi,Ahmedabad,Tamil Nadu,North,Home & Kitchen,Cookware,Cookware Product 8,7.0,1748.3,0.05,284.11
ORD102792,2025-10-02,CUST1392,Priya Gupta,Agra,West Bengal,West,Clothing,Footwear,Footwear Product 2,5.0,1977.28,0.3,84.44
ORD100472,2025-04-18,CUST1472,Neha Verma,Agra,Maharashtra,West,Clothing,Women,Women Product 1,,1195.78,0.15,144.96
ORD103277,2025-11-03,CUST1877,Neha Verma,Chennai,Uttar Pradesh,North,Electronics,Phones,Phones Product 26,7.0,1697.53,0.0,306.38
ORD104912,2024-07-25,CUST1112,Aman Sharma,Chennai,Tamil Nadu,West,Home & Kitchen,Bedding,Bedding Product 15,1.0,448.34,0.3,17.35
ORD101235,2024-02-20,CUST1035,Pooja Singh,Mumbai,Karnataka,South,Furniture,Chairs,Chairs Product 19,1.0,378.86,0.05,23.52
ORD101617,2025-11-30,CUST1417,Rohit Agarwal,Agra,Gujarat,North,Furniture,Tables,Tables Product 30,5.0,2274.9,0.4,-72.49
ORD100414,2025-03-19,CUST1414,Neha Verma,Jaipur,Maharashtra,South,Sports,Cycling,Cycling Product 7,2.0,3251.98,0.1,349.91
ORD103679,2025-03-03,CUST1079,Arjun Kumar,Delhi,Rajasthan,North,Sports,Cricket,Cricket Product 27,5.0,1521.44,0.15,148.25
ORD103398,2025-07-16,CUST1998,Pooja Singh,Bengaluru,Delhi,North,Home & Kitchen,Appliances,Appliances Product 1,1.0,2166.9,0.4,-155.74
ORD100393,2025-02-03,CUST1393,Anjali Mehta,Ahmedabad,Delhi,North,Sports,Outdoor,Outdoor Product 9,6.0,3997.31,0.15,638.5
ORD103535,2025-11-11,CUST2135,Vikas Yadav,Ahmedabad,Maharashtra,North,Clothing,Men,Men Product 11,5.0,2688.42,0.1,329.84
ORD103739,2024-09-19,CUST1139,Neha Verma,Kolkata,West Bengal,East,Home & Kitchen,Bedding,Bedding Product 4,4.0,3386.59,0.15,797.27
ORD104541,2025-05-09,CUST1941,Anjali Mehta,Agra,Rajasthan,East,Furniture,Beds,Beds Product 8,3.0,843.37,0.05,190.4
ORD104594,2024-05-20,CUST1994,Vikas Yadav,Delhi,Gujarat,West,Clothing,Kids,Kids Product 23,5.0,1471.31,0.1,267.11
ORD100859,2024-12-02,CUST1859,Anjali Mehta,Mumbai,Rajasthan,South,Furniture,Beds,Beds Product 26,7.0,778.25,0.0,230.07
ORD104166,2025-05-23,CUST1566,Pooja Singh,Bengaluru,West Bengal,South,Electronics,Audio,Audio Product 20,1.0,1921.38,0.4,-96.72
ORD104913,2024-10-22,CUST1113,Vikas Yadav,Mumbai,Gujarat,North,Electronics,Phones,Phones Product 3,2.0,696.69,0.1,179.08
ORD101672,2025-12-05,CUST1472,Anjali Mehta,Delhi,Uttar Pradesh,North,Electronics,Accessories,Accessories Product 19,6.0,1087.33,0.15,26.53
ORD102574,2024-12-16,CUST1174,Arjun Kumar,Jaipur,Uttar Pradesh,West,Electronics,Laptops,Laptops Product 13,4.0,-261.16,0.0,333.74
ORD103784,2024-06-04,CUST1184,Neha Verma,Kolkata,West Bengal,South,Sports,Cricket,Cricket Product 16,4.0,1243.98,0.1,307.44
ORD104876,2024-01-14,CUST1076,Priya Gupta,Kolkata,Maharashtra,North,Electronics,Phones,Phones Product 22,6.0,1042.0,0.2,181.64
ORD104407,2024-03-09,CUST1807,Sneha Joshi,chennai,Rajasthan,North,Clothing,Kids,Kids Product 11,1.0,1045.04,0.4,-67.57
ORD103929,2024-09-08,CUST1329,Neha Verma,Bengaluru,Gujarat,East,Electronics,Accessories,Accessories Product 20,5.0,1752.47,0.4,-36.67
ORD103703,2025-06-06,CUST1103,Aman Sharma,Mumbai,Uttar Pradesh,East,Electronics,Phones,Phones Product 30,6.0,1285.48,0.3,79.95
ORD104365,2024-03-23,CUST1765,Aman Sharma,Agra,Delhi,North,Furniture,Storage,Storage Product 27,5.0,628.48,0.3,20.75
ORD103161,2024-03-05,CUST1761,Aman Sharma,Bengaluru,Maharashtra,North,Electronics,Accessories,Accessories Product 22,3.0,451.95,0.15,69.93
ORD101918,2025-07-06,CUST1718,Pooja Singh,Ahmedabad,Uttar Pradesh,South,Home & Kitchen,Bedding,Bedding Product 16,3.0,654.33,0.1,164.72
ORD104313,2024-01-22,CUST1713,Aman Sharma,Delhi,Uttar Pradesh,East,Home & Kitchen,Cookware,Cookware Product 23,2.0,804.65,0.1,97.18
ORD104651,2025-03-10,CUST2051,Pooja Singh,Kolkata,West Bengal,,Clothing,Footwear,Footwear Product 3,6.0,645.34,0.15,15.73
ORD102464,2025-04-09,CUST1064,Aman Sharma,Jaipur,Uttar Pradesh,East,Clothing,Footwear,Footwear Product 4,1.0,861.42,0.15,81.72
ORD102267,2025-10-23,CUST2067,Priya Gupta,Jaipur,Maharashtra,West,Electronics,Audio,Audio Product 13,4.0,1296.37,0.1,125.01
ORD101803,2025-08-11,CUST1603,Rahul Singh,,Karnataka,West,Home & Kitchen,Decor,Decor Product 19,4.0,350.92,0.1,22.27
ORD103585,2024-05-02,CUST2185,Anjali Mehta,Chennai,Maharashtra,North,Home & Kitchen,Appliances,Appliances Product 22,3.0,1317.73,0.15,96.05
ORD104892,2024-06-30,CUST1092,Arjun Kumar,Bengaluru,Karnataka,South,Clothing,Men,Men Product 26,6.0,1540.06,0.0,213.47
ORD102820,2025-07-09,CUST1420,Priya Gupta,Delhi,Rajasthan,South,Home & Kitchen,Cookware,Cookware Product 4,3.0,607.46,0.4,29.94
ORD100290,2025-02-25,CUST1290,Rahul Singh,Chennai,West Bengal,South,Electronics,Phones,Phones Product 28,3.0,2644.73,0.15,265.29
ORD101096,2024-10-09,CUST2096,Priya Gupta,Kolkata,Gujarat,South,Home & Kitchen,Decor,Decor Product 29,4.0,684.0,0.1,150.7
ORD100471,2024-08-05,CUST1471,Aman Sharma,Kolkata,Karnataka,West,Sports,Cycling,Cycling Product 30,1.0,1791.99,0.2,335.83
ORD100252,2025-12-11,CUST1252,Vikas Yadav,Agra,Rajasthan,East,Sports,Outdoor,Outdoor Product 22,2.0,2324.68,0.4,-77.07
ORD101084,2024-06-05,CUST2084,Aman Sharma,Delhi,Gujarat,North,Furniture,Storage,Storage Product 1,1.0,447.18,0.0,22.88
ORD104030,2024-04-14,CUST1430,Pooja Singh,Delhi,Maharashtra,South,Home & Kitchen,Cookware,Cookware Product 25,6.0,854.97,0.1,84.11
ORD100350,2024-10-06,CUST1350,Pooja Singh,Bengaluru,Rajasthan,South,Clothing,Women,Women Product 10,3.0,2449.83,0.1,642.55
ORD102464,2025-04-09,CUST1064,Aman Sharma,Jaipur,Uttar Pradesh,East,Clothing,Footwear,Footwear Product 4,1.0,861.42,0.15,81.72
ORD102024,2024-08-05,CUST1824,Pooja Singh,Jaipur,Karnataka,South,Electronics,Accessories,Accessories Product 24,1.0,714.63,0.2,34.73
ORD101630,2024-03-22,CUST1430,Pooja Singh,Jaipur,Gujarat,South,Clothing,Footwear,Footwear Product 27,5.0,620.59,0.1,17.13
ORD102826,2025-03-16,CUST1426,Neha Verma,Mumbai,Delhi,East,Electronics,Phones,Phones Product 17,4.0,1400.0,0.3,43.2
ORD100090,2024-02-22,CUST1090,Pooja Singh,Chennai,Gujarat,East,Furniture,Storage,Storage Product 22,2.0,1177.97,0.15,218.78
ORD101611,2025-11-23,CUST1411,Pooja Singh,Jaipur,Tamil Nadu,North,Clothing,Men,Men Product 14,3.0,1888.2,0.2,196.55
ORD103931,2025-11-26,CUST1331,Priya Gupta,Ahmedabad,West Bengal,North,Home & Kitchen,Cookware,Cookware Product 25,5.0,1580.86,0.0,156.99
ORD102552,2024-08-10,CUST1152,Neha Verma,Chennai,Karnataka,South,Electronics,Audio,Audio Product 20,6.0,330.56,0.2,1.22
ORD103091,2025-02-27,CUST1691,Sneha Joshi,Chennai,Gujarat,North,Furniture,Beds,Beds Product 11,4.0,1855.4,0.1,465.6
ORD100026,2024-06-09,CUST1026,Sneha Joshi,Ahmedabad,Maharashtra,,Electronics,Laptops,Laptops Product 28,2.0,946.95,0.0,205.22
ORD100465,2024-08-07,CUST1465,Sneha Joshi,Jaipur,Tamil Nadu,North,Furniture,Chairs,Chairs Product 5,1.0,295.55,0.2,27.39
ORD104124,2024-02-16,CUST1524,Aman Sharma,Chennai,Gujarat,North,Home & Kitchen,Cookware,Cookware Product 23,5.0,1899.85,0.2,2.37
ORD100838,2025-02-08,CUST1838,Sneha Joshi,Kolkata,Uttar Pradesh,North,Electronics,Accessories,Accessories Product 20,5.0,1239.5,0.1,198.66
ORD102240,2024-03-10,CUST2040,Rohit Agarwal,Bengaluru,West Bengal,South,Furniture,Chairs,Chairs Product 7,5.0,1302.99,0.05,197.29
ORD104010,2024-12-24,CUST1410,Aman Sharma,Chennai,Maharashtra,North,Home & Kitchen,Cookware,Cookware Product 19,1.0,1465.08,0.15,170.74
ORD104446,2025-07-21,CUST1846,Rohit Agarwal,Mumbai,West Bengal,North,Electronics,Phones,Phones Product 29,2.0,1869.22,0.05,101.05
ORD104241,2024-04-22,CUST1641,Aman Sharma,Jaipur,Gujarat,North,Sports,Cycling,Cycling Product 13,5.0,2628.72,0.0,759.57
ORD101433,2025-05-12,CUST1233,Rohit Agarwal,Mumbai,Gujarat,East,Home & Kitchen,Appliances,Appliances Product 12,6.0,1524.23,0.0,370.13
ORD103760,2025-07-18,CUST1160,Neha Verma,Ahmedabad,Gujarat,West,Electronics,Laptops,Laptops Product 1,1.0,1505.7,0.0,370.89
ORD100907,2025-01-28,CUST1907,Neha Verma,Mumbai,West Bengal,East,Electronics,Phones,Phones Product 15,6.0,951.63,0.05,39.3
ORD101739,2025-06-03,CUST1539,Rohit Agarwal,Chennai,West Bengal,North,Electronics,Laptops,Laptops Product 3,4.0,549.49,0.1,134.07
ORD101483,2025-03-15,CUST1283,Rahul Singh,delhi,Tamil Nadu,South,Electronics,Laptops,Laptops Product 11,4.0,904.28,0.0,172.65
ORD100926,2024-11-15,CUST1926,Pooja Singh,Bengaluru,Karnataka,South,Furniture,Storage,Storage Product 7,6.0,2057.28,0.15,95.29
ORD100254,2025-10-01,CUST1254,Priya Gupta,Bengaluru,Karnataka,East,Sports,Outdoor,Outdoor Product 20,4.0,2682.32,0.2,45.86
ORD103429,2025-01-13,CUST2029,Anjali Mehta,Bengaluru,Karnataka,North,Furniture,Beds,Beds Product 15,7.0,677.19,0.0,155.97
ORD104286,2025-07-27,CUST1686,Rahul Singh,Jaipur,Gujarat,West,Electronics,Laptops,Laptops Product 28,1.0,1096.87,0.2,-11.07
ORD103807,2025-12-20,CUST1207,Rohit Agarwal,Agra,Tamil Nadu,East,Electronics,Audio,Audio Product 22,5.0,1268.96,-0.1,305.97
ORD104718,2024-04-01,CUST2118,Neha Verma,Kolkata,Karnataka,East,Clothing,Men,Men Product 19,1.0,3155.09,0.0,375.59
ORD102550,2024-08-07,CUST1150,Arjun Kumar,Ahmedabad,Tamil Nadu,South,Clothing,Footwear,Footwear Product 6,3.0,1025.43,0.2,195.41
ORD101874,2024-07-25,CUST1674,Neha Verma,Kolkata,Delhi,South,Clothing,Men,Men Product 26,4.0,971.68,,221.24
ORD103050,2024-05-03,CUST1650,Priya Gupta,Kolkata,West Bengal,East,Sports,Outdoor,Outdoor Product 11,5.0,328.79,0.0,62.41
ORD104872,2024-04-22,CUST1072,Arjun Kumar,Bengaluru,Gujarat,North,Home & Kitchen,Cookware,Cookware Product 30,3.0,1231.25,0.05,292.54
ORD103252,2025-09-11,CUST1852,Aman Sharma,Mumbai,Delhi,East,Sports,Fitness,Fitness Product 6,3.0,1279.64,0.1,300.38
ORD104679,2025-10-05,CUST2079,Aman Sharma,Jaipur,West Bengal,East,Electronics,Phones,Phones Product 12,6.0,1777.86,0.15,120.45
ORD100315,2025-11-18,CUST1315,Rahul Singh,Mumbai,West Bengal,East,Sports,Cricket,Cricket Product 9,5.0,1236.67,0.15,301.97
ORD101281,2025-12-14,CUST1081,Sneha Joshi,Agra,West Bengal,South,Home & Kitchen,Decor,Decor Product 16,7.0,3097.18,0.05,701.4
ORD103084,2025-12-02,CUST1684,Sneha Joshi,Mumbai,West Bengal,West,Furniture,Chairs,Chairs Product 12,7.0,1113.81,0.1,294.17
ORD101629,2025-07-04,CUST1429,Vikas Yadav,Delhi,Rajasthan,West,Furniture,Tables,Tables Product 23,4.0,3227.79,0.0,702.31
ORD104390,2024-09-04,CUST1790,Rohit Agarwal,Ahmedabad,Maharashtra,North,Sports,Cycling,Cycling Product 17,6.0,1664.15,0.15,0.35
ORD102124,2025-05-08,CUST1924,Sneha Joshi,Mumbai,Uttar Pradesh,South,Electronics,Accessories,Accessories Product 23,2.0,1807.23,0.05,386.31
ORD103169,2025-08-10,CUST1769,Vikas Yadav,Chennai,Tamil Nadu,South,Electronics,Phones,Phones Product 24,7.0,2010.3,0.0,264.26
ORD100069,2025-01-24,CUST1069,Arjun Kumar,Kolkata,Maharashtra,,Electronics,Phones,Phones Product 18,-2.0,2551.77,0.2,130.84
ORD102893,2025-11-09,CUST1493,Rohit Agarwal,Bengaluru,Tamil Nadu,South,Sports,Fitness,Fitness Product 8,5.0,1673.77,0.4,-43.05
ORD100746,2025-07-18,CUST1746,Rohit Agarwal,Kolkata,Tamil Nadu,East,Clothing,Footwear,Footwear Product 3,2.0,2203.72,0.4,206.13
ORD101684,2024-08-14,CUST1484,Vikas Yadav,Bengaluru,Tamil Nadu,West,Furniture,Tables,Tables Product 6,3.0,1215.4,0.2,212.65
ORD104618,2025-06-20,CUST2018,Rohit Agarwal,Ahmedabad,West Bengal,East,Clothing,Kids,Kids Product 18,2.0,1275.17,0.4,153.85
ORD104999,2025-05-30,CUST1199,Neha Verma,Kolkata,Gujarat,,Clothing,Footwear,Footwear Product 16,7.0,2503.99,0.2,-19.58
ORD103158,2025-04-26,CUST1758,Aman Sharma,Jaipur,Maharashtra,East,Home & Kitchen,Appliances,Appliances Product 19,6.0,1168.3,0.2,231.29
ORD100798,2025-06-25,CUST1798,Priya Gupta,Kolkata,Delhi,East,Electronics,Accessories,Accessories Product 13,2.0,1324.03,0.05,131.96
ORD102929,2024-08-14,CUST1529,Vikas Yadav,Bengaluru,Maharashtra,North,Electronics,Audio,Audio Product 28,2.0,777.51,0.15,12.07
ORD103972,2025-02-24,CUST1372,Pooja Singh,Mumbai,Maharashtra,South,Sports,Outdoor,Outdoor Product 2,7.0,1873.14,0.2,53.77
ORD101244,2024-04-29,CUST1044,Priya Gupta,Jaipur,Maharashtra,West,Home & Kitchen,Bedding,,1.0,1293.2,0.1,135.47
ORD103692,2025-04-15,CUST1092,Sneha Joshi,Delhi,Karnataka,West,Furniture,Chairs,Chairs Product 5,5.0,2113.96,0.4,126.64
ORD102630,2024-02-13,CUST1230,Arjun Kumar,Chennai,Karnataka,East,Clothing,Kids,Kids Product 10,7.0,1549.77,0.15,128.4
ORD102197,2024-08-13,CUST1997,,Delhi,Karnataka,West,Electronics,Audio,Audio Product 13,5.0,1498.27,0.0,166.05
ORD100491,2024-12-01,CUST1491,Rohit Agarwal,Mumbai,Karnataka,North,Furniture,Beds,Beds Product 9,1.0,3064.65,0.0,871.4
ORD100387,2025-05-20,CUST1387,Rahul Singh,Chennai,Rajasthan,West,Home & Kitchen,Decor,Decor Product 8,7.0,1841.39,0.1,
ORD102119,2024-05-20,CUST1919,Priya Gupta,Kolkata,West Bengal,East,Furniture,Tables,Tables Product 30,3.0,3031.14,0.15,599.97
ORD104299,2025-04-12,CUST1699,Pooja Singh,Bengaluru,Uttar Pradesh,North,Home & Kitchen,Bedding,Bedding Product 4,7.0,421.12,0.05,39.55
ORD101519,11/12/2025,CUST1319,Anjali Mehta,Bengaluru,Delhi,North,Furniture,Tables,Tables Product 6,5.0,528.71,0.1,42.24
ORD101212,2024-08-09,CUST1012,Priya Gupta,Jaipur,Karnataka,South,Electronics,Accessories,Accessories Product 23,7.0,4083.21,0.15,117.19
ORD104895,2024-09-16,CUST1095,Pooja Singh,Delhi,Maharashtra,West,Furniture,Tables,Tables Product 5,7.0,965.16,0.05,69.13
ORD100964,2025-01-26,CUST1964,Pooja Singh,Bengaluru,Delhi,North,Home & Kitchen,Appliances,Appliances Product 1,5.0,1020.8,0.15,163.57
ORD101391,2024-04-11,CUST1191,Aman Sharma,Delhi,Tamil Nadu,West,Furniture,Beds,Beds Product 23,2.0,1661.08,0.15,124.7
ORD100410,2024-10-31,CUST1410,Anjali Mehta,Chennai,,East,Electronics,Laptops,Laptops Product 11,2.0,1281.2,0.4,-112.71
ORD101943,2025-12-07,CUST1743,Arjun Kumar,Mumbai,Uttar Pradesh,West,Home & Kitchen,Cookware,Cookware Product 3,3.0,743.32,0.1,28.24
ORD100109,2025-11-05,CUST1109,Neha Verma,Mumbai,West Bengal,,Furniture,Beds,Beds Product 21,3.0,488.71,0.1,79.23
ORD104072,2025-01-01,CUST1472,Arjun Kumar,Bengaluru,Delhi,South,Furniture,Storage,Storage Product 20,2.0,1867.49,0.3,56.11
ORD104796,2024-12-31,CUST2196,Anjali Mehta,Kolkata,Uttar Pradesh,South,Electronics,Phones,Phones Product 20,6.0,1764.96,0.3,66.51
ORD103185,2024-12-13,CUST1785,Rohit Agarwal,Ahmedabad,Uttar Pradesh,East,Sports,Fitness,,6.0,1368.22,0.4,-121.99
ORD102638,2025-05-29,CUST1238,Rohit Agarwal,Agra,Rajasthan,West,Sports,Fitness,Fitness Product 25,3.0,966.86,0.15,109.36
ORD104423,2025-09-30,CUST1823,Rahul Singh,Ahmedabad,West Bengal,North,Home & Kitchen,Cookware,Cookware Product 12,3.0,4376.63,0.05,389.92
ORD102841,2025-10-27,CUST1441,Rahul Singh,Agra,,West,Clothing,Men,Men Product 9,2.0,3122.76,0.3,-155.75
ORD100505,2025-07-30,CUST1505,Rohit Agarwal,Bengaluru,West Bengal,North,Home & Kitchen,Appliances,Appliances Product 17,5.0,806.87,0.1,97.14
ORD102534,2024-07-29,CUST1134,Neha Verma,Delhi,Uttar Pradesh,South,Furniture,Chairs,Chairs Product 12,4.0,506.98,0.0,148.0
ORD104535,2025-11-07,CUST1935,Pooja Singh,Bengaluru,Maharashtra,North,Sports,Fitness,Fitness Product 7,4.0,2476.0,0.0,252.03
ORD101729,2024-09-27,CUST1529,Priya Gupta,Mumbai,Tamil Nadu,West,Electronics,Laptops,Laptops Product 28,4.0,2014.48,0.2,426.5
ORD100721,2024-01-05,CUST1721,Aman Sharma,Ahmedabad,West Bengal,North,Sports,Fitness,Fitness Product 9,5.0,2201.47,0.0,238.81
ORD102925,2024-09-10,CUST1525,Pooja Singh,Chennai,Uttar Pradesh,South,Furniture,Beds,Beds Product 17,-3.0,2238.13,0.2,406.1
ORD103698,2025-12-25,CUST1098,Aman Sharma,Delhi,Uttar Pradesh,West,Electronics,Accessories,Accessories Product 22,7.0,3189.34,0.1,613.32
ORD103263,2024-04-12,CUST1863,Priya Gupta,Ahmedabad,West Bengal,West,Sports,Cycling,Cycling Product 11,5.0,2541.35,0.1,646.78
ORD103910,2025-06-01,CUST1310,Neha Verma,Mumbai,Rajasthan,East,Clothing,Footwear,Footwear Product 20,7.0,1161.85,0.1,58.78
ORD104441,2024-10-21,CUST1841,,Bengaluru,West Bengal,West,Sports,Outdoor,Outdoor Product 28,3.0,1981.73,0.3,-67.63
ORD101545,2025-02-22,CUST1345,Rahul Singh,Ahmedabad,Tamil Nadu,South,Clothing,Kids,Kids Product 18,7.0,1877.49,0.3,344.8
ORD102894,2024-03-26,CUST1494,Rohit Agarwal,Bengaluru,Rajasthan,South,Home & Kitchen,Bedding,Bedding Product 10,4.0,1251.09,0.05,335.36
ORD104599,2025-03-08,CUST1999,,Agra,Gujarat,North,Electronics,Laptops,Laptops Product 26,2.0,1138.26,0.3,-43.27
ORD104161,2024-07-16,CUST1561,Pooja Singh,Chennai,Tamil Nadu,West,Sports,Cricket,Cricket Product 3,3.0,1389.65,0.1,114.98
ORD102291,2025-09-18,CUST2091,Rahul Singh,Kolkata,Delhi,South,Electronics,Phones,Phones Product 6,7.0,976.61,0.3,102.76
ORD103977,2024-06-04,CUST1377,Vikas Yadav,Delhi,Rajasthan,West,Home & Kitchen,Appliances,Appliances Product 12,5.0,817.88,0.15,164.78
ORD100177,2024-10-09,CUST1177,Rahul Singh,Jaipur,Maharashtra,North,Home & Kitchen,Decor,Decor Product 21,1.0,1546.61,0.2,222.31
ORD102939,2024-09-24,CUST1539,Aman Sharma,Bengaluru,Gujarat,West,Electronics,Audio,Audio Product 2,6.0,1617.97,0.15,372.61
ORD104896,2024-07-11,CUST1096,Rahul Singh,Jaipur,West Bengal,North,Clothing,Footwear,Footwear Product 27,2.0,11082.14,0.4,1162.0
ORD100080,2024-09-27,CUST1080,Sneha Joshi,Ahmedabad,West Bengal,South,Furniture,Chairs,Chairs Product 28,4.0,809.87,0.0,155.15
ORD102807,2025-02-17,CUST1407,Rahul Singh,Ahmedabad,Rajasthan,South,Electronics,Laptops,Laptops Product 19,7.0,606.37,0.15,3.22
ORD103520,2025-12-01,CUST2120,Sneha Joshi,Bengaluru,Karnataka,West,Home & Kitchen,Appliances,Appliances Product 10,4.0,2044.24,0.05,470.54
ORD101669,2024-01-17,CUST1469,Rohit Agarwal,Jaipur,Delhi,West,Clothing,Men,Men Product 21,1.0,1221.92,0.1,258.51
ORD104864,2025-11-25,CUST1064,Neha Verma,Agra,Rajasthan,West,Furniture,Chairs,Chairs Product 22,2.0,3508.81,0.1,737.41
ORD102366,2025-03-11,CUST2166,Rahul Singh,Delhi,Delhi,West,Clothing,Kids,Kids Product 8,2.0,311.52,0.05,31.82
ORD100927,2025-03-18,CUST1927,Vikas Yadav,Mumbai,Tamil Nadu,South,Furniture,Chairs,Chairs Product 4,5.0,1015.13,0.2,27.16
ORD100221,2024-02-22,CUST1221,Neha Verma,Delhi,West Bengal,North,Clothing,Kids,Kids Product 24,6.0,1103.81,0.0,318.84
ORD100093,2025-01-14,CUST1093,Sneha Joshi,Bengaluru,West Bengal,East,Clothing,Footwear,Footwear Product 8,5.0,1178.77,0.1,221.5
ORD102653,2024-07-04,CUST1253,Neha Verma,Chennai,West Bengal,West,Electronics,Accessories,Accessories Product 28,6.0,488.83,0.1,125.52
ORD101743,2025-07-15,CUST1543,Anjali Mehta,Ahmedabad,West Bengal,East,Electronics,Laptops,Laptops Product 9,1.0,653.02,0.15,143.03
ORD101047,2025-05-17,CUST2047,Rohit Agarwal,Kolkata,West Bengal,East,Electronics,Audio,Audio Product 2,7.0,1263.2,0.2,181.24
ORD100555,2025-12-29,CUST1555,Priya Gupta,Bengaluru,Maharashtra,North,Electronics,Accessories,Accessories Product 20,2.0,343.56,0.2,15.14
ORD101018,2024-12-14,CUST2018,Rohit Agarwal,Delhi,Uttar Pradesh,West,Furniture,Chairs,Chairs Product 1,3.0,785.74,0.15,1.43
ORD101345,2024-10-22,CUST1145,Sneha Joshi,Agra,Maharashtra,West,Clothing,Footwear,Footwear Product 19,5.0,1422.33,0.0,409.63
ORD104897,2025-10-16,CUST1097,Sneha Joshi,Ahmedabad,Gujarat,North,Electronics,Phones,Phones Product 8,5.0,1538.4,0.2,89.05
ORD102804,2025-12-25,CUST1404,Rohit Agarwal,Bengaluru,Karnataka,West,Electronics,Phones,Phones Product 13,7.0,2783.31,0.1,624.42
ORD101837,2024-07-26,CUST1637,Vikas Yadav,Chennai,Delhi,East,Electronics,Audio,Audio Product 29,6.0,828.86,0.0,196.59
ORD102776,2025-07-16,CUST1376,Priya Gupta,Chennai,Maharashtra,South,Furniture,Tables,Tables Product 16,1.0,1885.71,0.15,273.38
ORD104956,2025-08-29,CUST1156,Neha Verma,Agra,Rajasthan,East,Furniture,Beds,Beds Product 18,5.0,2302.59,0.4,26.86
ORD102436,2024-04-01,CUST1036,Rohit Agarwal,Mumbai,,West,Sports,Outdoor,Outdoor Product 24,6.0,1246.74,0.15,137.17
ORD104001,2025-08-23,CUST1401,Vikas Yadav,Delhi,Delhi,North,Clothing,Footwear,Footwear Product 1,2.0,1767.23,0.0,193.26
ORD103892,2025-02-25,CUST1292,Anjali Mehta,Chennai,Karnataka,South,Furniture,Storage,Storage Product 20,1.0,415.92,0.1,104.82
ORD103964,2025-08-15,CUST1364,Pooja Singh,Jaipur,Gujarat,East,Home & Kitchen,Bedding,Bedding Product 23,5.0,849.15,0.15,55.32
ORD103408,2024-05-03,CUST2008,Rohit Agarwal,Chennai,Rajasthan,South,Sports,Cycling,Cycling Product 4,6.0,3118.73,0.15,569.32
ORD100219,2025-09-29,CUST1219,Anjali Mehta,Mumbai,West Bengal,North,Home & Kitchen,Bedding,Bedding Product 6,3.0,2959.64,0.05,446.1
ORD103831,2024-08-13,CUST1231,Aman Sharma,Jaipur,Karnataka,South,Sports,Cricket,Cricket Product 26,2.0,655.14,0.15,125.5
ORD103055,2025-05-30,CUST1655,Sneha Joshi,Chennai,West Bengal,North,Furniture,Beds,Beds Product 17,4.0,795.75,0.3,-18.81
ORD100043,2025-05-19,CUST1043,Sneha Joshi,Delhi,Rajasthan,West,Electronics,Phones,Phones Product 1,3.0,1615.24,0.0,113.83
ORD100210,2025-11-29,CUST1210,Pooja Singh,Ahmedabad,Karnataka,West,Home & Kitchen,Decor,Decor Product 3,1.0,1319.72,,184.05
ORD102561,2024-06-17,CUST1161,Sneha Joshi,Chennai,West Bengal,West,Sports,Cricket,Cricket Product 11,7.0,1108.3,0.1,86.52
ORD100354,2024-06-29,CUST1354,Sneha Joshi,Kolkata,Maharashtra,South,Home & Kitchen,Decor,Decor Product 4,4.0,4861.52,0.05,591.62
ORD104180,2025-05-29,CUST1580,Vikas Yadav,Kolkata,Maharashtra,South,Electronics,Audio,Audio Product 6,7.0,1741.47,0.15,396.8
ORD101840,2024-01-22,CUST1640,Neha Verma,Chennai,Maharashtra,North,Sports,Fitness,Fitness Product 14,2.0,1999.09,0.55,423.79
ORD100811,2025-03-25,CUST1811,Sneha Joshi,Agra,Gujarat,West,Electronics,Audio,Audio Product 6,1.0,444.35,0.3,-15.49
ORD101765,2025-01-29,CUST1565,Neha Verma,Bengaluru,Karnataka,West,Clothing,Kids,Kids Product 23,2.0,714.81,0.1,71.89
ORD100367,2025-07-23,CUST1367,Vikas Yadav,Ahmedabad,West Bengal,East,Home & Kitchen,Bedding,Bedding Product 25,6.0,588.32,0.15,54.04
ORD100657,2024-04-26,CUST1657,Sneha Joshi,Chennai,Tamil Nadu,South,Home & Kitchen,Bedding,Bedding Product 14,5.0,983.65,0.1,93.47
ORD103778,2024-06-19,CUST1178,Aman Sharma,Ahmedabad,Karnataka,South,Home & Kitchen,Cookware,Cookware Product 9,4.0,947.45,0.05,113.42
ORD103008,2025-07-25,CUST1608,Sneha Joshi,Agra,Delhi,South,Clothing,,Kids Product 25,3.0,1256.43,0.0,187.58
ORD100135,2025-02-01,CUST1135,Pooja Singh,Chennai,West Bengal,South,Furniture,Chairs,Chairs Product 12,3.0,1194.65,0.05,329.56
ORD103919,2024-11-26,CUST1319,Pooja Singh,Jaipur,Karnataka,North,Home & Kitchen,Bedding,Bedding Product 6,3.0,3223.25,0.15,425.5
ORD100047,2024-01-21,CUST1047,Rahul Singh,Chennai,West Bengal,East,Sports,Fitness,Fitness Product 3,4.0,1659.34,0.1,266.22
ORD102664,2025-04-17,CUST1264,Priya Gupta,delhi,Delhi,East,Furniture,Storage,,3.0,1465.38,0.05,184.93
ORD103664,2024-10-20,CUST1064,Aman Sharma,Mumbai,Uttar Pradesh,East,Furniture,Chairs,Chairs Product 3,4.0,4227.19,0.15,578.8
ORD102057,2025-01-15,CUST1857,Rahul Singh,Bengaluru,Tamil Nadu,East,Clothing,Men,Men Product 11,1.0,726.9,0.1,41.9
ORD101002,2025-02-22,CUST2002,Rahul Singh,Chennai,Rajasthan,South,Sports,Fitness,Fitness Product 28,5.0,1167.01,0.0,329.85
ORD102036,2024-10-13,CUST1836,Neha Verma,Ahmedabad,Uttar Pradesh,East,Furniture,Tables,Tables Product 28,7.0,4647.25,0.2,781.45
ORD104819,2025-11-05,CUST1019,Aman Sharma,Chennai,Gujarat,West,Sports,Fitness,Fitness Product 1,6.0,1752.81,0.1,105.73
ORD100061,2025-03-03,CUST1061,Sneha Joshi,Chennai,Rajasthan,East,Sports,Fitness,Fitness Product 25,2.0,,0.15,141.38
ORD100653,2024-07-09,CUST1653,Sneha Joshi,Delhi,Rajasthan,South,Sports,Cricket,Cricket Product 6,7.0,2035.95,0.1,126.95
ORD100655,2025-01-03,CUST1655,Arjun Kumar,Kolkata,Gujarat,East,Home & Kitchen,Cookware,Cookware Product 14,3.0,1494.31,0.3,7.95
ORD100095,2024-02-10,CUST1095,Pooja Singh,Bengaluru,Delhi,North,Furniture,Beds,Beds Product 7,2.0,1156.02,0.2,126.17
ORD100478,2024-09-10,CUST1478,Rahul Singh,Agra,Delhi,North,Furniture,Chairs,Chairs Product 22,6.0,885.77,0.0,222.62
ORD101752,2024-06-01,CUST1552,Aman Sharma,Bengaluru,Rajasthan,North,Sports,Fitness,Fitness Product 23,4.0,3425.02,0.05,294.43
ORD101609,2025-07-10,CUST1409,Sneha Joshi,Delhi,Delhi,North,Sports,Cycling,Cycling Product 29,4.0,520.09,0.3,47.79
ORD100881,2024-11-07,CUST1881,Vikas Yadav,Jaipur,Gujarat,North,Furniture,Chairs,Chairs Product 1,6.0,787.16,0.0,132.85
ORD102905,2025-01-25,CUST1505,Pooja Singh,Chennai,West Bengal,North,Electronics,Audio,Audio Product 27,5.0,3509.38,0.2,504.78
ORD102952,2024-04-13,CUST1552,Aman Sharma,Agra,Tamil Nadu,South,Home & Kitchen,Cookware,Cookware Product 20,3.0,1114.44,0.0,197.78
ORD101168,2024-06-09,CUST2168,Vikas Yadav,Agra,Rajasthan,West,Furniture,Storage,Storage Product 2,5.0,3076.94,0.2,376.1
ORD100322,2024-08-17,CUST1322,Vikas Yadav,Delhi,,East,Home & Kitchen,Bedding,Bedding Product 13,7.0,1926.88,0.1,385.35
ORD102094,2025-09-20,CUST1894,Vikas Yadav,Mumbai,Karnataka,East,Electronics,Laptops,Laptops Product 23,5.0,2394.64,0.0,348.19
ORD102251,2025-12-12,CUST2051,Rohit Agarwal,Agra,Tamil Nadu,West,Electronics,Laptops,Laptops Product 22,2.0,446.94,0.05,53.39
ORD100763,2024-12-13,CUST1763,Aman Sharma,Chennai,West Bengal,West,Home & Kitchen,Bedding,Bedding Product 13,1.0,1125.55,0.1,279.0
ORD102784,2025-12-04,CUST1384,Pooja Singh,Kolkata,Delhi,East,Electronics,Accessories,Accessories Product 4,1.0,1645.6,0.05,132.0
ORD101255,2024-03-25,CUST1055,Vikas Yadav,Delhi,West Bengal,South,Sports,Outdoor,Outdoor Product 1,1.0,1789.69,0.0,305.13
ORD102093,2025-03-29,CUST1893,Sneha Joshi,Ahmedabad,Delhi,West,Home & Kitchen,Bedding,Bedding Product 8,5.0,556.05,0.15,11.27
ORD104978,2025-09-29,CUST1178,Vikas Yadav,Jaipur,West Bengal,East,Furniture,Storage,Storage Product 8,7.0,691.38,0.15,140.57
ORD101183,2025-04-20,CUST2183,Neha Verma,Kolkata,Gujarat,East,Home & Kitchen,Appliances,Appliances Product 25,7.0,1213.83,0.4,-92.33
ORD103213,2025-02-27,CUST1813,Priya Gupta,Mumbai,Rajasthan,South,Furniture,Tables,Tables Product 14,2.0,2149.16,0.2,403.79
ORD100291,2024-04-13,CUST1291,Sneha Joshi,Bengaluru,Maharashtra,South,Clothing,Men,Men Product 18,3.0,1146.32,0.15,160.98
ORD104162,2024-01-01,CUST1562,Neha Verma,Agra,Karnataka,West,Electronics,Audio,Audio Product 23,3.0,1668.69,0.05,379.87
ORD101397,2024-11-25,CUST1197,Vikas Yadav,Kolkata,Uttar Pradesh,,Furniture,Beds,Beds Product 17,7.0,2204.73,0.2,454.71
ORD100533,2025-12-29,CUST1533,Arjun Kumar,Bengaluru,West Bengal,South,Furniture,Beds,Beds Product 1,2.0,613.91,0.1,38.8
ORD101566,2024-06-18,CUST1366,Aman Sharma,Jaipur,Maharashtra,West,Home & Kitchen,Bedding,Bedding Product 21,7.0,2275.06,0.2,509.87
ORD100751,2024-05-24,CUST1751,Vikas Yadav,Agra,Maharashtra,East,Electronics,Accessories,Accessories Product 1,5.0,1768.51,0.15,353.15
ORD101746,2024-12-14,CUST1546,Priya Gupta,Jaipur,West Bengal,West,Furniture,Chairs,Chairs Product 16,7.0,1856.36,0.0,98.01
ORD101965,2025-07-09,CUST1765,Anjali Mehta,Mumbai,Gujarat,East,Electronics,Audio,Audio Product 28,6.0,5094.09,0.2,1118.04
ORD100915,2025-04-14,CUST1915,Rohit Agarwal,Jaipur,Tamil Nadu,South,Home & Kitchen,Cookware,Cookware Product 20,5.0,439.27,0.15,77.26
ORD103123,2025-10-15,CUST1723,Priya Gupta,Bengaluru,Rajasthan,West,Clothing,Kids,Kids Product 6,2.0,345.12,0.05,33.37
ORD104997,2024-04-10,CUST1197,Anjali Mehta,Bengaluru,Rajasthan,West,Furniture,Storage,Storage Product 11,2.0,1539.89,0.2,148.58
ORD102619,2025-04-10,CUST1219,Arjun Kumar,Jaipur,Maharashtra,West,Sports,Cycling,Cycling Product 30,7.0,864.89,0.2,54.86
ORD104085,2024-09-04,CUST1485,Aman Sharma,Kolkata,Gujarat,West,Clothing,Footwear,Footwear Product 28,1.0,3558.62,0.15,46.31
ORD101034,2024-10-22,CUST2034,Neha Verma,Kolkata,West Bengal,East,Home & Kitchen,Bedding,Bedding Product 23,1.0,1349.32,0.1,180.77
ORD104960,2024-11-04,CUST1160,Arjun Kumar,Chennai,Maharashtra,North,Home & Kitchen,Decor,Decor Product 1,5.0,2537.53,0.15,461.65
ORD102984,2024-06-10,CUST1584,Rahul Singh,Mumbai,Rajasthan,North,Sports,Fitness,Fitness Product 16,1.0,916.16,0.15,22.88
ORD103307,2025-11-08,CUST1907,Neha Verma,Delhi,Gujarat,North,Home & Kitchen,Bedding,Bedding Product 7,7.0,1410.48,0.3,230.75
ORD101553,2024-03-29,CUST1353,Sneha Joshi,Ahmedabad,West Bengal,West,Sports,Outdoor,Outdoor Product 2,7.0,1183.89,0.2,62.55
ORD103458,2024-06-13,CUST2058,Neha Verma,Agra,Gujarat,South,Home & Kitchen,Appliances,Appliances Product 4,7.0,795.32,0.1,85.45
ORD102420,2024-12-24,CUST1020,Sneha Joshi,Jaipur,Maharashtra,South,Furniture,Tables,Tables Product 13,6.0,332.34,0.3,59.49
ORD102266,2024-09-20,CUST2066,Anjali Mehta,Mumbai,Karnataka,North,Electronics,Phones,Phones Product 25,6.0,341.36,0.2,1.51
ORD104775,2025-04-24,CUST2175,Pooja Singh,Bengaluru,Delhi,North,Furniture,Chairs,Chairs Product 17,6.0,601.79,0.0,74.18
ORD104950,2024-08-21,CUST1150,Aman Sharma,Mumbai,Gujarat,East,Home & Kitchen,Appliances,Appliances Product 26,,2413.3,0.05,629.29
ORD101049,2024-04-13,CUST2049,Anjali Mehta,Kolkata,Maharashtra,South,Sports,Outdoor,Outdoor Product 11,5.0,1674.45,0.3,192.23
ORD104556,2025-02-17,CUST1956,Aman Sharma,Delhi,Uttar Pradesh,North,Clothing,Women,Women Product 21,5.0,452.14,0.3,73.69
ORD104955,2024-07-25,CUST1155,Priya Gupta,Ahmedabad,Maharashtra,East,Home & Kitchen,Cookware,Cookware Product 27,5.0,868.53,0.0,213.97
ORD101242,2024-03-18,CUST1042,Arjun Kumar,Mumbai,Delhi,East,Sports,Fitness,Fitness Product 12,1.0,2475.15,0.2,59.57
ORD102497,2024-04-06,CUST1097,Neha Verma,Ahmedabad,Karnataka,West,Sports,Cricket,Cricket Product 1,6.0,925.21,0.0,197.63
ORD100734,2025-09-01,CUST1734,Sneha Joshi,Jaipur,Uttar Pradesh,South,Home & Kitchen,Cookware,Cookware Product 18,7.0,3532.91,0.3,178.76
ORD103258,2024-09-24,CUST1858,Arjun Kumar,Agra,Rajasthan,South,Furniture,Chairs,Chairs Product 23,7.0,1223.0,0.15,108.98
ORD103275,2025-10-19,CUST1875,Neha Verma,Mumbai,Karnataka,North,Clothing,Kids,Kids Product 28,7.0,1926.15,0.0,537.38
ORD101101,2025-07-03,CUST2101,Neha Verma,Agra,West Bengal,East,Sports,Cricket,Cricket Product 22,7.0,436.42,0.15,45.98
ORD101210,2024-04-22,CUST1010,Pooja Singh,Chennai,Tamil Nadu,East,Clothing,Footwear,Footwear Product 10,3.0,586.03,0.1,61.57
ORD102274,2024-11-06,CUST2074,Priya Gupta,Ahmedabad,West Bengal,South,Clothing,Men,Men Product 22,4.0,643.24,0.0,144.1
ORD100944,2024-05-16,CUST1944,Vikas Yadav,Delhi,Maharashtra,South,Clothing,Kids,Kids Product 11,1.0,972.99,0.1,96.65
ORD101505,2024-12-09,CUST1305,Rohit Agarwal,Kolkata,Rajasthan,North,Furniture,Storage,Storage Product 13,7.0,2966.35,,129.6
ORD104993,2025-02-23,CUST1193,Rahul Singh,Chennai,Karnataka,North,Electronics,Phones,Phones Product 27,7.0,999.52,0.2,119.83
ORD101322,2024-01-27,CUST1122,Vikas Yadav,Bengaluru,Gujarat,East,Sports,Cycling,Cycling Product 11,4.0,883.87,0.4,30.98
ORD103917,2024-06-09,CUST1317,Priya Gupta,Bengaluru,Uttar Pradesh,North,Sports,Outdoor,Outdoor Product 5,2.0,973.6,0.15,100.27
ORD102021,2024-07-11,CUST1821,Arjun Kumar,Agra,Gujarat,South,Electronics,Laptops,Laptops Product 24,4.0,606.94,0.05,86.63
ORD103318,2024-07-31,CUST1918,Neha Verma,Jaipur,West Bengal,North,Clothing,Women,Women Product 19,3.0,882.45,0.1,214.81
ORD101090,2025-11-15,CUST2090,Sneha Joshi,Kolkata,Rajasthan,West,Home & Kitchen,Decor,Decor Product 15,3.0,1808.52,0.15,46.12
ORD102195,2025-04-27,CUST1995,Pooja Singh,Agra,Uttar Pradesh,West,Home & Kitchen,Bedding,Bedding Product 13,7.0,2091.27,0.2,-26.93
ORD100070,2025-07-19,CUST1070,Rahul Singh,Kolkata,West Bengal,West,Electronics,Accessories,Accessories Product 16,7.0,1023.92,0.15,139.82
ORD102187,2024-07-20,CUST1987,Priya Gupta,Mumbai,Rajasthan,West,Clothing,Kids,Kids Product 7,4.0,1212.93,0.0,108.2
ORD104289,2024-01-17,CUST1689,Aman Sharma,Ahmedabad,Uttar Pradesh,East,Electronics,Accessories,Accessories Product 3,2.0,7684.58,0.1,1790.51
ORD104078,2025-06-19,CUST1478,Pooja Singh,Chennai,Gujarat,West,Furniture,Beds,Beds Product 10,7.0,3019.42,0.0,253.41
ORD103292,2025-03-25,CUST1892,Sneha Joshi,Mumbai,Gujarat,East,Electronics,Audio,Audio Product 13,6.0,2999.25,0.15,155.68
ORD101057,2025-03-23,CUST2057,Rahul Singh,Jaipur,Uttar Pradesh,East,Home & Kitchen,Decor,Decor Product 19,6.0,1163.24,0.2,169.47
ORD101995,2024-11-01,CUST1795,Arjun Kumar,Mumbai,West Bengal,West,Home & Kitchen,Appliances,Appliances Product 20,3.0,684.19,0.2,65.98
ORD101075,2025-06-05,CUST2075,Vikas Yadav,Kolkata,West Bengal,South,Electronics,Laptops,Laptops Product 1,6.0,1591.29,0.1,295.5
ORD102651,2024-05-15,CUST1251,Sneha Joshi,Ahmedabad,Karnataka,North,Sports,Fitness,Fitness Product 18,5.0,896.07,0.2,183.04
ORD104586,2025-04-25,CUST1986,,Ahmedabad,Delhi,West,Sports,Cycling,Cycling Product 22,2.0,627.82,0.2,34.57
ORD104533,2024-10-11,CUST1933,Neha Verma,Bengaluru,West Bengal,North,Home & Kitchen,Appliances,Appliances Product 17,1.0,717.93,0.1,116.96
ORD104648,2024-02-26,CUST2048,Aman Sharma,Kolkata,Delhi,North,Electronics,Phones,Phones Product 14,3.0,730.52,1.2,104.38
ORD102543,2024-12-17,CUST1143,Sneha Joshi,Bengaluru,Gujarat,North,Home & Kitchen,Bedding,Bedding Product 4,4.0,2134.44,0.15,335.96
ORD101170,2024-10-11,CUST2170,Rahul Singh,Ahmedabad,Maharashtra,West,Sports,Fitness,Fitness Product 26,1.0,302.56,0.2,5.92
ORD103139,2025-04-21,CUST1739,Pooja Singh,Ahmedabad,Gujarat,North,Sports,,Fitness Product 8,7.0,542.41,0.15,28.21
ORD104055,2024-03-24,CUST1455,Vikas Yadav,Bengaluru,Karnataka,South,Clothing,Women,Women Product 2,5.0,1172.43,0.05,213.36
ORD104303,2024-07-22,CUST1703,Sneha Joshi,Jaipur,Rajasthan,East,Home & Kitchen,Decor,Decor Product 26,4.0,1089.79,0.0,116.55
ORD102802,2025-10-25,CUST1402,Neha Verma,Bengaluru,Karnataka,South,Home & Kitchen,Appliances,Appliances Product 1,2.0,1585.22,0.05,172.53
ORD102704,2024-02-07,CUST1304,Vikas Yadav,Delhi,Uttar Pradesh,West,Home & Kitchen,Appliances,Appliances Product 25,2.0,,0.0,36.15
ORD102186,2024-06-15,CUST1986,Rahul Singh,Agra,Maharashtra,West,Clothing,Kids,Kids Product 25,4.0,603.23,0.15,54.99
ORD103034,2024-06-24,CUST1634,Pooja Singh,Delhi,Tamil Nadu,North,Home & Kitchen,Decor,Decor Product 23,4.0,2772.26,0.05,150.31
ORD101055,2024-06-27,CUST2055,Rohit Agarwal,Chennai,Gujarat,West,Electronics,Laptops,Laptops Product 14,2.0,2437.95,0.15,235.97
ORD101181,2025-09-21,CUST2181,Rohit Agarwal,Chennai,Maharashtra,East,Furniture,Beds,Beds Product 7,6.0,831.42,0.05,144.07
ORD101632,2024-09-14,CUST1432,Pooja Singh,Kolkata,Karnataka,East,Furniture,Beds,Beds Product 24,2.0,2701.55,0.1,69.09
ORD104673,2024-01-03,CUST2073,Vikas Yadav,Jaipur,Delhi,West,Sports,Cycling,Cycling Product 23,2.0,490.71,0.3,50.83
ORD101937,2025-11-06,CUST1737,Rahul Singh,Agra,Rajasthan,West,Furniture,Tables,Tables Product 18,7.0,1095.71,0.15,164.87
ORD103638,2024-06-26,CUST1038,Anjali Mehta,Jaipur,Gujarat,East,Furniture,Storage,Storage Product 16,7.0,1131.75,0.15,174.58
ORD102242,2025-12-08,CUST2042,Neha Verma,Mumbai,Rajasthan,West,Sports,Cricket,Cricket Product 15,5.0,2688.75,0.0,154.03
ORD104513,2024-11-09,CUST1913,Priya Gupta,Agra,Tamil Nadu,West,Home & Kitchen,Cookware,Cookware Product 6,1.0,-647.63,0.15,153.13
ORD102945,2024-06-12,CUST1545,Sneha Joshi,Bengaluru,Karnataka,East,Clothing,,Footwear Product 29,4.0,1894.41,0.3,129.91
ORD101720,2025-03-28,CUST1520,Aman Sharma,Mumbai,Gujarat,North,Home & Kitchen,Appliances,Appliances Product 24,3.0,973.98,0.0,229.99
ORD104705,2025-03-04,CUST2105,Rahul Singh,Ahmedabad,Uttar Pradesh,North,Home & Kitchen,Cookware,Cookware Product 6,2.0,883.67,0.15,82.2
ORD102078,2025-12-11,CUST1878,Priya Gupta,Mumbai,Gujarat,West,Clothing,Kids,Kids Product 3,5.0,2082.2,0.1,234.7
ORD104052,2025-02-08,CUST1452,Rohit Agarwal,Jaipur,West Bengal,South,Sports,Cycling,Cycling Product 5,2.0,1750.79,0.0,211.47
ORD103658,2025-08-13,CUST1058,Sneha Joshi,Chennai,Gujarat,North,Electronics,Audio,Audio Product 6,5.0,1940.8,0.3,255.04
ORD101839,2024-11-09,CUST1639,Pooja Singh,Agra,Maharashtra,South,Furniture,Tables,Tables Product 4,6.0,1103.03,0.1,264.74
ORD100233,2024-10-20,CUST1233,Sneha Joshi,Agra,Tamil Nadu,North,Sports,Cycling,Cycling Product 24,5.0,748.15,0.05,203.48
ORD104597,2024-07-23,CUST1997,Priya Gupta,Agra,West Bengal,South,Home & Kitchen,Decor,Decor Product 21,5.0,1778.42,0.1,131.89
ORD103308,2025-01-21,CUST1908,Aman Sharma,Agra,Karnataka,South,Home & Kitchen,Appliances,Appliances Product 1,3.0,1486.33,0.15,185.78
ORD100633,2024-03-31,CUST1633,,Chennai,Tamil Nadu,North,Furniture,Tables,Tables Product 16,4.0,1664.46,0.2,234.76
ORD103024,2025-02-20,CUST1624,Rahul Singh,Chennai,Karnataka,North,Electronics,Laptops,Laptops Product 15,6.0,1391.42,0.1,161.46
ORD100415,2025-09-04,CUST1415,Anjali Mehta,Delhi,Rajasthan,East,Clothing,Footwear,Footwear Product 12,7.0,3246.16,0.15,565.28
ORD104331,2024-05-13,CUST1731,Priya Gupta,Delhi,Karnataka,North,Sports,Fitness,Fitness Product 8,5.0,943.46,0.1,243.85
ORD101736,2025-10-18,CUST1536,Sneha Joshi,Mumbai,Tamil Nadu,South,Electronics,Accessories,Accessories Product 1,6.0,835.88,0.05,194.35
ORD102389,2024-09-10,CUST2189,Arjun Kumar,Ahmedabad,Karnataka,West,Furniture,Tables,Tables Product 8,6.0,1321.98,0.05,312.59
ORD102876,2024-06-25,CUST1476,Pooja Singh,Kolkata,West Bengal,East,Electronics,Laptops,Laptops Product 8,2.0,1264.66,0.2,178.92
ORD102318,2025-12-02,CUST2118,Rahul Singh,Jaipur,Gujarat,East,Home & Kitchen,Appliances,Appliances Product 28,6.0,2720.07,0.1,106.06
ORD100017,2024-05-10,CUST1017,Vikas Yadav,Chennai,Karnataka,North,Furniture,Storage,Storage Product 10,1.0,807.7,0.1,59.64
ORD101330,2025-11-15,CUST1130,Rahul Singh,Agra,West Bengal,South,Clothing,Kids,Kids Product 25,3.0,1374.34,0.15,298.31
ORD102323,2024-11-06,CUST2123,,Delhi,Gujarat,North,Electronics,Audio,Audio Product 13,,3256.78,0.2,700.99
ORD102650,2024-04-20,CUST1250,Pooja Singh,Bengaluru,Tamil Nadu,East,Clothing,Women,Women Product 7,3.0,581.59,0.05,84.14
ORD104251,2025-07-22,CUST1651,Priya Gupta,Chennai,Tamil Nadu,North, Home & Kitchen ,Appliances,Appliances Product 29,6.0,1722.23,0.05,301.74
ORD100596,2025-10-19,CUST1596,Priya Gupta,Jaipur,Tamil Nadu,South,Furniture,Beds,Beds Product 23,4.0,291.62,0.1,61.65
ORD102459,2025-11-23,CUST1059,Neha Verma,Ahmedabad,Tamil Nadu,South,Home & Kitchen,Cookware,Cookware Product 21,4.0,2434.13,0.15,
ORD102916,2025-12-26,CUST1516,Vikas Yadav,Bengaluru,Delhi,East,Home & Kitchen,Decor,Decor Product 7,2.0,1621.13,0.1,319.31
ORD101001,2025-07-03,CUST2001,Sneha Joshi,Mumbai,Gujarat,East,Home & Kitchen,Cookware,Cookware Product 26,7.0,1754.1,0.15,21.24
ORD101550,2024-01-03,CUST1350,Aman Sharma,Bengaluru,West Bengal,East,Clothing,Men,Men Product 14,4.0,864.02,0.15,149.73
ORD104546,2025-09-07,CUST1946,Rahul Singh,Bengaluru,West Bengal,North,Sports,Cricket,Cricket Product 13,1.0,572.68,0.1,47.73
ORD101697,2024-10-11,CUST1497,Neha Verma,Chennai,Maharashtra,South,Sports,Cycling,Cycling Product 19,3.0,1416.51,0.0,238.49
ORD100371,2024-10-14,CUST1371,Arjun Kumar,Kolkata,Gujarat,South,Home & Kitchen,Decor,Decor Product 30,5.0,3402.39,0.1,898.59
ORD102254,2025-01-15,CUST2054,Priya Gupta,Chennai,Maharashtra,North,Home & Kitchen,Bedding,Bedding Product 22,6.0,2432.91,0.2,456.1
ORD103781,2024-07-06,CUST1181,,Kolkata,Gujarat,East,Sports,Cycling,Cycling Product 16,4.0,2228.31,0.1,393.82
ORD104915,15/06/2025,CUST1115,Sneha Joshi,Kolkata,Delhi,East,Home & Kitchen,Appliances,Appliances Product 12,7.0,3457.85,0.15,60.11
ORD100598,2024-01-09,CUST1598,Pooja Singh,Agra,West Bengal,South,Home & Kitchen,Decor,Decor Product 19,,1006.41,0.05,101.99
ORD100238,23/05/2024,CUST1238,Anjali Mehta,Agra,Uttar Pradesh,West,Home & Kitchen,Appliances,Appliances Product 24,1.0,896.74,0.3,63.11
ORD104939,2024-02-14,CUST1139,Arjun Kumar,Jaipur,West Bengal,South,Home & Kitchen,Decor,Decor Product 19,5.0,2008.39,0.15,68.63
ORD101338,2024-12-28,CUST1138,Priya Gupta,Chennai,Karnataka,East,Home & Kitchen,,Decor Product 20,3.0,1309.16,0.05,180.27
ORD101978,2024-04-28,CUST1778,Anjali Mehta,Bengaluru,Delhi,South,Electronics,Phones,Phones Product 23,3.0,2142.82,0.15,286.6
ORD101126,2025-04-06,CUST2126,,Ahmedabad,Maharashtra,North,Electronics,Audio,Audio Product 3,6.0,2607.02,0.15,65.21
ORD103707,2025-12-13,CUST1107,Priya Gupta,Kolkata,Karnataka,North,Clothing,Men,Men Product 13,4.0,858.94,0.2,96.21
ORD104392,2025-01-11,CUST1792,Rohit Agarwal,Delhi,West Bengal,North,Sports,Cycling,Cycling Product 18,6.0,1404.85,0.1,181.17
ORD102586,2025-09-17,CUST1186,Rohit Agarwal,Chennai,Rajasthan,North,Electronics,Laptops,Laptops Product 19,7.0,966.6,0.15,57.25
ORD103523,2024-04-23,CUST2123,Rahul Singh,jaipur,Uttar Pradesh,East,Electronics,Audio,Audio Product 28,1.0,1059.88,0.05,252.09
ORD103163,2024-10-27,CUST1763,Priya Gupta,Delhi,Karnataka,East,Electronics,Audio,Audio Product 19,3.0,1163.38,0.3,114.14
ORD103418,2025-09-29,CUST2018,Aman Sharma,Bengaluru,Tamil Nadu,West,Furniture,Beds,Beds Product 24,7.0,1516.83,0.05,172.87
ORD102154,2024-03-24,CUST1954,Arjun Kumar,Kolkata,Maharashtra,East,Home & Kitchen,Decor,Decor Product 24,3.0,2457.57,0.1,586.99
ORD104728,2025-04-14,CUST2128,Anjali Mehta,Bengaluru,Karnataka,North,Home & Kitchen,Appliances,Appliances Product 26,7.0,1163.14,0.1,56.04
ORD104902,2024-04-02,CUST1102,Aman Sharma,Bengaluru,Delhi,East,Furniture,Beds,Beds Product 13,6.0,827.7,0.1,117.08
ORD102515,2025-05-19,CUST1115,Arjun Kumar,Delhi,Karnataka,North,Sports,Cycling,Cycling Product 12,7.0,2195.85,0.1,317.7
ORD101777,2025-06-27,CUST1577,Priya Gupta,Mumbai,Karnataka,North,Home & Kitchen,Decor,Decor Product 5,5.0,961.14,0.15,183.27
ORD104283,2025-07-22,CUST1683,Aman Sharma,Ahmedabad,West Bengal,South,Home & Kitchen,Cookware,Cookware Product 21,7.0,974.27,0.05,164.21
ORD100856,2024-04-16,CUST1856,Aman Sharma,Bengaluru,Rajasthan,South,Furniture,Beds,Beds Product 27,2.0,4292.94,0.3,377.55
ORD101095,2024-10-18,CUST2095,Rahul Singh,Bengaluru,Karnataka,South,Sports,Cricket,Cricket Product 19,1.0,736.72,0.15,46.04
ORD101480,2024-09-01,CUST1280,Neha Verma,Kolkata,Maharashtra,South,Electronics,Audio,Audio Product 12,1.0,410.92,0.0,88.23
ORD101231,2024-02-23,CUST1031,Neha Verma,Jaipur,Gujarat,West,Electronics,Accessories,Accessories Product 3,2.0,1053.5,0.1,27.0
ORD103554,2024-01-25,CUST2154,Priya Gupta,Delhi,Maharashtra,West,Home & Kitchen,Bedding,Bedding Product 19,2.0,2145.81,0.1,341.44
ORD104068,2025-04-19,CUST1468,Arjun Kumar,Jaipur,Uttar Pradesh,North,Clothing,Kids,Kids Product 8,4.0,3728.46,0.3,-55.82
ORD100621,2025-10-18,CUST1621,Aman Sharma,Agra,Gujarat,South,Furniture,Chairs,Chairs Product 20,5.0,1446.46,0.1,359.68
ORD102856,2025-03-20,CUST1456,Pooja Singh,Jaipur,Gujarat,North,Sports,Fitness,Fitness Product 27,5.0,1874.08,,50.87
ORD103691,2025-11-28,CUST1091,Rahul Singh,Kolkata,West Bengal,South,Furniture,Beds,Beds Product 16,5.0,1014.15,0.0,87.72
ORD100566,2024-09-21,CUST1566,Priya Gupta,Bengaluru,Rajasthan,East,Electronics,Phones,Phones Product 2,3.0,2642.23,0.15,55.86
ORD103870,2025-02-15,CUST1270,Rahul Singh,Bengaluru,Tamil Nadu,East,Electronics,Audio,Audio Product 12,1.0,841.58,0.05,95.46
ORD101432,2025-11-18,CUST1232,Rahul Singh,Jaipur,Maharashtra,East,Home & Kitchen,Decor,Decor Product 28,2.0,456.86,0.05,43.16
ORD104411,2024-03-01,CUST1811,Aman Sharma,Mumbai,Maharashtra,East,Clothing,Footwear,Footwear Product 28,2.0,1908.4,0.15,97.41
ORD100051,2025-08-23,CUST1051,Priya Gupta,Jaipur,Karnataka,South,Furniture,Beds,Beds Product 4,5.0,698.22,0.05,149.71
ORD101117,2024-12-21,CUST2117,Rohit Agarwal,Ahmedabad,Maharashtra,West,Clothing,Kids,Kids Product 13,5.0,339.8,0.3,48.98
ORD100800,2025-07-16,CUST1800,Rahul Singh,Agra,,West,Clothing,Men,Men Product 20,6.0,439.52,0.0,39.92
ORD101272,2024-09-17,CUST1072,Pooja Singh,Kolkata,Uttar Pradesh,North,Clothing,Kids,Kids Product 11,2.0,311.39,0.2,64.32
ORD101626,2024-12-28,CUST1426,,Mumbai,Delhi,North,Home & Kitchen,Decor,Decor Product 25,6.0,640.98,0.3,16.57
ORD100534,2024-10-03,CUST1534,Pooja Singh,Ahmedabad,Karnataka,North,Furniture,Beds,Beds Product 19,7.0,737.97,0.15,7.83
ORD103238,2025-07-24,CUST1838,Neha Verma,Jaipur,Karnataka,South,Furniture,Beds,Beds Product 28,1.0,3045.68,0.15,380.75
ORD101419,2025-06-21,CUST1219,Vikas Yadav,Ahmedabad,Uttar Pradesh,West,Furniture,Storage,Storage Product 13,2.0,1095.18,0.4,148.07
ORD100443,2025-09-25,CUST1443,Rohit Agarwal,Bengaluru,Rajasthan,North,Sports,Cycling,Cycling Product 9,6.0,1926.6,0.1,376.01
ORD103727,2024-04-09,CUST1127,Arjun Kumar,Agra,Uttar Pradesh,West,Sports,Cycling,Cycling Product 20,4.0,1989.66,0.2,49.15
ORD100195,2025-04-16,CUST1195,Rahul Singh,Agra,Delhi,South,Clothing,Men,Men Product 7,7.0,1643.29,0.05,438.46
ORD100733,2025-04-05,CUST1733,Rahul Singh,Kolkata,Maharashtra,West,Home & Kitchen,Decor,Decor Product 24,6.0,2313.99,0.15,524.67
ORD100805,2025-02-04,CUST1805,Pooja Singh,Kolkata,Tamil Nadu,East,Electronics,Phones,Phones Product 16,7.0,3511.31,0.3,-96.79
ORD102333,2024-01-12,CUST2133,Rohit Agarwal,Delhi,West Bengal,East,Home & Kitchen,Cookware,Cookware Product 15,-2.0,409.53,0.3,19.47
ORD104475,2024-05-08,CUST1875,Priya Gupta,Chennai,Delhi,South,Furniture,Tables,Tables Product 23,6.0,1463.42,0.1,111.47
ORD103053,2024-07-09,CUST1653,Neha Verma,Jaipur,Rajasthan,South,Electronics,Audio,Audio Product 13,4.0,817.33,0.05,73.01
ORD101406,2024-03-21,CUST1206,Rohit Agarwal,Agra,Karnataka,South,Clothing,Women,Women Product 30,2.0,767.8,0.05,149.57
ORD103015,2025-12-28,CUST1615,Rohit Agarwal,Ahmedabad,Karnataka,North,Electronics,Laptops,Laptops Product 20,6.0,2688.95,0.1,328.38
ORD102602,2024-05-28,CUST1202,Neha Verma,Chennai,Maharashtra,South,Clothing,Kids,Kids Product 12,2.0,502.4,0.05,31.12
ORD103235,2025-07-02,CUST1835,Sneha Joshi,Ahmedabad,Delhi,East,Home & Kitchen,Cookware,Cookware Product 1,2.0,666.88,0.3,128.7
ORD100949,2025-07-01,CUST1949,Aman Sharma,Chennai,West Bengal,West,Home & Kitchen,Decor,Decor Product 7,6.0,671.66,0.0,192.72
ORD100644,2025-10-21,CUST1644,Priya Gupta,Agra,West Bengal,East,Sports,Fitness,Fitness Product 21,,1116.54,0.15,173.76
ORD102813,2025-09-23,CUST1413,Neha Verma,Bengaluru,Tamil Nadu,West,Home & Kitchen,Bedding,Bedding Product 6,4.0,916.1,0.1,51.86
ORD103580,2025-11-15,CUST2180,Aman Sharma,Mumbai,Karnataka,West,Furniture,Chairs,Chairs Product 10,7.0,893.06,0.15,120.45
ORD101606,2025-07-24,CUST1406,Pooja Singh,Ahmedabad,Maharashtra,West,Clothing,Women,,7.0,1822.89,0.15,347.53
ORD104434,2025-05-08,CUST1834,Aman Sharma,Ahmedabad,Gujarat,,Electronics,Laptops,Laptops Product 10,2.0,1357.54,0.05,204.12
ORD100120,2024-02-17,CUST1120,Sneha Joshi,Agra,Uttar Pradesh,East,Home & Kitchen,Bedding,Bedding Product 30,4.0,854.7,0.0,138.1
ORD101504,2025-02-02,CUST1304,Pooja Singh,Agra,Tamil Nadu,North,Home & Kitchen,Appliances,Appliances Product 21,5.0,946.2,0.1,81.23
ORD104620,2025-01-21,CUST2020,Priya Gupta,Chennai,West Bengal,West,Electronics,Accessories,Accessories Product 3,7.0,1155.49,0.15,24.85
ORD104923,2024-01-13,CUST1123,Priya Gupta,Mumbai,Tamil Nadu,East,Sports,Cycling,Cycling Product 25,3.0,1206.51,0.05,89.62
ORD102570,2025-05-02,CUST1170,Pooja Singh,Agra,Tamil Nadu,West,Furniture,Chairs,Chairs Product 13,5.0,1441.18,0.05,124.52
ORD103513,2024-12-02,CUST2113,Arjun Kumar,Jaipur,Karnataka,East,Sports,Outdoor,Outdoor Product 12,1.0,2145.32,0.1,175.43
ORD100134,2025-05-17,CUST1134,Priya Gupta,Jaipur,Delhi,West,Furniture,Tables,Tables Product 6,2.0,1011.02,0.3,58.22
ORD102990,2025-10-01,CUST1590,Rahul Singh,Delhi,Uttar Pradesh,West,Home & Kitchen,Bedding,Bedding Product 13,4.0,1736.58,0.05,89.56
ORD102016,2024-12-23,CUST1816,Vikas Yadav,Bengaluru,Tamil Nadu,East,Clothing,Women,Women Product 13,5.0,4567.31,0.1,532.21
ORD102321,2024-07-14,CUST2121,Priya Gupta,Agra,Delhi,East,Sports,Cycling,Cycling Product 11,6.0,3043.15,0.15,25.47
ORD100184,2025-02-14,CUST1184,Rahul Singh,Jaipur,Uttar Pradesh,South,Sports,Cycling,Cycling Product 13,2.0,677.07,0.15,156.16
ORD101946,2025-08-14,CUST1746,Priya Gupta,Ahmedabad,Delhi,West,Electronics,Phones,Phones Product 2,3.0,680.26,0.4,-20.94
ORD101694,2025-06-21,CUST1494,Rohit Agarwal,Delhi,Maharashtra,North,Furniture,Chairs,Chairs Product 19,1.0,908.11,0.2,125.98
ORD100511,2025-01-31,CUST1511,Neha Verma,Kolkata,Uttar Pradesh,North,Sports,Cricket,Cricket Product 30,3.0,3113.19,0.2,208.97
ORD103835,2024-05-03,CUST1235,Anjali Mehta,Chennai,Maharashtra,South,Sports,Cycling,Cycling Product 19,2.0,1828.2,,17.85
ORD100062,2025-05-23,CUST1062,Priya Gupta,Chennai,Uttar Pradesh,South,Home & Kitchen,Decor,Decor Product 23,2.0,699.21,0.2,73.8
ORD103978,2024-09-11,CUST1378,Vikas Yadav,Agra,Delhi,North,Electronics,,,1.0,983.15,0.2,86.1
ORD102714,2025-05-29,CUST1314,Priya Gupta,Ahmedabad,Karnataka,West,Sports,Outdoor,Outdoor Product 13,3.0,700.25,0.15,105.63
ORD103885,2024-01-05,CUST1285,Priya Gupta,Chennai,West Bengal,West,Clothing,Kids,Kids Product 22,3.0,1796.91,0.05,359.44
ORD100765,2024-03-12,CUST1765,Neha Verma,Mumbai,Rajasthan,North,Electronics,Laptops,Laptops Product 23,3.0,563.86,0.2,40.63
ORD102591,2025-03-10,CUST1191,Vikas Yadav,Ahmedabad,,East,Electronics,Audio,Audio Product 1,4.0,3573.6,0.1,588.2
ORD100251,2024-05-27,CUST1251,Neha Verma,Agra,Karnataka,South,Furniture,Storage,Storage Product 2,2.0,345.75,0.15,28.05
ORD101010,2025-04-03,CUST2010,Rahul Singh,Kolkata,Tamil Nadu,East,Home & Kitchen,Bedding,Bedding Product 28,5.0,2683.28,0.0,577.46
ORD102269,2025-07-01,CUST2069,Rohit Agarwal,Mumbai,Delhi,South,Home & Kitchen,Appliances,Appliances Product 14,7.0,1879.19,0.05,277.27
ORD101471,2024-09-07,CUST1271,Aman Sharma,Mumbai,Karnataka,South,Home & Kitchen,Decor,Decor Product 17,2.0,2723.3,0.2,127.42
ORD102649,2024-08-16,CUST1249,Sneha Joshi,Chennai,Maharashtra,East,Home & Kitchen,Bedding,Bedding Product 3,3.0,1395.23,0.2,37.9
ORD101658,2025-07-25,CUST1458,Arjun Kumar,,West Bengal,West,Home & Kitchen,,Decor Product 13,7.0,421.12,0.15,99.9
ORD100122,2025-02-10,CUST1122,Aman Sharma,Ahmedabad,Tamil Nadu,West,Furniture,Chairs,Chairs Product 2,4.0,1477.09,0.0,99.33
ORD104619,2024-09-07,CUST2019,Pooja Singh,Chennai,Maharashtra,South,Home & Kitchen,Cookware,Cookware Product 24,1.0,1330.54,0.05,240.29
ORD103666,2024-12-08,CUST1066,Pooja Singh,Ahmedabad,Gujarat,West,Furniture,Storage,Storage Product 9,5.0,2833.0,0.15,477.13
ORD101932,2024-08-16,CUST1732,Aman Sharma,Bengaluru,Tamil Nadu,North,Clothing,Footwear,Footwear Product 12,2.0,609.61,0.15,81.73
ORD101807,2024-07-12,CUST1607,Arjun Kumar,Agra,Tamil Nadu,West,Clothing,Footwear,Footwear Product 14,5.0,1476.71,0.0,420.05
ORD100567,2025-03-30,CUST1567,Sneha Joshi,Delhi,Tamil Nadu,West,Sports,Outdoor,Outdoor Product 24,4.0,1210.17,0.0,289.88
ORD103623,2024-01-31,CUST1023,Pooja Singh,Chennai,Delhi,West,Furniture,Beds,Beds Product 29,6.0,969.29,0.1,137.68
ORD104624,2025-02-19,CUST2024,Aman Sharma,Delhi,Rajasthan,North,Electronics,Phones,Phones Product 13,7.0,1114.35,0.15,142.59
ORD103649,2025-04-10,CUST1049,Neha Verma,Delhi,Karnataka,East,Furniture,Chairs,Chairs Product 9,4.0,1267.57,0.05,94.24
ORD104763,2025-11-08,CUST2163,Rahul Singh,Kolkata,Maharashtra,South,Home & Kitchen,Appliances,Appliances Product 21,5.0,961.48,0.0,68.06
ORD100911,2024-05-25,CUST1911,Aman Sharma,Chennai,Uttar Pradesh,East,Clothing,Footwear,Footwear Product 29,7.0,1002.89,0.1,195.0
ORD102217,2025-10-19,CUST2017,Aman Sharma,Mumbai,Delhi,East,Furniture,Storage,Storage Product 11,2.0,405.71,0.0,87.92
ORD104346,2024-03-05,CUST1746,Anjali Mehta,Bengaluru,Rajasthan,South,Sports,Cricket,Cricket Product 15,1.0,9918.54,0.2,1884.43
ORD104220,2024-03-29,CUST1620,Rohit Agarwal,Delhi,Maharashtra,South,Clothing,Women,Women Product 10,3.0,621.66,0.0,76.74
ORD104698,2024-02-17,CUST2098,Aman Sharma,Agra,Uttar Pradesh,South,Electronics,Laptops,Laptops Product 6,6.0,566.95,0.4,-11.64
ORD100720,2024-09-07,CUST1720,Vikas Yadav,Chennai,Tamil Nadu,East,Electronics,Phones,Phones Product 23,1.0,1383.16,0.15,300.68
ORD103986,2025-09-04,CUST1386,Priya Gupta,Kolkata,West Bengal,East,Electronics,Accessories,Accessories Product 23,2.0,1125.01,0.3,55.75
ORD104693,2024-05-03,CUST2093,Aman Sharma,Kolkata,Delhi,North,Furniture,Tables,Tables Product 24,2.0,4185.13,0.2,220.82
ORD104039,2025-10-22,CUST1439,Arjun Kumar,Bengaluru,Delhi,West,Clothing,Men,Men Product 12,6.0,3437.48,0.0,946.3
ORD101335,2025-07-11,CUST1135,Vikas Yadav,Jaipur,Tamil Nadu,East,Clothing,Women,Women Product 30,6.0,1619.59,0.15,
ORD103249,2025-07-10,CUST1849,Rahul Singh,Bengaluru,Rajasthan,East,Sports,Fitness,Fitness Product 21,4.0,780.49,0.1,33.69
ORD100602,2024-08-17,CUST1602,Rahul Singh,Chennai,Gujarat,East,Electronics,Accessories,Accessories Product 28,7.0,986.83,0.15,139.84
ORD103552,2024-03-05,CUST2152,Anjali Mehta,Chennai,West Bengal,North,Electronics,Accessories,Accessories Product 4,7.0,2486.55,0.1,504.35
ORD103207,2025-01-14,CUST1807,Rohit Agarwal,Ahmedabad,Tamil Nadu,North,Clothing,Footwear,Footwear Product 15,7.0,2540.16,0.0,206.58
ORD102463,2024-06-12,CUST1063,Vikas Yadav,Ahmedabad,Tamil Nadu,North,Furniture,Chairs,Chairs Product 21,7.0,950.51,0.15,185.78
ORD104307,2024-12-10,CUST1707,Anjali Mehta,Ahmedabad,Rajasthan,East,Clothing,Footwear,Footwear Product 26,4.0,1033.74,0.2,28.34
ORD100318,2025-01-09,CUST1318,Anjali Mehta,Ahmedabad,West Bengal,South,Electronics,Accessories,Accessories Product 1,6.0,930.27,0.2,99.02
ORD104676,2024-02-09,CUST2076,Neha Verma,Chennai,Uttar Pradesh,East,Electronics,Audio,Audio Product 1,2.0,1317.33,0.05,76.22
ORD104831,2024-06-14,CUST1031,Anjali Mehta,Bengaluru,Uttar Pradesh,West,Electronics,Laptops,Laptops Product 3,1.0,1905.12,0.1,72.03
ORD100274,2024-06-08,CUST1274,Sneha Joshi,Chennai,Karnataka,North,Furniture,Storage,Storage Product 25,5.0,2368.66,0.2,439.26
ORD101907,2024-01-21,CUST1707,Aman Sharma,Chennai,Karnataka,South,Sports,Cycling,Cycling Product 12,1.0,2451.92,0.1,530.73
ORD100549,2025-06-08,CUST1549,Arjun Kumar,Kolkata,Delhi,South,Home & Kitchen,Decor,Decor Product 23,3.0,953.95,0.2,136.01
ORD103827,2024-07-13,CUST1227,Pooja Singh,Chennai,Rajasthan,West,Electronics,Phones,Phones Product 9,7.0,2362.6,0.05,248.66
ORD102029,2025-06-21,CUST1829,Sneha Joshi,Chennai,Uttar Pradesh,North,Sports,Outdoor,Outdoor Product 29,5.0,2250.67,0.4,-17.21
ORD104927,2024-05-29,CUST1127,Rohit Agarwal,Kolkata,Delhi,North,Home & Kitchen,Cookware,Cookware Product 6,3.0,706.07,0.15,27.88
ORD103745,2025-06-23,CUST1145,Vikas Yadav,Mumbai,Rajasthan,South,Clothing,Women,Women Product 17,5.0,1482.03,0.05,52.5
ORD100605,2025-10-14,CUST1605,Priya Gupta,Kolkata,Rajasthan,East,Clothing,Footwear,Footwear Product 20,2.0,4261.88,0.05,517.98
ORD104996,2024-02-05,CUST1196,Neha Verma,Kolkata,Gujarat,South,Sports,Fitness,Fitness Product 7,2.0,4078.79,0.1,998.11
ORD100527,2025-09-17,CUST1527,Aman Sharma,Delhi,West Bengal,South,Home & Kitchen,Bedding,Bedding Product 21,1.0,984.75,0.1,179.56
ORD102663,2025-05-05,CUST1263,Anjali Mehta,Mumbai,Delhi,North,Electronics,Accessories,Accessories Product 24,2.0,1902.15,0.2,355.95
ORD102640,2025-09-21,CUST1240,Arjun Kumar,Jaipur,Gujarat,North,Home & Kitchen,Appliances,Appliances Product 29,5.0,2014.92,0.15,103.02
ORD102450,2025-10-11,CUST1050,Neha Verma,Mumbai,West Bengal,South,Furniture,Tables,Tables Product 4,6.0,928.76,0.1,85.34
ORD103834,2024-03-19,CUST1234,Rohit Agarwal,Agra,Tamil Nadu,West,Home & Kitchen,Decor,Decor Product 9,3.0,572.99,0.15,99.27
ORD104860,2024-02-17,CUST1060,Pooja Singh,Bengaluru,Maharashtra,South,Home & Kitchen,Cookware,Cookware Product 6,5.0,2119.16,0.0,395.34
ORD101864,2025-10-23,CUST1664,Arjun Kumar,Kolkata,Maharashtra,North,Clothing,Footwear,Footwear Product 10,6.0,1780.95,0.0,148.06
ORD104317,2024-08-06,CUST1717,Neha Verma,Kolkata,West Bengal,West,Clothing,Women,Women Product 12,7.0,2370.25,0.15,93.95
ORD100298,2024-06-01,CUST1298,Rohit Agarwal,Jaipur,Tamil Nadu,North,Furniture,Beds,Beds Product 1,1.0,2448.98,0.15,344.68
ORD102521,2025-02-11,CUST1121,Rahul Singh,Delhi,Maharashtra,North,Electronics,Phones,Phones Product 27,7.0,1105.89,0.1,148.11
ORD102895,2025-08-10,CUST1495,Rahul Singh,Bengaluru,Uttar Pradesh,East,Clothing,Footwear,Footwear Product 29,6.0,3668.26,0.2,651.89
ORD102252,2025-07-15,CUST2052,Aman Sharma,Jaipur,West Bengal,West,Sports,Cycling,Cycling Product 23,1.0,1798.26,0.05,72.69
ORD103497,2025-02-02,CUST2097,Priya Gupta,Agra,Rajasthan,East,Clothing,Men,Men Product 27,5.0,1690.92,0.05,89.52
ORD103787,2024-04-13,CUST1187,Vikas Yadav,Chennai,Gujarat,South,Sports,Cricket,Cricket Product 30,6.0,998.29,0.2,-13.8
ORD104880,2024-06-03,CUST1080,Aman Sharma,Jaipur,Karnataka,North,Furniture,Chairs,Chairs Product 8,1.0,1660.9,0.05,403.44
ORD103035,2025-10-23,CUST1635,Neha Verma,Jaipur,Rajasthan,South,Clothing,Men,Men Product 28,4.0,1105.68,,136.68
ORD104182,2025-07-28,CUST1582,Anjali Mehta,Jaipur,Gujarat,North,Sports,Cycling,Cycling Product 27,7.0,208.99,0.2,27.54
ORD101425,2024-03-26,CUST1225,Sneha Joshi,Chennai,Uttar Pradesh,South,Sports,Cricket,Cricket Product 13,2.0,2696.07,0.0,806.62
ORD100756,2024-02-20,CUST1756,Pooja Singh,Agra,Gujarat,North,Home & Kitchen,Bedding,Bedding Product 20,3.0,1002.54,0.05,88.56
ORD102915,2024-03-19,CUST1515,Aman Sharma,Mumbai,Maharashtra,East,Electronics,Phones,Phones Product 27,1.0,617.49,0.2,138.31
ORD103794,2024-06-23,CUST1194,Rohit Agarwal,Mumbai,Uttar Pradesh,West,Clothing,Kids,Kids Product 9,4.0,673.85,0.15,140.72
ORD104118,2025-02-14,CUST1518,Sneha Joshi,Ahmedabad,,North,Home & Kitchen,Bedding,Bedding Product 29,1.0,1923.74,0.1,113.0
ORD101260,2024-10-11,CUST1060,Vikas Yadav,Chennai,Delhi,West,Clothing,Women,Women Product 24,5.0,935.55,0.4,2.73
ORD102351,2025-11-05,CUST2151,Rahul Singh,Bengaluru,Rajasthan,West,Electronics,Accessories,Accessories Product 4,2.0,1856.09,0.05,129.62
ORD101209,2025-05-16,CUST1009,Pooja Singh,Bengaluru,Delhi,North,Sports,Outdoor,Outdoor Product 7,4.0,2894.31,0.15,132.88
ORD101892,2024-04-26,CUST1692,Rahul Singh,Jaipur,Tamil Nadu,North,Sports,Outdoor,Outdoor Product 22,5.0,1319.55,0.2,1.94
ORD100376,2025-01-20,CUST1376,Neha Verma,Delhi,Rajasthan,North,Furniture,Tables,Tables Product 3,3.0,941.31,0.1,193.77
ORD101779,2024-10-27,CUST1579,Rahul Singh,Agra,Karnataka,North,Home & Kitchen,Bedding,Bedding Product 18,4.0,976.15,0.2,121.92
ORD104905,2025-03-09,CUST1105,Rahul Singh,Kolkata,Delhi,South,Furniture,Beds,Beds Product 18,3.0,836.27,0.0,171.14
ORD101424,2025-02-04,CUST1224,Neha Verma,Delhi,Karnataka,East,Sports,Cycling,Cycling Product 14,7.0,6427.04,0.0,1466.16
ORD104623,2025-09-20,CUST2023,Neha Verma,Kolkata,Tamil Nadu,East,Clothing,Kids,Kids Product 21,7.0,1822.74,0.2,365.8
ORD100378,2025-01-27,CUST1378,Priya Gupta,Jaipur,Uttar Pradesh,East,Electronics,Phones,Phones Product 5,4.0,1723.33,0.4,127.98
ORD101192,2025-12-23,CUST2192,Rohit Agarwal,Chennai,Delhi,East,Sports,Cricket,Cricket Product 4,2.0,1468.47,0.05,203.7
ORD103295,2025-07-16,CUST1895,Neha Verma,Kolkata,,North,Electronics,Laptops,Laptops Product 6,1.0,608.91,0.2,7.3
ORD102223,2024-10-06,CUST2023,Anjali Mehta,Chennai,Gujarat,North,Clothing,Footwear,Footwear Product 27,1.0,1502.27,0.15,364.54
ORD103269,2024-12-08,CUST1869,Pooja Singh,Agra,Gujarat,South,Home & Kitchen,Cookware,Cookware Product 20,5.0,959.23,0.15,79.68
ORD102177,2024-02-18,CUST1977,Aman Sharma,Jaipur,Tamil Nadu,North,Furniture,Tables,Tables Product 16,6.0,4472.14,0.15,638.83
ORD101945,2024-09-26,CUST1745,Vikas Yadav,Kolkata,Uttar Pradesh,North,Electronics,Audio,Audio Product 3,5.0,1241.76,0.1,269.19
ORD102536,2025-05-13,CUST1136,,Kolkata,Uttar Pradesh,West,Home & Kitchen,Bedding,Bedding Product 2,4.0,1207.32,0.15,265.91
ORD103503,2025-12-31,CUST2103,Rohit Agarwal,Bengaluru,Rajasthan,West,Clothing,Footwear,Footwear Product 24,4.0,508.51,0.05,111.96
ORD102402,2024-02-25,CUST1002,Anjali Mehta,Jaipur,Delhi,West,Clothing,Women,Women Product 7,2.0,863.57,0.15,161.31
ORD101860,2024-10-14,CUST1660,Pooja Singh,Chennai,Karnataka,West,Home & Kitchen,,Bedding Product 27,3.0,985.91,0.15,74.37
ORD102309,2025-10-15,CUST2109,Neha Verma,Agra,Delhi,North,Clothing,Men,Men Product 5,7.0,166.91,0.0,37.64
ORD102022,2024-11-06,CUST1822,Pooja Singh,Chennai,Maharashtra,North,Electronics,Phones,Phones Product 1,5.0,420.1,0.2,44.55
ORD100794,2024-09-05,CUST1794,Rahul Singh,Agra,Karnataka,East,Electronics,Phones,Phones Product 30,1.0,1533.56,0.05,198.55
ORD102572,2025-11-23,CUST1172,Arjun Kumar,Bengaluru,Delhi,South,Home & Kitchen,Bedding,Bedding Product 8,6.0,1134.08,0.15,136.92
ORD100841,2024-08-20,CUST1841,Vikas Yadav,Delhi,Gujarat,North,Clothing,Men,Men Product 7,6.0,1758.95,0.2,126.08
ORD103184,2025-03-30,CUST1784,Priya Gupta,Ahmedabad,West Bengal,West,Electronics,Laptops,Laptops Product 14,7.0,1591.16,0.4,-46.16
ORD100915,2025-04-14,CUST1915,Rohit Agarwal,Jaipur,Tamil Nadu,South,Home & Kitchen,Cookware,Cookware Product 20,5.0,439.27,0.15,77.26
ORD100175,2025-01-19,CUST1175,Aman Sharma,Bengaluru,Tamil Nadu,North,Electronics,Laptops,Laptops Product 23,7.0,2761.04,0.15,34.16
ORD101747,2025-11-23,CUST1547,Vikas Yadav,Jaipur,Karnataka,West,Home & Kitchen,Appliances,Appliances Product 2,7.0,747.45,0.1,21.01
ORD104470,2024-09-12,CUST1870,Arjun Kumar,Delhi,Karnataka,North,Electronics,Phones,Phones Product 26,6.0,1132.24,0.1,123.56
ORD104200,2024-09-26,CUST1600,Anjali Mehta,Jaipur,Tamil Nadu,North,Electronics,Accessories,Accessories Product 10,2.0,554.82,0.0,80.85
ORD100045,2025-04-29,CUST1045,Vikas Yadav,Chennai,Maharashtra,North,Electronics,Audio,Audio Product 28,7.0,1853.8,0.05,400.52
ORD104372,2024-09-18,CUST1772,Anjali Mehta,Jaipur,Rajasthan,South,Electronics,Laptops,Laptops Product 20,4.0,1828.34,0.0,95.89
ORD100889,2024-01-15,CUST1889,Priya Gupta,Delhi,Gujarat,North,Home & Kitchen,Decor,Decor Product 29,1.0,1702.86,0.2,128.1
ORD101456,2025-05-11,CUST1256,Priya Gupta,Chennai,Gujarat,South,Clothing,Footwear,Footwear Product 4,5.0,1437.77,0.2,253.92
ORD102877,2025-06-12,CUST1477,Aman Sharma,Chennai,Delhi,South,Sports,Fitness,Fitness Product 26,6.0,1418.65,0.2,27.07
ORD104310,2025-09-27,CUST1710,Neha Verma,Jaipur,Uttar Pradesh,South,Furniture,Chairs,Chairs Product 15,1.0,3266.35,0.0,822.58
ORD102088,2025-09-13,CUST1888,Pooja Singh,Delhi,Delhi,East,Furniture,Storage,Storage Product 11,3.0,2704.44,0.1,156.95
ORD104781,2025-01-26,CUST2181,Priya Gupta,Chennai,Rajasthan,West,Home & Kitchen,Appliances,Appliances Product 7,3.0,507.92,0.1,48.87
ORD101789,2025-08-10,CUST1589,Neha Verma,Ahmedabad,Tamil Nadu,East,Clothing,Men,Men Product 20,2.0,416.61,0.3,48.28
ORD101808,2024-06-14,CUST1608,Arjun Kumar,Chennai,Maharashtra,North,Home & Kitchen,Cookware,Cookware Product 7,2.0,3054.21,0.2,561.56
ORD101744,2024-07-17,CUST1544,Vikas Yadav,Delhi,Uttar Pradesh,East,Electronics,Accessories,Accessories Product 5,7.0,1663.7,0.2,150.05
ORD103150,2024-11-20,CUST1750,Pooja Singh,Ahmedabad,Rajasthan,East,Furniture,Beds,Beds Product 9,5.0,1142.99,0.1,266.01
ORD102465,2025-05-11,CUST1065,Sneha Joshi,Ahmedabad,Maharashtra,North,Furniture,Chairs,Chairs Product 10,7.0,916.78,0.2,19.8
ORD100283,2024-02-23,CUST1283,Arjun Kumar,Chennai,Tamil Nadu,South,Sports,Fitness,Fitness Product 28,3.0,566.9,0.05,108.77
ORD102319,2025-02-10,CUST2119,Neha Verma,Kolkata,West Bengal,West,Clothing,Women,Women Product 9,2.0,647.32,0.0,61.2
ORD101412,2025-06-20,CUST1212,Rahul Singh,Chennai,Maharashtra,West,Home & Kitchen,Appliances,Appliances Product 17,3.0,1840.2,0.1,227.46
ORD101323,2024-10-13,CUST1123,Aman Sharma,Ahmedabad,Karnataka,East,Sports,Cycling,Cycling Product 26,4.0,2290.42,0.15,120.41
ORD101204,2024-01-18,CUST1004,Arjun Kumar,Delhi,Tamil Nadu,South,Furniture,Chairs,Chairs Product 30,7.0,910.66,0.05,174.28
ORD102077,2024-03-16,CUST1877,Rohit Agarwal,Jaipur,West Bengal,West,Home & Kitchen,Decor,Decor Product 30,6.0,1486.66,0.3,111.47
ORD104477,2024-04-30,CUST1877,Anjali Mehta,Jaipur,West Bengal,East,Clothing,Men,Men Product 9,3.0,1821.14,0.0,354.69
ORD103956,2024-12-27,CUST1356,Arjun Kumar,Delhi,Delhi,East,Electronics,Accessories,Accessories Product 17,5.0,2870.06,0.1,131.83
ORD101173,2025-10-27,CUST2173,Rahul Singh,Delhi,Uttar Pradesh,West,Home & Kitchen,Bedding,Bedding Product 10,6.0,1165.31,0.0,83.98
ORD104498,2025-06-18,CUST1898,Anjali Mehta,Jaipur,Maharashtra,East,Home & Kitchen,Bedding,Bedding Product 26,4.0,662.55,0.3,-1.81
ORD102484,2025-01-31,CUST1084,Sneha Joshi,Kolkata,Delhi,West,Home & Kitchen,Appliances,Appliances Product 10,5.0,1248.12,0.0,129.1
ORD103095,2025-12-27,CUST1695,Aman Sharma,Bengaluru,Rajasthan,North,Clothing,Footwear,Footwear Product 3,4.0,1454.86,0.2,249.36
ORD103264,2024-09-06,CUST1864,Priya Gupta,Delhi,Rajasthan,West,Clothing,Kids,Kids Product 29,1.0,2716.01,0.2,143.01
ORD103096,2025-10-23,CUST1696,Aman Sharma,Kolkata,Delhi,East,Electronics,Accessories,Accessories Product 14,7.0,-758.34,0.0,62.82
ORD103699,2024-08-22,CUST1099,Pooja Singh,Jaipur,Delhi,North,Clothing,Kids,Kids Product 23,3.0,1339.97,0.2,55.61
ORD100969,2025-10-06,CUST1969,Neha Verma,Bengaluru,West Bengal,West,Electronics,Accessories,Accessories Product 16,-2.0,3603.52,0.3,649.33
ORD104590,2024-06-23,CUST1990,Aman Sharma,Mumbai,Tamil Nadu,West,Clothing,Women,Women Product 5,2.0,1135.29,0.4,59.11
ORD103049,2025-10-21,CUST1649,Pooja Singh,Chennai,Tamil Nadu,East,Home & Kitchen,Appliances,Appliances Product 20,1.0,596.73,0.0,
ORD101533,2025-05-20,CUST1333,Neha Verma,Delhi,Delhi,West,Sports,Cricket,Cricket Product 13,6.0,359.48,0.1,14.91
ORD104640,2025-12-18,CUST2040,Arjun Kumar,Delhi,Uttar Pradesh,East,Clothing,Men,Men Product 15,1.0,340.94,0.1,84.19
ORD100099,2025-06-04,CUST1099,Priya Gupta,Mumbai,West Bengal,South,Clothing,Men,Men Product 30,7.0,1673.53,0.15,85.6
ORD101392,2025-06-07,CUST1192,Neha Verma,Mumbai,Delhi,East,Electronics,Accessories,Accessories Product 12,5.0,4062.71,0.0,583.85
ORD103780,2025-01-12,CUST1180,Priya Gupta,Jaipur,Delhi,South,Sports,Outdoor,Outdoor Product 4,4.0,7788.95,0.1,279.21
ORD102099,2024-05-12,CUST1899,Sneha Joshi,Agra,Rajasthan,South,Electronics,Audio,Audio Product 30,6.0,,0.2,353.65
ORD103454,2024-04-08,CUST2054,Rohit Agarwal,Bengaluru,Delhi,West,Home & Kitchen,Cookware,Cookware Product 16,3.0,1128.7,0.0,112.63
ORD100351,2024-12-14,CUST1351,Aman Sharma,Kolkata,Karnataka,East,Clothing,Kids,Kids Product 29,5.0,554.65,0.15,73.25
ORD104863,2025-09-13,CUST1063,Vikas Yadav,Delhi,Maharashtra,West,Sports,Outdoor,Outdoor Product 12,1.0,2192.05,,25.96
ORD104752,2024-06-26,CUST2152,Priya Gupta,Ahmedabad,Karnataka,South,Furniture,Storage,Storage Product 2,2.0,682.96,-0.1,163.55
ORD101038,2025-11-21,CUST2038,Rohit Agarwal,Chennai,Gujarat,South,Furniture,Storage,Storage Product 27,6.0,3309.92,0.1,793.05
ORD100994,2024-06-16,CUST1994,,Jaipur,Maharashtra,West,Sports,Cricket,Cricket Product 8,1.0,1883.26,0.0,234.12
ORD100718,2024-01-10,CUST1718,Aman Sharma,Kolkata,Karnataka,,Electronics,Laptops,Laptops Product 28,3.0,585.22,0.0,75.85
ORD104807,2025-07-03,CUST1007,Vikas Yadav,Delhi,Rajasthan,South,Clothing,Kids,Kids Product 12,3.0,774.33,0.15,92.49
ORD103351,2024-04-27,CUST1951,Pooja Singh,Agra,Gujarat,South,Electronics,Audio,Audio Product 2,2.0,1255.2,0.4,-2.4
ORD103788,2025-08-26,CUST1188,Priya Gupta,Agra,Karnataka,South,Furniture,Storage,Storage Product 26,1.0,965.33,0.2,13.66
ORD100308,2025-05-18,CUST1308,Anjali Mehta,Chennai,West Bengal,North,Furniture,Tables,Tables Product 8,6.0,1069.22,0.0,174.85
ORD101557,2025-09-01,CUST1357,Aman Sharma,Chennai,Tamil Nadu,North,Electronics,Phones,Phones Product 22,3.0,321.53,0.0,26.28
ORD100833,2024-01-05,CUST1833,Rohit Agarwal,Jaipur,West Bengal,East,Electronics,Accessories,Accessories Product 17,5.0,1495.91,0.2,111.13
ORD100366,2025-07-19,CUST1366,Aman Sharma,Bengaluru,Tamil Nadu,South,Electronics,Accessories,Accessories Product 15,6.0,5007.36,0.05,809.05
ORD103309,2024-12-15,CUST1909,Anjali Mehta,Chennai,Rajasthan,South,Sports,Outdoor,Outdoor Product 17,2.0,1208.55,0.15,67.64
ORD102610,2025-10-24,CUST1210,Sneha Joshi,Kolkata,Uttar Pradesh,North,Home & Kitchen,Decor,Decor Product 10,5.0,794.98,0.0,153.06
ORD103370,2025-04-23,CUST1970,Arjun Kumar,Chennai,Uttar Pradesh,South,Sports,Outdoor,Outdoor Product 4,3.0,964.56,1.2,113.2
ORD103825,2025-10-05,CUST1225,Neha Verma,Kolkata,Maharashtra,West,Clothing,Footwear,Footwear Product 4,6.0,2679.12,0.0,139.43
ORD103524,2025-04-24,CUST2124,Priya Gupta,Ahmedabad,Uttar Pradesh,South,Electronics,Phones,Phones Product 8,3.0,424.92,0.15,102.4
ORD104074,2024-10-09,CUST1474,Sneha Joshi,Agra,Karnataka,West,Home & Kitchen,Decor,Decor Product 13,3.0,1357.25,0.1,166.27
ORD100019,2024-11-04,CUST1019,Rohit Agarwal,Jaipur,Rajasthan,West,Clothing,Footwear,Footwear Product 15,7.0,1186.27,0.1,71.34
ORD101362,2024-05-27,CUST1162,Arjun Kumar,Bengaluru,West Bengal,South,Electronics,Accessories,Accessories Product 13,5.0,3399.95,0.05,595.46
ORD103796,2025-02-24,CUST1196,Vikas Yadav,Bengaluru,Tamil Nadu,East,Home & Kitchen,Bedding,Bedding Product 6,7.0,1532.19,0.0,443.0
ORD101370,2024-06-02,CUST1170,Priya Gupta,Agra,Delhi,South,Sports,Outdoor,Outdoor Product 9,6.0,541.93,0.3,40.97
ORD100218,2025-02-06,CUST1218,,Kolkata,Tamil Nadu,East,Electronics,Phones,Phones Product 29,2.0,3114.4,0.15,121.21
ORD103172,2025-06-10,CUST1772,Anjali Mehta,Chennai,Tamil Nadu,East,Clothing,Men,Men Product 19,5.0,1302.16,0.15,297.39
ORD100438,2024-04-26,CUST1438,Sneha Joshi,Delhi,Rajasthan,South,Electronics,Accessories,Accessories Product 7,1.0,2099.6,0.15,11.04
ORD102172,2025-09-28,CUST1972,Aman Sharma,Chennai,Rajasthan,West,Electronics,Laptops,Laptops Product 5,2.0,1962.93,0.2,93.22
ORD101020,2024-09-26,CUST2020,Vikas Yadav,Bengaluru,Rajasthan,North,Furniture,Storage,Storage Product 13,2.0,881.9,0.1,199.76
ORD104662,2024-04-25,CUST2062,Sneha Joshi,Jaipur,Gujarat,East,Furniture,Beds,Beds Product 10,3.0,1338.6,0.2,211.01
ORD104244,2025-07-18,CUST1644,Arjun Kumar,Chennai,Rajasthan,East,Clothing,Women,Women Product 13,4.0,442.38,0.2,44.05
ORD100952,2024-11-17,CUST1952,Priya Gupta,Chennai,Tamil Nadu,South,Furniture,Beds,Beds Product 6,2.0,1255.0,0.05,223.93
ORD104805,2024-11-26,CUST1005,Sneha Joshi,Kolkata,Rajasthan,South,Home & Kitchen,Cookware,Cookware Product 25,7.0,1214.0,0.2,73.67
ORD104690,2025-07-14,CUST2090,Anjali Mehta,Delhi,Tamil Nadu,North,Sports,Outdoor,Outdoor Product 25,6.0,716.49,0.1,182.77
ORD102809,2024-08-07,CUST1409,Neha Verma,Ahmedabad,Uttar Pradesh,North,Home & Kitchen,Decor,Decor Product 25,7.0,2645.49,0.15,79.74
ORD100802,2024-05-12,CUST1802,Rahul Singh,Ahmedabad,Karnataka,North,Clothing,Footwear,Footwear Product 15,1.0,1231.03,0.15,86.85
ORD103048,2024-07-19,CUST1648,Anjali Mehta,Ahmedabad,Gujarat,North,Sports,Fitness,Fitness Product 20,5.0,1069.65,0.15,52.62
ORD103639,2025-02-15,CUST1039,Priya Gupta,Ahmedabad,Uttar Pradesh,North,Sports,Outdoor,Outdoor Product 21,2.0,1731.01,,-70.25
ORD103785,2025-11-17,CUST1185,Rohit Agarwal,Delhi,Rajasthan,East,Clothing,Kids,Kids Product 20,5.0,1444.15,0.2,254.62
ORD101374,2025-12-13,CUST1174,Vikas Yadav,Chennai,Gujarat,West,Clothing,Men,Men Product 13,4.0,2315.02,0.2,76.52
ORD100582,2024-05-23,CUST1582,Neha Verma,Chennai,Gujarat,South,Electronics,Accessories,Accessories Product 15,4.0,1324.87,0.05,46.87
ORD100203,2025-05-24,CUST1203,Priya Gupta,Jaipur,Delhi,South,Sports,Cycling,Cycling Product 12,5.0,787.37,0.3,-21.44
ORD104103,2024-07-30,CUST1503,Arjun Kumar,Chennai,Uttar Pradesh,South,Sports,Cricket,Cricket Product 9,3.0,,0.0,129.49
ORD103473,2024-09-02,CUST2073,Aman Sharma,Mumbai,Maharashtra,East,Sports,Fitness,Fitness Product 5,4.0,1134.19,0.05,56.85
ORD104351,2024-11-10,CUST1751,Arjun Kumar,Ahmedabad,Uttar Pradesh,North,Furniture,Storage,Storage Product 11,6.0,2202.71,0.15,452.01
ORD104748,2024-12-01,CUST2148,Priya Gupta,Jaipur,Delhi,East,Home & Kitchen,Decor,Decor Product 11,1.0,849.21,0.15,57.05
ORD103464,2024-06-12,CUST2064,Rohit Agarwal,,Gujarat,East,Furniture,Chairs,Chairs Product 25,5.0,2521.72,0.1,109.04
ORD101634,2025-08-11,CUST1434,Priya Gupta,Kolkata,West Bengal,East,Home & Kitchen,Cookware,Cookware Product 10,4.0,700.68,0.3,-23.19
ORD101221,2024-03-27,CUST1021,Pooja Singh,Chennai,Maharashtra,West,Home & Kitchen,Decor,Decor Product 29,2.0,741.87,0.15,1.27
ORD102164,2024-10-03,CUST1964,Arjun Kumar,Jaipur,Delhi,,Furniture,Chairs,Chairs Product 7,5.0,1269.43,0.2,41.96
ORD101321,2024-12-07,CUST1121,Rohit Agarwal,Kolkata,Karnataka,South,Furniture,Tables,Tables Product 2,5.0,2690.45,0.4,267.3
ORD101507,2024-07-05,CUST1307,Rahul Singh,Mumbai,,West,Electronics,Accessories,Accessories Product 13,2.0,3379.87,0.1,777.59
ORD103407,2024-06-18,CUST2007,Priya Gupta,Kolkata,Rajasthan,North,Electronics,Phones,Phones Product 1,3.0,559.26,0.2,23.73
ORD100517,2024-02-04,CUST1517,Pooja Singh,Jaipur,Karnataka,East,Furniture,Tables,Tables Product 30,3.0,646.92,0.1,123.69
ORD103836,2025-04-15,CUST1236,Rahul Singh,Delhi,Rajasthan,West,Home & Kitchen,Decor,Decor Product 12,4.0,1526.44,0.1,335.28
ORD101371,2025-03-25,CUST1171,Aman Sharma,Chennai,Tamil Nadu,South,Furniture,Storage,Storage Product 14,1.0,997.2,0.4,36.87
ORD103477,2025-04-20,CUST2077,Arjun Kumar,Jaipur,Maharashtra,North,Electronics,Accessories,Accessories Product 5,6.0,2029.93,0.4,83.59
ORD100668,2024-08-16,CUST1668,Pooja Singh,Bengaluru,Tamil Nadu,East,Home & Kitchen,Bedding,,3.0,1206.33,0.05,82.76
ORD102091,2024-11-23,CUST1891,Rahul Singh,Delhi,West Bengal,West,Electronics,Accessories,Accessories Product 8,2.0,1867.84,0.2,103.64
ORD101448,2024-07-06,CUST1248,Sneha Joshi,Bengaluru,Rajasthan,East,Furniture,Storage,Storage Product 20,2.0,921.05,0.2,92.58
ORD104946,2025-05-25,CUST1146,Neha Verma,Jaipur,Tamil Nadu,North,Clothing,Footwear,Footwear Product 3,1.0,1063.07,0.3,189.74
ORD104510,2025-09-13,CUST1910,Rahul Singh,Bengaluru,West Bengal,East,Sports,Outdoor,Outdoor Product 19,3.0,450.31,0.0,
ORD103138,2024-01-16,CUST1738,Rohit Agarwal,Kolkata,West Bengal,North,Clothing,Women,Women Product 11,6.0,2846.18,0.2,381.18
ORD101055,2024-06-27,CUST2055,Rohit Agarwal,Chennai,Gujarat,West,Electronics,Laptops,Laptops Product 14,2.0,2437.95,0.15,235.97
ORD102394,2024-10-13,CUST2194,Rahul Singh,Agra,Rajasthan,East,Clothing,Footwear,Footwear Product 20,6.0,1622.33,0.1,362.08
ORD104936,2025-03-14,CUST1136,Neha Verma,Delhi,Rajasthan,West,Sports,Fitness,Fitness Product 29,7.0,1533.56,0.2,201.0
ORD103399,2024-09-18,CUST1999,Rahul Singh,Mumbai,Uttar Pradesh,South,Home & Kitchen,Appliances,Appliances Product 3,4.0,2042.42,0.1,70.42
ORD104685,2024-04-05,CUST2085,Aman Sharma,Agra,Maharashtra,South,Home & Kitchen,Decor,Decor Product 23,3.0,1958.58,0.1,278.68
ORD104402,2025-04-24,CUST1802,Rohit Agarwal,Bengaluru,Karnataka,North,Clothing,Kids,Kids Product 3,2.0,954.45,0.0,229.2
ORD100759,2025-03-21,CUST1759,Rahul Singh,Bengaluru,Tamil Nadu,West,Home & Kitchen,Bedding,Bedding Product 30,2.0,2010.74,0.05,503.41
ORD101873,2024-04-02,CUST1673,Arjun Kumar,Jaipur,Tamil Nadu,South,Home & Kitchen,Decor,Decor Product 30,6.0,2640.43,0.15,199.45
ORD101590,2024-12-14,CUST1390,Rahul Singh,Ahmedabad,Tamil Nadu,West,Clothing,Women,,7.0,1780.94,0.3,335.85
ORD102715,2025-12-28,CUST1315,Priya Gupta,Ahmedabad,Uttar Pradesh,North,Home & Kitchen,Appliances,Appliances Product 13,4.0,,0.05,400.39
ORD103958,2025-04-22,CUST1358,Pooja Singh,Ahmedabad,Rajasthan,East,Clothing,Men,Men Product 17,3.0,1100.72,0.05,142.33
ORD104684,2025-09-10,CUST2084,Pooja Singh,Delhi,Rajasthan,North,Electronics,Accessories,Accessories Product 2,1.0,2460.62,0.2,557.56
ORD103396,2025-03-23,CUST1996,Vikas Yadav,Ahmedabad,West Bengal,South,Electronics,Audio,Audio Product 20,4.0,736.59,0.05,26.9
ORD100214,2024-08-07,CUST1214,Aman Sharma,Ahmedabad,Gujarat,East,Sports,Outdoor,Outdoor Product 26,6.0,4206.7,0.3,313.14
ORD104109,2025-05-25,CUST1509,Pooja Singh,Jaipur,Tamil Nadu,North,Sports,Cycling,Cycling Product 26,7.0,699.61,0.2,68.5
ORD104269,2025-11-24,CUST1669,Aman Sharma,Chennai,Gujarat,East,Electronics,Audio,Audio Product 13,7.0,1754.9,0.0,434.04
ORD100693,2024-01-08,CUST1693,Neha Verma,Jaipur,Maharashtra,North,Electronics,Audio,Audio Product 17,3.0,1711.06,0.4,67.66
ORD104215,2025-10-20,CUST1615,Pooja Singh,Ahmedabad,Karnataka,East,Furniture,Beds,Beds Product 19,4.0,1113.04,0.05,288.08
ORD101902,2024-09-24,CUST1702,Sneha Joshi,Ahmedabad,Gujarat,West,Electronics,Phones,Phones Product 27,5.0,889.51,0.05,78.17
ORD102153,2024-02-05,CUST1953,Rohit Agarwal,Ahmedabad,Rajasthan,North,Furniture,Beds,Beds Product 2,2.0,504.73,0.1,109.62
ORD101025,2025-01-13,CUST2025,Anjali Mehta,Delhi,Tamil Nadu,North,Clothing,Kids,Kids Product 15,2.0,1990.73,0.0,356.43
ORD101813,2024-04-15,CUST1613,Pooja Singh,Jaipur,Delhi,North,Clothing,Women,Women Product 2,7.0,490.04,0.3,18.52
ORD104116,2025-06-20,CUST1516,Neha Verma,Ahmedabad,Rajasthan,South,Furniture,Tables,Tables Product 5,7.0,868.12,0.1,19.97
ORD104177,2024-12-05,CUST1577,Sneha Joshi,Delhi,Delhi,North,Sports,Fitness,Fitness Product 4,4.0,750.83,0.3,-4.57
ORD101877,2025-12-25,CUST1677,Anjali Mehta,Kolkata,Gujarat,West,Clothing,Men,Men Product 15,1.0,1831.23,0.3,281.35
ORD100196,2024-08-20,CUST1196,Priya Gupta,Agra,Gujarat,North,Sports,Outdoor,Outdoor Product 8,7.0,2161.0,0.0,362.35
ORD101175,2025-04-13,CUST2175,Aman Sharma,Agra,Karnataka,South,Home & Kitchen,Cookware,Cookware Product 3,6.0,765.22,0.2,64.87
ORD104150,2024-04-11,CUST1550,Arjun Kumar,Jaipur,Maharashtra,East,Furniture,Chairs,Chairs Product 21,1.0,1877.98,0.4,-101.78
ORD103604,2024-10-21,CUST1004,Rohit Agarwal,Chennai,Delhi,North,Home & Kitchen,Bedding,Bedding Product 7,2.0,474.63,0.2,43.53
ORD100879,2025-06-09,CUST1879,Pooja Singh,Mumbai,Maharashtra,East,Sports,Fitness,Fitness Product 14,1.0,765.56,0.1,129.21
ORD104656,2025-06-17,CUST2056,Arjun Kumar,Chennai,Tamil Nadu,South,Home & Kitchen,Bedding,Bedding Product 26,6.0,1818.92,0.15,52.58
ORD101971,2024-11-29,CUST1771,Rohit Agarwal,bengaluru,Rajasthan,North,Electronics,Accessories,Accessories Product 27,1.0,275.2,0.1,59.25
ORD101351,2024-08-14,CUST1151,Vikas Yadav,Delhi,Gujarat,East,Home & Kitchen,Cookware,Cookware Product 15,7.0,1818.7,0.2,384.45
ORD101738,2024-11-04,CUST1538,Aman Sharma,Chennai,Maharashtra,East,Sports,Fitness,Fitness Product 20,1.0,1351.42,0.05,359.91
ORD100887,2024-09-30,CUST1887,Arjun Kumar,Mumbai,Uttar Pradesh,West,Sports,Cycling,Cycling Product 23,1.0,1563.14,0.3,151.17
ORD104881,2025-07-20,CUST1081,Neha Verma,Delhi,West Bengal,West,Clothing,Kids,Kids Product 22,3.0,1195.52,0.05,112.74
ORD100068,2024-01-02,CUST1068,Anjali Mehta,Agra,Tamil Nadu,East,Sports,Cricket,Cricket Product 22,6.0,702.98,0.1,75.38
ORD102523,2025-10-25,CUST1123,Priya Gupta,Chennai,Rajasthan,East,Furniture,Storage,Storage Product 14,4.0,841.86,0.15,94.65
ORD104890,2025-07-24,CUST1090,Arjun Kumar,Jaipur,Maharashtra,South,Electronics,Laptops,Laptops Product 6,5.0,2665.66,0.3,43.09
ORD100568,2025-12-18,CUST1568,Priya Gupta,Agra,Uttar Pradesh,North,Electronics,Audio,Audio Product 16,6.0,805.67,0.4,-16.63
ORD103661,2024-06-02,CUST1061,Sneha Joshi,Delhi,Uttar Pradesh,East,Home & Kitchen,Decor,Decor Product 15,3.0,785.12,0.0,149.77
ORD100096,2024-06-05,CUST1096,Neha Verma,Jaipur,Maharashtra,East,Home & Kitchen,Bedding,Bedding Product 17,6.0,2383.1,0.3,59.52
ORD101501,2025-03-07,CUST1301,Priya Gupta,,Gujarat,South,Home & Kitchen,Decor,Decor Product 11,7.0,2153.94,0.0,584.36
ORD102426,2024-08-18,CUST1026,Arjun Kumar,Ahmedabad,Karnataka,North,Clothing,Footwear,Footwear Product 30,4.0,1354.59,0.2,220.33
ORD100139,2025-07-07,CUST1139,Aman Sharma,Delhi,Karnataka,West,Electronics,Laptops,Laptops Product 9,1.0,684.94,0.2,115.65
ORD101032,2024-03-29,CUST2032,Aman Sharma,Ahmedabad,Maharashtra,East,Home & Kitchen,Cookware,Cookware Product 27,5.0,831.22,0.0,230.17
ORD102646,2025-01-01,CUST1246,Rohit Agarwal,Kolkata,Tamil Nadu,South,Clothing,Women,Women Product 8,4.0,1788.6,0.3,-93.83
ORD103950,2025-09-10,CUST1350,Neha Verma,Jaipur,Maharashtra,North, Home & Kitchen ,,Decor Product 5,,775.03,0.1,102.68
ORD101383,2024-02-08,CUST1183,Anjali Mehta,Jaipur,Delhi,North,Electronics,Laptops,Laptops Product 1,6.0,1061.43,0.1,127.7
ORD102825,2024-09-06,CUST1425,Anjali Mehta,Agra,Rajasthan,South,Furniture,Storage,Storage Product 9,6.0,761.66,0.0,200.15
ORD103078,2024-12-19,CUST1678,Arjun Kumar,Kolkata,West Bengal,West,Furniture,Storage,Storage Product 17,3.0,1926.87,0.4,-84.93
ORD102622,2025-04-07,CUST1222,Rohit Agarwal,Bengaluru,Delhi,West,Clothing,Women,Women Product 4,7.0,3660.11,0.05,333.93
ORD101487,2024-12-24,CUST1287,Priya Gupta,Jaipur,West Bengal,East,Home & Kitchen,Decor,Decor Product 1,7.0,663.05,0.2,30.03
ORD102519,2025-09-12,CUST1119,Sneha Joshi,Mumbai,Karnataka,North,Electronics,Accessories,Accessories Product 28,4.0,1308.41,0.0,351.09
ORD103624,2024-12-02,CUST1024,Priya Gupta,Jaipur,Tamil Nadu,West,Furniture,Storage,Storage Product 9,5.0,1977.28,0.4,-79.73
ORD100463,2025-11-27,CUST1463,Aman Sharma,Chennai,Rajasthan,West,Home & Kitchen,Cookware,Cookware Product 25,4.0,890.44,0.1,71.78
ORD104920,2024-07-02,CUST1120,Sneha Joshi,Ahmedabad,Rajasthan,North,Clothing,Women,Women Product 20,2.0,2022.72,0.3,254.88
ORD101268,2025-04-15,CUST1068,Vikas Yadav,Agra,Delhi,South,Furniture,Storage,Storage Product 12,4.0,1826.27,0.3,254.46
ORD103159,2025-12-28,CUST1759,Vikas Yadav,Agra,Gujarat,East,Home & Kitchen,Cookware,Cookware Product 19,3.0,,0.4,39.82
ORD100594,2024-08-02,CUST1594,Pooja Singh,Mumbai,Delhi,South,Electronics,Laptops,Laptops Product 2,3.0,2846.14,0.0,834.45
ORD103074,2024-08-06,CUST1674,Rahul Singh,Delhi,Maharashtra,West,Sports,Fitness,Fitness Product 12,6.0,1786.85,0.15,344.75
ORD100625,2024-10-27,CUST1625,Pooja Singh,Jaipur,Uttar Pradesh,East,Sports,Fitness,Fitness Product 21,2.0,1666.32,0.0,341.93
ORD100450,2025-05-02,CUST1450,Pooja Singh,Agra,Karnataka,North,Home & Kitchen,Decor,Decor Product 25,5.0,4013.91,0.4,-172.02
ORD104489,2025-08-18,CUST1889,Aman Sharma,Chennai,West Bengal,West,Sports,Cricket,Cricket Product 17,1.0,1531.29,0.15,118.43
ORD101702,2024-02-08,CUST1502,Arjun Kumar,delhi,Maharashtra,West,Home & Kitchen,Bedding,Bedding Product 21,7.0,948.34,0.0,234.18
ORD102874,2025-02-26,CUST1474,Pooja Singh,Jaipur,West Bengal,West,Furniture,Storage,,3.0,1015.19,0.4,78.35
ORD102977,2024-01-16,CUST1577,Rohit Agarwal,Ahmedabad,Rajasthan,East,Furniture,Tables,Tables Product 28,7.0,892.91,0.1,95.92
ORD101620,2025-07-10,CUST1420,Vikas Yadav,Agra,Karnataka,North,Home & Kitchen,Cookware,Cookware Product 1,5.0,2564.69,0.15,29.09
ORD100996,2025-08-18,CUST1996,Rahul Singh,Jaipur,Karnataka,West,Clothing,Footwear,Footwear Product 24,3.0,681.51,0.15,36.32
ORD104476,2024-01-03,CUST1876,Arjun Kumar,,Delhi,West,Home & Kitchen,Appliances,Appliances Product 19,4.0,416.49,0.2,39.79
ORD104879,2024-07-07,CUST1079,Priya Gupta,Ahmedabad,Karnataka,South,Clothing,Kids,Kids Product 19,4.0,1240.48,0.05,215.72
ORD103286,2024-11-27,CUST1886,Anjali Mehta,Bengaluru,Uttar Pradesh,East,Furniture,,Chairs Product 12,7.0,1543.67,0.0,431.71
ORD103686,2025-09-15,CUST1086,Rahul Singh,Kolkata,Rajasthan,West,Sports,Outdoor,Outdoor Product 5,1.0,810.43,0.2,113.36
ORD103989,2025-03-26,CUST1389,Priya Gupta,Ahmedabad,Karnataka,North,Electronics,Phones,Phones Product 4,,1253.91,0.15,94.0
ORD100150,2024-06-19,CUST1150,Rohit Agarwal,Delhi,Gujarat,South,Sports,Outdoor,Outdoor Product 14,5.0,644.2,0.2,9.67
ORD104715,2025-06-24,CUST2115,Neha Verma,Kolkata,Uttar Pradesh,East,Clothing,Kids,Kids Product 9,2.0,4320.68,0.2,170.35
ORD104013,2024-01-17,CUST1413,Anjali Mehta,Mumbai,Maharashtra,North,Clothing,Kids,Kids Product 29,7.0,1070.14,0.15,95.65
ORD102974,2025-06-27,CUST1574,Rohit Agarwal,mumbai,West Bengal,South,Home & Kitchen,Bedding,Bedding Product 15,3.0,1278.6,0.15,41.31
ORD103282,2025-10-20,CUST1882,Rahul Singh,Kolkata,Uttar Pradesh,East,Electronics,Phones,Phones Product 19,7.0,1878.61,0.0,453.24
ORD103689,2025-02-24,CUST1089,Arjun Kumar,Bengaluru,Karnataka,South,Clothing,Footwear,Footwear Product 14,1.0,2999.92,0.3,288.06
ORD104713,2025-12-04,CUST2113,Aman Sharma,Jaipur,Karnataka,South,Furniture,Storage,Storage Product 4,1.0,1615.2,0.05,405.6
ORD100999,2025-09-04,CUST1999,Rahul Singh,Kolkata,Gujarat,East,Sports,Fitness,Fitness Product 1,1.0,2103.26,0.1,364.9
ORD104660,2024-10-18,CUST2060,Sneha Joshi,Ahmedabad,Tamil Nadu,East,Electronics,Accessories,Accessories Product 2,5.0,1937.45,0.15,293.06
ORD103164,2024-12-08,CUST1764,Rahul Singh,Jaipur,Tamil Nadu,West,Furniture,Beds,Beds Product 15,3.0,3538.2,0.15,255.17
ORD100192,2025-01-08,CUST1192,Sneha Joshi,Delhi,Rajasthan,South,Sports,Cricket,Cricket Product 28,6.0,476.78,0.0,138.35
ORD103805,2024-01-12,CUST1205,Arjun Kumar,Mumbai,Tamil Nadu,East,Home & Kitchen,Cookware,Cookware Product 7,1.0,1018.47,0.0,129.86
ORD104211,2025-01-24,CUST1611,Pooja Singh,Delhi,Gujarat,West,Clothing,Women,Women Product 22,4.0,2161.74,0.1,437.01
ORD103767,2024-04-11,CUST1167,Arjun Kumar,Agra,Rajasthan,North,Sports,Cricket,Cricket Product 24,1.0,1448.32,0.4,-47.56
ORD104393,2024-02-10,CUST1793,Rahul Singh,Bengaluru,Tamil Nadu,West,Electronics,Accessories,Accessories Product 29,4.0,654.62,0.05,183.54
ORD104455,2025-09-17,CUST1855,Vikas Yadav,Ahmedabad,Gujarat,North,Home & Kitchen,Decor,Decor Product 16,5.0,1522.41,0.05,205.57
ORD103288,2025-10-16,CUST1888,Rohit Agarwal,Mumbai,Uttar Pradesh,East,Clothing,Footwear,Footwear Product 15,7.0,1852.72,0.1,321.5
ORD102598,2024-02-08,CUST1198,,Ahmedabad,Gujarat,South,Electronics,Laptops,Laptops Product 12,1.0,1586.82,0.05,238.92
ORD101988,2024-10-02,CUST1788,Pooja Singh,Ahmedabad,Karnataka,South,Clothing,Kids,Kids Product 7,4.0,1541.46,0.15,220.49
ORD101726,2024-06-10,CUST1526,Pooja Singh,Mumbai,Gujarat,South,Sports,Fitness,Fitness Product 18,7.0,2272.37,0.1,193.69
ORD103527,2025-12-26,CUST2127,Priya Gupta,Agra,Maharashtra,East,Furniture,Tables,Tables Product 10,5.0,801.61,0.05,195.67
ORD104223,2025-03-27,CUST1623,Priya Gupta,Chennai,Delhi,North,Sports,Cycling,Cycling Product 6,7.0,2694.82,0.1,248.53
ORD104850,2025-07-26,CUST1050,Arjun Kumar,Bengaluru,Tamil Nadu,North,Furniture,Chairs,Chairs Product 24,7.0,710.14,0.1,63.35
ORD102706,2024-02-26,CUST1306,Vikas Yadav,Agra,Delhi,West,Furniture,Tables,Tables Product 27,5.0,712.55,,75.7
ORD103570,2025-06-18,CUST2170,Vikas Yadav,Bengaluru,Tamil Nadu,West,Furniture,Storage,Storage Product 3,2.0,2196.56,0.4,104.18
ORD101741,2024-01-27,CUST1541,Sneha Joshi,Jaipur,Maharashtra,West,Home & Kitchen,Decor,Decor Product 6,1.0,2458.78,0.1,638.11
ORD101782,2025-02-28,CUST1582,Neha Verma,Jaipur,Tamil Nadu,East,Home & Kitchen,Appliances,Appliances Product 15,7.0,,0.3,99.83
ORD102555,2024-11-24,CUST1155,Pooja Singh,Ahmedabad,Uttar Pradesh,North,Sports,Fitness,Fitness Product 17,2.0,630.7,0.05,128.87
ORD104951,2025-04-09,CUST1151,Arjun Kumar,Mumbai,Tamil Nadu,East,Furniture,Tables,Tables Product 24,6.0,1571.62,0.3,-26.71
ORD100191,2025-10-25,CUST1191,Neha Verma,Ahmedabad,West Bengal,West,Furniture,Storage,Storage Product 18,5.0,1758.0,0.3,271.74
ORD102583,2025-10-26,CUST1183,Pooja Singh,Chennai,Uttar Pradesh,West,Clothing,Men,Men Product 2,3.0,1012.58,0.05,33.37
ORD104835,2025-03-08,CUST1035,Vikas Yadav,Bengaluru,West Bengal,North,Sports,Cricket,Cricket Product 29,5.0,2541.22,0.2,344.24
ORD102292,2024-04-13,CUST2092,Sneha Joshi,Chennai,Karnataka,South,Electronics,Accessories,Accessories Product 2,3.0,923.24,0.05,50.8
ORD102754,2024-09-16,CUST1354,Pooja Singh,Ahmedabad,Rajasthan,South,Electronics,Laptops,Laptops Product 29,6.0,788.56,0.0,167.17
ORD104337,2025-07-13,CUST1737,Aman Sharma,Mumbai,Rajasthan,East,Clothing,Kids,Kids Product 13,5.0,1512.48,0.15,185.27
ORD103839,2025-08-24,CUST1239,Rahul Singh,Ahmedabad,Tamil Nadu,East,Sports,Cycling,Cycling Product 23,5.0,6580.69,0.2,964.84
ORD101650,2024-11-21,CUST1450,Vikas Yadav,Bengaluru,Tamil Nadu,East,Sports,Fitness,Fitness Product 3,2.0,2291.03,0.0,214.46
ORD104169,2025-08-15,CUST1569,Sneha Joshi,Mumbai,Gujarat,West,Clothing,Women,Women Product 9,2.0,876.29,0.0,95.22
ORD103706,2025-08-28,CUST1106,Arjun Kumar,Kolkata,Rajasthan,East,Electronics,Accessories,Accessories Product 17,6.0,674.87,0.0,95.34
ORD104242,2024-01-12,CUST1642,Rahul Singh,Kolkata,Uttar Pradesh,West,Clothing,Footwear,Footwear Product 8,4.0,1729.07,0.15,420.85
ORD103455,2024-04-13,CUST2055,Anjali Mehta,Ahmedabad,Gujarat,South,Clothing,Women,Women Product 6,3.0,977.51,0.2,7.46
ORD104041,2025-08-10,CUST1441,Rahul Singh,Mumbai,West Bengal,East,Furniture,Storage,Storage Product 30,6.0,1451.91,0.05,203.19
ORD103119,2024-11-15,CUST1719,Anjali Mehta,Mumbai,Maharashtra,South,Electronics,Laptops,Laptops Product 4,4.0,356.68,0.0,20.48
ORD100166,2024-12-05,CUST1166,Sneha Joshi,Agra,West Bengal,West,Sports,Cycling,Cycling Product 26,3.0,1388.96,0.05,388.11
ORD102314,2024-12-26,CUST2114,Rohit Agarwal,Bengaluru,West Bengal,West,Home & Kitchen,Decor,Decor Product 8,5.0,3155.62,0.0,188.18
ORD104845,2024-05-04,CUST1045,Priya Gupta,Mumbai,Gujarat,West,Furniture,Tables,Tables Product 9,1.0,2810.46,0.15,101.55
ORD101024,2024-01-05,CUST2024,Sneha Joshi,Chennai,Maharashtra,West,Home & Kitchen,Bedding,Bedding Product 17,4.0,2231.59,0.15,302.17
ORD103899,2025-01-24,CUST1299,Rahul Singh,Delhi,Rajasthan,West,Sports,Cricket,Cricket Product 7,5.0,581.49,0.4,53.3
ORD104584,2024-06-23,CUST1984,Rahul Singh,Delhi,West Bengal,West,Sports,Cycling,Cycling Product 25,6.0,1874.75,0.0,233.5
ORD104396,2025-05-07,CUST1796,Aman Sharma,Agra,Uttar Pradesh,South,Home & Kitchen,Decor,Decor Product 23,6.0,826.22,0.2,160.91
ORD102290,2024-12-13,CUST2090,Anjali Mehta,Kolkata,Delhi,West,Furniture,Storage,Storage Product 17,6.0,1350.66,0.05,203.27
ORD101730,2025-05-06,CUST1530,Priya Gupta,Agra,Tamil Nadu,North,Sports,Outdoor,Outdoor Product 6,4.0,1349.24,0.0,378.93
ORD104147,2024-04-20,CUST1547,Arjun Kumar,Ahmedabad,Gujarat,North,Clothing,Women,,3.0,507.13,0.0,89.86
ORD103010,2025-01-29,CUST1610,Vikas Yadav,Bengaluru,Tamil Nadu,West,Furniture,Storage,Storage Product 15,4.0,1134.41,0.15,221.64
ORD100152,2024-02-05,CUST1152,Anjali Mehta,Agra,Gujarat,West,Clothing,Women,Women Product 9,5.0,2390.52,0.1,78.14
ORD102576,2024-10-14,CUST1176,Priya Gupta,Bengaluru,West Bengal,South,Electronics,Phones,Phones Product 30,1.0,1498.87,0.0,283.65
ORD104720,2024-08-07,CUST2120,Aman Sharma,Kolkata,Tamil Nadu,East,Furniture,Storage,Storage Product 21,6.0,882.88,0.2,136.61
ORD102042,2025-08-24,CUST1842,Priya Gupta,Kolkata,Delhi,West,Home & Kitchen,Decor,Decor Product 17,3.0,3889.41,0.15,253.09
ORD101513,2024-10-28,CUST1313,Sneha Joshi,Jaipur,Delhi,West,Home & Kitchen,Cookware,Cookware Product 12,1.0,1500.6,0.4,-111.0
ORD104647,2025-06-25,CUST2047,Rohit Agarwal,Bengaluru,Uttar Pradesh,North,Sports,Cricket,Cricket Product 14,6.0,805.32,0.0,128.88
ORD101665,2024-08-29,CUST1465,Aman Sharma,Chennai,Karnataka,North,Electronics,Phones,Phones Product 8,2.0,798.97,0.4,-17.95
ORD104181,2024-12-02,CUST1581,Pooja Singh,Bengaluru,Karnataka,North,Sports,Fitness,Fitness Product 16,4.0,602.94,0.0,124.85
ORD102603,2025-01-31,CUST1203,Rohit Agarwal,Mumbai,Uttar Pradesh,East,Home & Kitchen,Cookware,Cookware Product 30,7.0,1511.07,0.0,290.68
ORD104856,2024-03-14,CUST1056,Arjun Kumar,Jaipur,West Bengal,East,Home & Kitchen,Decor,Decor Product 27,4.0,668.22,0.0,190.98
ORD102439,2025-08-20,CUST1039,Rahul Singh,Agra,Gujarat,West,Furniture,Beds,Beds Product 1,6.0,2711.87,0.2,141.42
ORD101616,2025-02-25,CUST1416,Aman Sharma,Mumbai,Gujarat,North,Home & Kitchen,Bedding,Bedding Product 4,5.0,1943.49,0.1,276.69
ORD100031,2025-07-14,CUST1031,Aman Sharma,Jaipur,Maharashtra,South,Home & Kitchen,Bedding,Bedding Product 27,4.0,918.74,0.05,31.98
ORD100937,2025-09-15,CUST1937,Arjun Kumar,Kolkata,Gujarat,West,Electronics,Phones,Phones Product 26,6.0,2594.26,0.0,474.05
ORD103998,2025-05-13,CUST1398,Rohit Agarwal,Jaipur,Maharashtra,South,Sports,Fitness,Fitness Product 13,3.0,1102.96,0.2,203.58
ORD103043,2025-04-27,CUST1643,Pooja Singh,Chennai,West Bengal,North,Electronics,Laptops,Laptops Product 7,7.0,1110.35,0.1,267.9
ORD103846,2024-11-26,CUST1246,Priya Gupta,Ahmedabad,Tamil Nadu,South,Clothing,Kids,Kids Product 10,5.0,1443.13,0.3,-61.41
ORD100309,2025-01-26,CUST1309,Sneha Joshi,Mumbai,Gujarat,South,Sports,Cricket,Cricket Product 14,3.0,843.27,0.1,129.68
ORD102495,2025-07-13,CUST1095,Sneha Joshi,Jaipur,Maharashtra,West,Home & Kitchen,Bedding,Bedding Product 16,5.0,1987.13,0.15,53.14
ORD102819,2025-08-04,CUST1419,Sneha Joshi,Agra,Gujarat,North,Furniture,Chairs,Chairs Product 11,6.0,3725.94,0.0,
ORD103166,2025-02-27,CUST1766,Vikas Yadav,Kolkata,Rajasthan,West,Clothing,Footwear,Footwear Product 18,2.0,1775.96,0.0,447.92
ORD102146,2024-02-08,CUST1946,Neha Verma,Kolkata,Gujarat,North,Clothing,Footwear,Footwear Product 28,6.0,1635.08,0.2,49.3
ORD100495,2025-04-19,CUST1495,Neha Verma,Jaipur,Uttar Pradesh,South,Sports,Fitness,Fitness Product 1,5.0,1337.47,,284.47
ORD100205,2025-01-21,CUST1205,Aman Sharma,Chennai,Tamil Nadu,West,Home & Kitchen,Bedding,Bedding Product 1,6.0,1288.28,0.3,149.77
ORD102718,2024-02-24,CUST1318,Priya Gupta,Kolkata,West Bengal,South,Sports,Cricket,Cricket Product 12,5.0,429.32,0.2,
ORD103414,2025-01-03,CUST2014,Priya Gupta,Ahmedabad,Delhi,West,Sports,Cricket,Cricket Product 4,1.0,405.75,0.1,61.59
ORD103893,2024-01-15,CUST1293,Rohit Agarwal,Jaipur,Delhi,North,Home & Kitchen,Cookware,Cookware Product 18,7.0,,0.1,197.24
ORD100305,2025-08-02,CUST1305,Arjun Kumar,Bengaluru,Delhi,East,Furniture,Chairs,Chairs Product 8,7.0,786.0,0.2,176.8
ORD103855,2024-07-17,CUST1255,Vikas Yadav,Kolkata,Delhi,North,Furniture,Tables,Tables Product 22,5.0,1222.71,0.15,266.88
ORD102135,2024-01-02,CUST1935,Vikas Yadav,Agra,Gujarat,East,Clothing,Kids,Kids Product 19,6.0,2090.55,0.0,513.03
ORD101061,2025-10-30,CUST2061,Anjali Mehta,Kolkata,Delhi,South,Sports,Outdoor,Outdoor Product 20,5.0,1282.98,0.4,-47.53
ORD100843,2024-12-11,CUST1843,Sneha Joshi,Mumbai,Karnataka,South,Clothing,Men,Men Product 7,6.0,1385.62,0.05,257.45
ORD102759,2025-07-12,CUST1359,Aman Sharma,Ahmedabad,Uttar Pradesh,South,Clothing,Kids,Kids Product 28,2.0,3157.9,0.1,181.07
ORD102288,2024-08-24,CUST2088,Aman Sharma,Delhi,Delhi,North,Electronics,Laptops,Laptops Product 13,5.0,1027.89,0.2,87.59
ORD100211,2024-04-22,CUST1211,Rahul Singh,Mumbai,Karnataka,North,Sports,Fitness,Fitness Product 29,1.0,1635.68,0.05,242.14
ORD101108,2025-01-30,CUST2108,Rahul Singh,Bengaluru,Uttar Pradesh,East,Home & Kitchen,Cookware,Cookware Product 30,6.0,625.0,0.05,146.89
ORD104793,2025-11-18,CUST2193,Rohit Agarwal,Chennai,Delhi,North,Sports,Fitness,Fitness Product 10,3.0,1197.36,0.4,5.23
ORD100679,2024-05-22,CUST1679,Anjali Mehta,Agra,Tamil Nadu,East,Furniture,Chairs,Chairs Product 17,2.0,1871.0,0.05,488.04
ORD100565,2024-03-16,CUST1565,Sneha Joshi,Mumbai,Uttar Pradesh,East,Clothing,,Women Product 30,4.0,1165.36,0.1,176.65
ORD104471,2024-05-14,CUST1871,Vikas Yadav,Mumbai,Rajasthan,East,Home & Kitchen,Cookware,Cookware Product 29,3.0,948.69,0.05,203.73
ORD103811,2025-10-08,CUST1211,Priya Gupta,Chennai,Maharashtra,North,Electronics,Phones,Phones Product 8,,538.1,0.1,89.83
ORD100680,2025-02-18,CUST1680,Sneha Joshi,Kolkata,Karnataka,East,Electronics,Audio,Audio Product 14,5.0,665.22,0.0,107.78
ORD100180,2024-09-15,CUST1180,Arjun Kumar,Agra,Tamil Nadu,North,Clothing,Women,Women Product 26,3.0,255.04,0.05,38.78
ORD102705,2024-07-06,CUST1305,Rahul Singh,Agra,Delhi,South,Sports,Cricket,Cricket Product 15,4.0,4865.88,0.1,1018.67
ORD101253,2025-11-03,CUST1053,Sneha Joshi,Mumbai,Karnataka,East,Clothing,Kids,Kids Product 22,2.0,950.62,0.15,201.5
ORD102354,2025-04-10,CUST2154,Vikas Yadav,Mumbai,,East,Clothing,Footwear,Footwear Product 27,5.0,1994.4,0.3,-14.94
ORD104304,2025-08-05,CUST1704,Rohit Agarwal,Agra,Gujarat,South,Clothing,Women,Women Product 9,2.0,3000.07,0.1,412.29
ORD100278,2025-10-20,CUST1278,Rohit Agarwal,Chennai,Tamil Nadu,South,Furniture,Beds,Beds Product 18,4.0,1498.91,0.15,
ORD101926,2024-03-24,CUST1726,Vikas Yadav,Chennai,Uttar Pradesh,East,Sports,Outdoor,Outdoor Product 9,7.0,1291.71,0.4,-114.25
ORD101844,2025-11-30,CUST1644,Rohit Agarwal,Chennai,Karnataka,West,Electronics,Laptops,Laptops Product 7,5.0,588.6,0.05,126.48
ORD100432,2025-10-18,CUST1432,Arjun Kumar,Agra,West Bengal,South,Electronics,Laptops,Laptops Product 9,1.0,1750.79,0.0,207.6
ORD100289,2025-02-23,CUST1289,Arjun Kumar,Delhi,Gujarat,West,Home & Kitchen,Appliances,Appliances Product 3,4.0,1728.52,0.0,442.79
ORD101027,2025-02-13,CUST2027,Arjun Kumar,Delhi,Uttar Pradesh,South,Furniture,Beds,Beds Product 8,6.0,491.77,0.4,5.91
ORD100535,2025-11-06,CUST1535,Priya Gupta,Ahmedabad,Uttar Pradesh,North,Electronics,Phones,Phones Product 27,5.0,1764.89,0.2,240.45
ORD104058,2024-04-18,CUST1458,Aman Sharma,Jaipur,Delhi,South,Furniture,Chairs,Chairs Product 2,1.0,902.79,0.05,210.68
ORD100188,2024-08-12,CUST1188,Rahul Singh,Mumbai,Tamil Nadu,East,Furniture,Chairs,Chairs Product 23,7.0,1911.71,0.1,75.69
ORD102210,2024-03-17,CUST2010,Anjali Mehta,Ahmedabad,Gujarat,West,Home & Kitchen,Bedding,Bedding Product 16,,1582.1,0.15,307.21
ORD103980,2025-12-28,CUST1380,Rohit Agarwal,Ahmedabad,Gujarat,West,Home & Kitchen,Bedding,Bedding Product 7,1.0,1222.68,0.05,121.78
ORD101983,09/06/2024,CUST1783,Arjun Kumar,Bengaluru,West Bengal,West,Home & Kitchen,Bedding,Bedding Product 3,6.0,1322.05,0.05,168.49
ORD100270,2024-09-10,CUST1270,Sneha Joshi,Agra,Maharashtra,North,Sports,Cricket,Cricket Product 27,3.0,790.28,,194.35
ORD102276,2025-09-09,CUST2076,Anjali Mehta,Kolkata,Rajasthan,East,Sports,Cricket,Cricket Product 4,3.0,2606.96,0.3,205.94
ORD104710,2024-12-20,CUST2110,Aman Sharma,Chennai,Tamil Nadu,West,Clothing,Kids,Kids Product 28,7.0,2097.93,0.1,505.35
ORD104442,2025-01-03,CUST1842,Anjali Mehta,Jaipur,Uttar Pradesh,East,Clothing,Women,Women Product 3,1.0,491.93,0.1,33.6
ORD103757,2024-04-27,CUST1157,Rahul Singh,Bengaluru,West Bengal,East,Home & Kitchen,Appliances,Appliances Product 2,1.0,300.94,0.05,47.49
ORD100111,2024-10-15,CUST1111,Anjali Mehta,Bengaluru,Gujarat,East,Sports,Cricket,Cricket Product 15,4.0,1109.33,0.1,184.12
ORD101961,2024-06-13,CUST1761,Pooja Singh,agra,Maharashtra,South,Sports,Outdoor,Outdoor Product 5,3.0,1249.5,0.05,136.97
ORD100220,2024-05-09,CUST1220,Anjali Mehta,Ahmedabad,Tamil Nadu,North,Sports,Outdoor,Outdoor Product 5,7.0,,0.0,58.86
ORD101158,2024-12-12,CUST2158,Pooja Singh,Delhi,West Bengal,East,Furniture,Storage,Storage Product 22,1.0,3550.33,0.2,637.24
ORD100627,2024-03-10,CUST1627,Neha Verma,Mumbai,Uttar Pradesh,West,Home & Kitchen,Cookware,Cookware Product 30,5.0,976.42,0.15,160.04
ORD104322,2025-07-06,CUST1722,Rohit Agarwal,Agra,West Bengal,East,Electronics,Phones,Phones Product 13,6.0,942.34,0.0,230.49
ORD103413,2024-07-19,CUST2013,Pooja Singh,Chennai,Rajasthan,South,Sports,Fitness,,3.0,1423.62,0.3,254.58
ORD103392,2025-10-27,CUST1992,Rahul Singh,Mumbai,West Bengal,North,Electronics,Phones,Phones Product 10,4.0,1554.36,0.15,75.46
ORD100790,2024-11-30,CUST1790,Priya Gupta,Mumbai,Uttar Pradesh,East,Sports,Cricket,Cricket Product 5,5.0,1986.86,0.2,321.14
ORD104260,2025-12-26,CUST1660,Rohit Agarwal,Delhi,Delhi,West,Furniture,Beds,Beds Product 10,3.0,588.44,0.1,90.92
ORD100461,2025-03-10,CUST1461,Rahul Singh,Chennai,Uttar Pradesh,North,Clothing,Men,Men Product 10,2.0,2474.55,0.0,534.5
ORD104794,2024-08-04,CUST2194,Aman Sharma,Bengaluru,Rajasthan,South,Sports,Cycling,Cycling Product 26,1.0,2319.16,0.2,112.54
ORD100551,2024-08-04,CUST1551,Priya Gupta,Jaipur,Rajasthan,South,Sports,Cricket,Cricket Product 15,6.0,,0.05,36.48
ORD101174,2024-06-04,CUST2174,Neha Verma,Kolkata,Tamil Nadu,North,Electronics,Audio,Audio Product 15,7.0,1155.42,0.15,14.53
ORD101941,2025-01-29,CUST1741,Anjali Mehta,Mumbai,Maharashtra,East,Furniture,Tables,Tables Product 25,3.0,2514.05,0.1,657.19
ORD100198,2024-04-22,CUST1198,Sneha Joshi,Delhi,Gujarat,North,Clothing,Men,Men Product 25,5.0,1176.1,0.15,216.85
ORD102633,2025-11-13,CUST1233,Pooja Singh,Jaipur,Maharashtra,North,Clothing,,Footwear Product 15,3.0,1006.69,0.1,185.0
ORD104806,2024-06-30,CUST1006,Neha Verma,Chennai,Karnataka,South,Home & Kitchen,Appliances,Appliances Product 8,4.0,1072.66,0.1,121.07
ORD100402,2025-11-28,CUST1402,Arjun Kumar,Chennai,Karnataka,East,Home & Kitchen,Bedding,Bedding Product 14,2.0,2293.0,0.1,327.19
ORD103106,2024-03-03,CUST1706,Sneha Joshi,Delhi,West Bengal,East,Electronics,Phones,Phones Product 29,2.0,401.28,0.05,101.47
ORD102374,2024-03-19,CUST2174,Vikas Yadav,Agra,Uttar Pradesh,West,Home & Kitchen,Bedding,Bedding Product 1,7.0,1089.54,0.05,241.17
ORD104797,2025-11-29,CUST2197,Rahul Singh,Agra,West Bengal,South,Electronics,Phones,Phones Product 5,1.0,4896.71,0.3,-90.42
ORD102067,2024-10-05,CUST1867,Priya Gupta,Agra,Rajasthan,North,Home & Kitchen,Appliances,Appliances Product 16,6.0,1352.45,0.1,120.75
ORD101721,2025-01-21,CUST1521,Aman Sharma,Ahmedabad,Delhi,South,Sports,Outdoor,Outdoor Product 8,3.0,3712.48,0.2,579.87
ORD104786,2025-02-08,CUST2186,Sneha Joshi,Chennai,Uttar Pradesh,North,Sports,Cricket,Cricket Product 22,1.0,1926.23,0.0,321.13
ORD100650,2024-12-13,CUST1650,Aman Sharma,Mumbai,Karnataka,East,Sports,Cycling,Cycling Product 9,2.0,1501.23,0.05,344.26
ORD100708,2025-12-24,CUST1708,Sneha Joshi,Bengaluru,Uttar Pradesh,West,Clothing,Footwear,Footwear Product 7,7.0,1392.12,0.15,155.14
ORD103841,2025-01-27,CUST1241,Anjali Mehta,Agra,Gujarat,East,Sports,Cricket,Cricket Product 1,7.0,1020.37,0.2,0.79
ORD104445,2025-10-10,CUST1845,Pooja Singh,Delhi,Uttar Pradesh,West,Home & Kitchen,Decor,Decor Product 12,5.0,1667.26,0.0,91.36
ORD104922,2024-04-03,CUST1122,Aman Sharma,Agra,Maharashtra,North,Furniture,Tables,Tables Product 18,3.0,2257.0,0.3,36.95
ORD101888,2025-08-30,CUST1688,Vikas Yadav,Jaipur,Tamil Nadu,East,Home & Kitchen,Decor,Decor Product 19,5.0,3777.97,0.0,382.44
ORD104287,2025-10-30,CUST1687,Priya Gupta,Mumbai,Tamil Nadu,North,Furniture,Beds,Beds Product 29,1.0,2204.52,0.1,335.18
ORD100314,2024-02-02,CUST1314,Anjali Mehta,Mumbai,Maharashtra,West,Furniture,Chairs,Chairs Product 1,6.0,1007.63,0.15,222.18
ORD101973,2025-05-25,CUST1773,Pooja Singh,Jaipur,Gujarat,East,Home & Kitchen,Appliances,Appliances Product 8,4.0,1876.27,0.2,290.74
ORD104505,2024-11-06,CUST1905,Rohit Agarwal,Agra,Maharashtra,North,Clothing,Footwear,Footwear Product 1,5.0,1356.96,0.4,2.32
ORD100113,2025-05-04,CUST1113,Pooja Singh,Jaipur,Gujarat,North,Sports,Cycling,Cycling Product 28,2.0,6902.02,0.15,1171.27
ORD100960,2025-07-27,CUST1960,Sneha Joshi,Mumbai,Tamil Nadu,West,Home & Kitchen,,Decor Product 3,1.0,1503.08,0.15,271.36
ORD104645,2024-05-18,CUST2045,Anjali Mehta,Delhi,Maharashtra,West,Electronics,Audio,Audio Product 12,3.0,766.83,0.1,198.32
ORD100106,2025-05-13,CUST1106,Anjali Mehta,Agra,West Bengal,West,Home & Kitchen,Appliances,Appliances Product 17,3.0,1360.39,0.0,291.31
ORD101675,2024-04-29,CUST1475,Aman Sharma,Agra,Delhi,West,Clothing,Women,Women Product 20,4.0,974.07,0.3,92.91
ORD103378,2025-09-19,CUST1978,Sneha Joshi,Chennai,Rajasthan,North,Sports,Cycling,Cycling Product 6,5.0,521.63,0.2,20.43
ORD101755,2024-09-29,CUST1555,Priya Gupta,Jaipur,West Bengal,North,Home & Kitchen,Bedding,Bedding Product 22,3.0,1420.02,0.15,30.08
ORD102347,2025-06-09,CUST2147,Aman Sharma,Ahmedabad,Uttar Pradesh,East,Sports,Cricket,Cricket Product 22,1.0,1963.76,0.1,144.01
ORD103248,2025-07-11,CUST1848,Sneha Joshi,Agra,Delhi,North, Sports ,Cricket,Cricket Product 26,1.0,283.28,0.15,65.89
ORD102330,2024-04-10,CUST2130,Vikas Yadav,Delhi,Uttar Pradesh,South,Home & Kitchen,Appliances,Appliances Product 30,7.0,2337.57,0.15,567.01
ORD103471,2025-07-12,CUST2071,Vikas Yadav,Agra,Uttar Pradesh,East,Furniture,Chairs,Chairs Product 21,1.0,538.8,0.05,149.85
ORD104559,2024-08-22,CUST1959,Pooja Singh,Delhi,Rajasthan,South,Sports,Cricket,Cricket Product 3,1.0,1023.12,0.15,159.11
ORD101870,2025-12-14,CUST1670,Neha Verma,Mumbai,Gujarat,East,Clothing,Men,Men Product 11,5.0,879.19,0.15,200.11
ORD103404,2024-05-01,CUST2004,,Mumbai,Karnataka,North,Sports,Outdoor,Outdoor Product 24,1.0,720.46,0.2,96.85
ORD103044,2024-09-04,CUST1644,Sneha Joshi,Kolkata,West Bengal,North,Clothing,Footwear,Footwear Product 10,2.0,5388.41,0.1,773.91
ORD100326,2024-10-09,CUST1326,Neha Verma,Mumbai,Karnataka,South,Home & Kitchen,Appliances,Appliances Product 16,1.0,1472.95,0.15,257.15
ORD100604,2024-06-22,CUST1604,Neha Verma,Delhi,Delhi,North,Home & Kitchen,Decor,Decor Product 20,6.0,,0.05,154.15
ORD104221,2025-10-21,CUST1621,Rahul Singh,Mumbai,Uttar Pradesh,North,Furniture,Storage,Storage Product 23,1.0,2272.21,0.15,548.69
ORD103888,2025-04-03,CUST1288,Neha Verma,Kolkata,Karnataka,South,Electronics,Audio,Audio Product 13,6.0,707.15,0.0,149.98
ORD102623,2025-03-11,CUST1223,Rohit Agarwal,Jaipur,Delhi,West,Clothing,Men,Men Product 6,6.0,1684.31,0.1,
ORD101871,2024-02-04,CUST1671,Arjun Kumar,Jaipur,Gujarat,West,Home & Kitchen,Cookware,Cookware Product 16,1.0,513.21,0.2,108.89
ORD102331,2024-08-31,CUST2131,Priya Gupta,Ahmedabad,Karnataka,South,Furniture,Beds,Beds Product 11,3.0,1780.03,0.3,301.2
ORD102910,2024-03-08,CUST1510,Rohit Agarwal,Chennai,West Bengal,South,Clothing,Footwear,Footwear Product 14,6.0,713.88,0.05,144.25
ORD101405,2025-10-22,CUST1205,Arjun Kumar,Kolkata,,South,Clothing,Women,Women Product 11,2.0,1687.91,0.1,346.35
ORD103381,2025-04-30,CUST1981,Neha Verma,Bengaluru,Karnataka,West,Furniture,Storage,Storage Product 8,7.0,1213.46,0.05,149.69
ORD102924,2024-03-06,CUST1524,Aman Sharma,Mumbai,West Bengal,West,Clothing,Women,Women Product 12,3.0,806.07,0.1,50.13
ORD102658,2025-05-29,CUST1258,Neha Verma,bengaluru,West Bengal,South,Furniture,Chairs,Chairs Product 13,2.0,1966.16,0.3,136.46
ORD103132,2025-09-13,CUST1732,Neha Verma,Agra,Karnataka,East,Home & Kitchen,Appliances,Appliances Product 11,6.0,4243.85,0.15,741.41
ORD100789,2024-04-07,CUST1789,Anjali Mehta,Kolkata,Rajasthan,South,Electronics,Laptops,Laptops Product 9,6.0,1470.55,0.0,180.43
ORD102302,2025-02-09,CUST2102,Neha Verma,Bengaluru,Maharashtra,East,Electronics,Accessories,Accessories Product 28,7.0,3194.33,0.05,585.87
ORD104174,2024-05-20,CUST1574,Rahul Singh,Ahmedabad,Tamil Nadu,East,Home & Kitchen,Decor,Decor Product 9,5.0,971.12,0.2,15.63
ORD101539,2025-11-19,CUST1339,Rohit Agarwal,Delhi,Rajasthan,South,Home & Kitchen,Bedding,Bedding Product 26,5.0,2870.51,0.3,-115.23
ORD100871,2025-06-09,CUST1871,Pooja Singh,Bengaluru,Maharashtra,South,Furniture,Storage,Storage Product 3,1.0,2285.5,0.0,650.33
ORD102244,2025-10-03,CUST2044,Rahul Singh,Mumbai,Karnataka,West,Electronics,Accessories,Accessories Product 15,5.0,1595.12,0.0,422.07
ORD101770,2024-09-30,CUST1570,Neha Verma,Bengaluru,Delhi,South,Home & Kitchen,Decor,Decor Product 17,1.0,650.68,0.15,4.85
ORD101360,2024-10-15,CUST1160,Neha Verma,Delhi,Tamil Nadu,North,Electronics,Phones,Phones Product 1,4.0,5290.06,0.2,691.85
ORD100073,2025-12-03,CUST1073,Neha Verma,Mumbai,Tamil Nadu,South,Furniture,Tables,Tables Product 29,3.0,1763.49,0.2,
ORD104836,2024-12-21,CUST1036,Pooja Singh,Ahmedabad,Karnataka,South,Electronics,Audio,Audio Product 13,1.0,3275.41,0.05,885.95
ORD102892,2025-09-28,CUST1492,Neha Verma,Agra,Karnataka,South,Furniture,Chairs,Chairs Product 9,5.0,981.03,0.2,97.3
ORD104893,2025-04-02,CUST1093,Pooja Singh,Delhi,Uttar Pradesh,South,Furniture,Chairs,Chairs Product 11,6.0,1572.12,0.1,209.0
ORD104906,2025-02-07,CUST1106,Aman Sharma,Bengaluru,Tamil Nadu,East,Clothing,Men,Men Product 26,7.0,515.07,0.15,87.94
ORD103635,2025-10-21,CUST1035,Pooja Singh,Chennai,West Bengal,South,Clothing,Men,Men Product 18,2.0,1836.27,0.3,71.02
ORD104606,2024-03-11,CUST2006,Sneha Joshi,Agra,Delhi,East,Home & Kitchen,Bedding,Bedding Product 26,3.0,750.59,0.15,141.32
ORD103871,2025-05-05,CUST1271,Anjali Mehta,Agra,Rajasthan,West,Sports,Outdoor,Outdoor Product 26,7.0,630.47,0.1,105.48
ORD102451,2025-04-15,CUST1051,Rahul Singh,Ahmedabad,West Bengal,South,Electronics,Accessories,Accessories Product 9,5.0,1247.01,0.05,82.62
ORD103130,2025-05-28,CUST1730,Neha Verma,Kolkata,Karnataka,West,Sports,Outdoor,Outdoor Product 3,5.0,1656.51,0.15,39.18
ORD101894,2025-07-31,CUST1694,Sneha Joshi,Delhi,Gujarat,North,Electronics,Phones,Phones Product 1,7.0,1114.46,0.05,185.64
ORD100494,2024-06-08,CUST1494,Priya Gupta,Mumbai,Karnataka,South,Clothing,Footwear,Footwear Product 28,5.0,2819.57,0.0,539.88
ORD104799,2025-03-30,CUST2199,Rahul Singh,Chennai,Gujarat,West,Sports,Cricket,Cricket Product 9,5.0,1022.46,0.0,216.15
ORD102226,2025-06-14,CUST2026,Sneha Joshi,Jaipur,Uttar Pradesh,West,Home & Kitchen,Cookware,Cookware Product 18,5.0,1757.02,0.15,19.92
ORD102236,2025-11-06,CUST2036,Rahul Singh,Kolkata,Karnataka,West,Furniture,Chairs,Chairs Product 22,1.0,676.31,0.1,178.98
ORD101164,2024-01-25,CUST2164,Sneha Joshi,Chennai,West Bengal,North,Furniture,Beds,Beds Product 3,2.0,943.55,0.1,223.07
ORD101261,2025-11-30,CUST1061,Pooja Singh,Mumbai,Gujarat,North,Clothing,Footwear,Footwear Product 7,4.0,1489.39,0.2,204.82
ORD101784,2024-08-01,CUST1584,Rahul Singh,Ahmedabad,Gujarat,West,Clothing,Footwear,Footwear Product 14,7.0,1031.28,0.3,-32.09
ORD101538,2025-12-27,CUST1338,Vikas Yadav,Delhi,Gujarat,West,Electronics,Phones,Phones Product 21,5.0,1501.29,0.4,6.17
ORD102215,2024-09-19,CUST2015,,Mumbai,Delhi,West,Furniture,Beds,Beds Product 1,4.0,892.43,0.3,111.18
ORD101755,2024-09-29,CUST1555,Priya Gupta,Jaipur,West Bengal,North,Home & Kitchen,Bedding,Bedding Product 22,3.0,1420.02,0.15,30.08
ORD100618,2024-12-30,CUST1618,Vikas Yadav,Agra,Karnataka,East,Home & Kitchen,Decor,Decor Product 5,5.0,910.38,0.0,216.9
ORD101751,2025-06-10,CUST1551,Vikas Yadav,Jaipur,Karnataka,West,Clothing,Women,Women Product 26,2.0,1307.35,0.05,73.19
ORD101740,2025-08-13,CUST1540,Pooja Singh,Kolkata,Uttar Pradesh,South,Clothing,Kids,Kids Product 24,1.0,753.6,0.4,-62.66
ORD101833,2025-01-17,CUST1633,Aman Sharma,Agra,Maharashtra,East,Clothing,Kids,Kids Product 7,3.0,1361.58,0.1,54.31
ORD101421,2024-10-14,CUST1221,Priya Gupta,Mumbai,Rajasthan,North,Clothing,Footwear,Footwear Product 26,2.0,850.69,0.05,65.19
ORD103667,2024-03-28,CUST1067,Rahul Singh,Jaipur,Tamil Nadu,West,Sports,Cycling,Cycling Product 16,2.0,316.08,0.1,20.85
ORD103467,2024-03-31,CUST2067,Anjali Mehta,Delhi,Maharashtra,South,Furniture,Chairs,Chairs Product 13,5.0,2718.68,0.0,369.98
ORD100869,2024-02-25,CUST1869,Vikas Yadav,Chennai,Tamil Nadu,West,Clothing,Women,Women Product 21,1.0,1674.18,0.1,157.29
ORD102764,2025-08-24,CUST1364,Rahul Singh,Chennai,,South,Sports,Fitness,Fitness Product 10,4.0,1855.67,0.2,294.41
ORD101042,2025-07-28,CUST2042,Sneha Joshi,Agra,West Bengal,South,Furniture,Storage,Storage Product 9,7.0,536.52,0.3,7.6
ORD103501,2025-04-09,CUST2101,Rohit Agarwal,chennai,West Bengal,North,Home & Kitchen,Bedding,Bedding Product 27,3.0,610.15,0.15,66.28
ORD100356,2024-04-08,CUST1356,Anjali Mehta,Bengaluru,West Bengal,West,Home & Kitchen,Appliances,Appliances Product 29,7.0,680.06,0.3,130.59
ORD101162,2024-06-30,CUST2162,Rohit Agarwal,Ahmedabad,Rajasthan,North,Home & Kitchen,Decor,Decor Product 19,7.0,1009.29,0.4,156.73
ORD104483,2025-12-14,CUST1883,Anjali Mehta,Agra,Delhi,North,Clothing,Women,Women Product 14,1.0,1304.29,0.2,188.19
ORD103193,2024-12-12,CUST1793,Vikas Yadav,Mumbai,Delhi,East,Electronics,Audio,Audio Product 5,2.0,9284.67,0.0,1182.96
ORD101514,2024-12-09,CUST1314,Anjali Mehta,Bengaluru,Gujarat,West,Furniture,Beds,Beds Product 3,4.0,3051.01,0.1,728.42
ORD102367,2025-04-27,CUST2167,Rahul Singh,Chennai,West Bengal,South,Clothing,Kids,Kids Product 16,4.0,1601.83,0.05,423.75
ORD101818,2024-01-09,CUST1618,Sneha Joshi,Mumbai,Delhi,South,Furniture,Beds,Beds Product 28,5.0,2126.88,0.1,454.05
ORD103605,2025-03-26,CUST1005,Vikas Yadav,Agra,Gujarat,West,Electronics,Audio,Audio Product 27,7.0,2725.37,0.1,305.6
ORD104102,2024-11-12,CUST1502,Aman Sharma,Jaipur,Delhi,North,Furniture,Beds,Beds Product 22,1.0,3086.31,0.15,31.34
ORD101293,2024-08-24,CUST1093,Vikas Yadav,Agra,Karnataka,South,Furniture,Beds,Beds Product 6,2.0,1399.91,0.05,390.48
ORD102897,2024-10-20,CUST1497,Anjali Mehta,Jaipur,Karnataka,North,Sports,Cricket,Cricket Product 18,7.0,1790.32,0.1,429.31
ORD100332,2025-04-25,CUST1332,Sneha Joshi,Agra,Maharashtra,North,Clothing,,Women Product 16,2.0,3470.2,0.15,
ORD103411,2025-10-07,CUST2011,Vikas Yadav,Chennai,Maharashtra,North,Home & Kitchen,Decor,Decor Product 17,4.0,2241.49,0.1,140.57
ORD104522,2025-02-28,CUST1922,Rahul Singh,Agra,Maharashtra,East,Home & Kitchen,Appliances,Appliances Product 26,5.0,1144.78,0.15,157.45
ORD102480,2025-02-25,CUST1080,Neha Verma,Agra,Gujarat,East,Electronics,Accessories,Accessories Product 11,2.0,1008.47,0.05,181.4
ORD101258,2025-01-15,CUST1058,Vikas Yadav,Mumbai,Delhi,West,Electronics,Audio,Audio Product 21,3.0,465.43,0.1,84.43
ORD103729,2025-06-11,CUST1129,Anjali Mehta,Chennai,Uttar Pradesh,West,Furniture,Tables,Tables Product 18,4.0,859.59,0.1,221.18
ORD102264,2025-04-15,CUST2064,Vikas Yadav,Ahmedabad,West Bengal,North,Clothing,Women,Women Product 5,4.0,790.26,0.15,21.71
ORD101116,2025-04-04,CUST2116,Arjun Kumar,Kolkata,Gujarat,North,Electronics,Laptops,Laptops Product 5,5.0,1245.36,0.2,147.8
ORD101909,2024-04-09,CUST1709,Anjali Mehta,Bengaluru,Delhi,East,Clothing,Kids,Kids Product 24,5.0,551.33,0.05,35.06
ORD103613,2024-11-16,CUST1013,Rahul Singh,Jaipur,West Bengal,South,Electronics,Phones,Phones Product 8,7.0,953.22,0.15,161.88
ORD103133,2025-08-20,CUST1733,Neha Verma,Bengaluru,Maharashtra,East,Electronics,Laptops,Laptops Product 18,5.0,1578.16,0.4,94.0
ORD104457,2025-09-10,CUST1857,Sneha Joshi,Agra,Karnataka,South,Home & Kitchen,Cookware,Cookware Product 23,2.0,3146.22,0.2,56.64
ORD103320,2024-02-18,CUST1920,Vikas Yadav,Agra,Karnataka,North,Sports,Fitness,Fitness Product 19,6.0,1228.53,0.0,242.79
ORD101417,2025-07-24,CUST1217,Aman Sharma,Ahmedabad,,West,Electronics,Laptops,Laptops Product 29,4.0,728.32,0.1,155.66
ORD100445,2024-04-05,CUST1445,Pooja Singh,Bengaluru,Tamil Nadu,North,Electronics,Audio,Audio Product 5,3.0,881.89,0.0,158.67
ORD102282,2025-10-18,CUST2082,Neha Verma,Bengaluru,West Bengal,South,Electronics,Laptops,Laptops Product 8,6.0,712.73,,181.32
ORD100452,2024-09-28,CUST1452,Priya Gupta,Jaipur,Delhi,North,Clothing,Kids,Kids Product 14,5.0,369.92,0.0,61.17
ORD101600,2024-05-26,CUST1400,Priya Gupta,Kolkata,Rajasthan,South,Clothing,Women,Women Product 9,2.0,766.49,0.1,188.46
ORD104683,2025-04-23,CUST2083,Rohit Agarwal,Delhi,Rajasthan,North,Home & Kitchen,Appliances,Appliances Product 4,-4.0,1652.72,0.1,428.86
ORD103814,2024-11-02,CUST1214,Priya Gupta,Jaipur,Karnataka,West,Furniture,Storage,Storage Product 15,3.0,376.81,0.1,74.53
ORD100014,2025-01-07,CUST1014,Vikas Yadav,Kolkata,Maharashtra,North,Electronics,Laptops,Laptops Product 22,2.0,662.42,0.0,98.84
ORD102669,2025-12-31,CUST1269,Arjun Kumar,Bengaluru,Maharashtra,East,Furniture,Chairs,Chairs Product 25,6.0,3030.71,0.1,359.4
ORD100945,2024-08-30,CUST1945,Rohit Agarwal,Mumbai,Gujarat,East,Furniture,Beds,Beds Product 17,7.0,2098.64,0.0,235.6
ORD100247,2025-02-06,CUST1247,Rahul Singh,Mumbai,Tamil Nadu,North,Clothing,Men,Men Product 4,2.0,395.03,0.3,21.53
ORD104979,2025-08-06,CUST1179,Neha Verma,Ahmedabad,West Bengal,North,Furniture,Beds,Beds Product 3,6.0,926.73,0.0,134.23
ORD100360,2024-09-09,CUST1360,Anjali Mehta,Kolkata,Rajasthan,South,Clothing,Kids,Kids Product 13,6.0,492.78,0.2,4.04
ORD104688,2024-03-02,CUST2088,Rohit Agarwal,Chennai,Uttar Pradesh,East,Clothing,Men,Men Product 28,5.0,952.24,0.0,146.07
ORD101588,2024-08-11,CUST1388,Pooja Singh,Ahmedabad,Delhi,North,Electronics,Audio,Audio Product 18,1.0,5443.1,0.15,693.98
ORD103475,2025-01-29,CUST2075,Anjali Mehta,Chennai,Delhi,East,Furniture,Tables,Tables Product 25,2.0,1372.83,0.1,126.9
ORD102341,2024-08-03,CUST2141,Sneha Joshi,Agra,Delhi,East,Sports,Fitness,Fitness Product 14,3.0,1271.92,0.2,55.11
ORD103628,2025-03-21,CUST1028,Rohit Agarwal,Chennai,West Bengal,East,Furniture,Storage,Storage Product 11,5.0,624.97,0.0,127.55
ORD104965,2025-05-08,CUST1165,Aman Sharma,Agra,Rajasthan,West,Sports,Fitness,Fitness Product 5,-3.0,1103.19,0.3,-16.24
ORD104827,2025-05-22,CUST1027,Priya Gupta,Chennai,Rajasthan,West,Clothing,Footwear,Footwear Product 10,3.0,1473.95,0.15,294.04
ORD103822,2024-02-14,CUST1222,Rohit Agarwal,Ahmedabad,Gujarat,South,Electronics,Audio,Audio Product 28,7.0,890.45,0.1,174.83
ORD103926,2025-11-11,CUST1326,Anjali Mehta,Jaipur,Tamil Nadu,West,Clothing,Men,Men Product 3,7.0,3647.68,0.0,535.69
ORD104919,2024-06-04,CUST1119,Arjun Kumar,Chennai,Rajasthan,West,Home & Kitchen,Bedding,Bedding Product 10,4.0,1292.0,0.0,294.21
ORD103963,08/02/2024,CUST1363,Priya Gupta,Mumbai,Uttar Pradesh,North,Home & Kitchen,Appliances,Appliances Product 14,6.0,1871.35,0.3,199.16
ORD100490,2024-01-16,CUST1490,Vikas Yadav,Delhi,Maharashtra,East,Home & Kitchen,Appliances,,2.0,1382.58,0.05,145.61
ORD100862,2024-01-08,CUST1862,Sneha Joshi,Kolkata,Rajasthan,West,Clothing,Kids,Kids Product 10,7.0,552.19,0.4,69.63
ORD102364,2024-08-25,CUST2164,Arjun Kumar,Bengaluru,Karnataka,South,Furniture,Storage,Storage Product 6,6.0,628.41,0.1,29.98
ORD103466,2024-03-04,CUST2066,Vikas Yadav,Mumbai,Rajasthan,East,Furniture,Beds,Beds Product 11,7.0,3139.27,0.0,698.13
ORD104588,2024-07-13,CUST1988,Pooja Singh,Chennai,Tamil Nadu,South,Sports,Cycling,Cycling Product 28,4.0,655.91,0.3,59.41
ORD102487,2024-07-10,CUST1087,Arjun Kumar,Ahmedabad,West Bengal,East,Electronics,Laptops,Laptops Product 22,6.0,2255.96,0.1,189.12
ORD104257,2024-02-19,CUST1657,Priya Gupta,Kolkata,West Bengal,East,Home & Kitchen,Cookware,Cookware Product 12,1.0,860.79,0.1,89.8
ORD100506,2025-02-20,CUST1506,Pooja Singh,Agra,Uttar Pradesh,West,Home & Kitchen,Appliances,Appliances Product 11,2.0,1800.61,0.05,288.19
ORD102722,2025-10-31,CUST1322,Sneha Joshi,Bengaluru,Maharashtra,South,Electronics,Phones,Phones Product 25,1.0,1882.79,0.0,522.93
ORD100025,2024-10-03,CUST1025,Rohit Agarwal,Mumbai,Uttar Pradesh,South,Sports,Outdoor,Outdoor Product 5,1.0,2324.19,0.4,-159.84
ORD102004,2024-10-20,CUST1804,Anjali Mehta,Jaipur,West Bengal,West,Electronics,Accessories,Accessories Product 3,1.0,1341.29,0.15,252.76
ORD101222,2024-02-24,CUST1022,Priya Gupta,Delhi,Uttar Pradesh,East,Electronics,Audio,Audio Product 10,5.0,2166.32,0.15,
ORD101113,2025-09-14,CUST2113,Arjun Kumar,Mumbai,Karnataka,South,Electronics,Laptops,Laptops Product 24,2.0,1481.66,0.0,424.61
ORD101966,2024-06-04,CUST1766,Neha Verma,Chennai,Delhi,North,Clothing,Women,Women Product 6,2.0,1083.45,0.1,177.5
ORD103480,2024-01-20,CUST2080,,Ahmedabad,Uttar Pradesh,West,Sports,Fitness,Fitness Product 11,6.0,1023.11,0.1,28.39
ORD102181,2024-02-19,CUST1981,Pooja Singh,Jaipur,Tamil Nadu,East,Furniture,Beds,Beds Product 3,5.0,2171.28,0.15,162.4
ORD104704,2025-01-02,CUST2104,Aman Sharma,Delhi,Delhi,North,Sports,Cycling,Cycling Product 21,7.0,1839.08,0.4,-154.57
ORD100433,2024-04-29,CUST1433,Sneha Joshi,Delhi,Uttar Pradesh,South,Home & Kitchen,Cookware,Cookware Product 4,3.0,1346.14,0.1,79.19
ORD102101,2024-10-19,CUST1901,Aman Sharma,Bengaluru,West Bengal,West,Home & Kitchen,Cookware,Cookware Product 16,4.0,574.84,0.1,50.56
ORD103208,2024-12-27,CUST1808,Neha Verma,Bengaluru,Maharashtra,West,Electronics,Accessories,Accessories Product 26,2.0,1498.39,0.15,273.61
ORD103098,2025-09-13,CUST1698,Arjun Kumar,Kolkata,Karnataka,East,Furniture,Storage,Storage Product 28,3.0,874.99,0.1,199.12
ORD102127,2024-06-04,CUST1927,Neha Verma,Chennai,Gujarat,East,Home & Kitchen,Decor,Decor Product 10,3.0,1381.54,0.15,105.38
ORD101564,2024-07-13,CUST1364,Priya Gupta,Delhi,Delhi,,Clothing,Women,Women Product 26,1.0,901.51,0.3,
ORD103615,2025-10-31,CUST1015,Sneha Joshi,Bengaluru,Rajasthan,South,Electronics,Laptops,Laptops Product 24,1.0,360.44,0.15,86.06
ORD102167,2024-01-26,CUST1967,Pooja Singh,Delhi,Maharashtra,South,Furniture,Tables,Tables Product 6,5.0,571.2,0.2,74.35
ORD102103,2024-02-12,CUST1903,Priya Gupta,Delhi,Maharashtra,North,Furniture,Beds,Beds Product 13,2.0,1129.0,0.3,215.89
ORD104230,2025-06-02,CUST1630,Pooja Singh,Ahmedabad,Uttar Pradesh,South,Home & Kitchen,Cookware,Cookware Product 26,4.0,1697.09,0.0,185.84
ORD101102,2024-05-13,CUST2102,Rahul Singh,Kolkata,Uttar Pradesh,West,Sports,Outdoor,Outdoor Product 29,4.0,3797.77,0.3,168.45
ORD103441,2024-05-18,CUST2041,Sneha Joshi,Mumbai,Uttar Pradesh,West,Electronics,Accessories,Accessories Product 29,7.0,915.85,0.15,175.17
ORD101499,2024-10-19,CUST1299,Priya Gupta,Jaipur,Karnataka,South,Clothing,Kids,Kids Product 1,3.0,2372.6,0.05,669.56
ORD102174,2025-08-06,CUST1974,Vikas Yadav,Bengaluru,Karnataka,West,Furniture,Tables,Tables Product 14,2.0,3659.65,0.15,88.6
ORD103905,2025-08-12,CUST1305,Sneha Joshi,Bengaluru,West Bengal,West,Sports,Cricket,Cricket Product 12,4.0,1956.42,0.1,176.15
ORD100156,2024-08-30,CUST1156,Rahul Singh,Chennai,Uttar Pradesh,North,Electronics,Audio,Audio Product 2,7.0,2841.55,0.15,260.89
ORD104291,2025-06-01,CUST1691,Rahul Singh,Bengaluru,Maharashtra,South,Clothing,Men,Men Product 11,3.0,1884.75,0.0,357.05
ORD102554,2024-12-25,CUST1154,Sneha Joshi,Ahmedabad,Delhi,South,Clothing,Kids,Kids Product 13,7.0,814.02,0.05,109.75
ORD100615,2024-12-04,CUST1615,Vikas Yadav,Ahmedabad,Gujarat,South,Home & Kitchen,Appliances,Appliances Product 13,2.0,1447.7,0.0,259.96
ORD100643,2024-02-27,CUST1643,Sneha Joshi,Delhi,Uttar Pradesh,East,Clothing,Footwear,Footwear Product 13,1.0,1468.67,0.2,-9.47
ORD101489,2025-01-23,CUST1289,Vikas Yadav,Jaipur,Maharashtra,East, Electronics ,Phones,Phones Product 16,4.0,1358.4,0.05,350.0
ORD102280,2024-02-24,CUST2080,Rohit Agarwal,Ahmedabad,Tamil Nadu,West,Home & Kitchen,Cookware,Cookware Product 29,1.0,3975.22,0.0,710.95
ORD101068,2025-03-16,CUST2068,Neha Verma,Mumbai,Gujarat,West,Sports,Outdoor,Outdoor Product 12,3.0,1150.31,0.05,300.43
ORD103339,2024-12-29,CUST1939,Aman Sharma,Ahmedabad,Maharashtra,North,Home & Kitchen,Bedding,Bedding Product 19,5.0,971.81,0.0,233.38
ORD104930,2024-01-29,CUST1130,Priya Gupta,Bengaluru,West Bengal,South,Furniture,Chairs,Chairs Product 2,6.0,777.66,0.05,56.8
ORD104270,2025-01-25,CUST1670,Pooja Singh,Ahmedabad,Rajasthan,South,Electronics,Accessories,Accessories Product 13,5.0,598.1,0.15,66.35
ORD104537,2025-10-14,CUST1937,Vikas Yadav,Jaipur,Maharashtra,West,Furniture,Tables,Tables Product 7,5.0,2704.42,0.3,518.77
ORD100330,2025-08-31,CUST1330,Aman Sharma,Kolkata,Tamil Nadu,South,Sports,Outdoor,Outdoor Product 20,1.0,839.74,0.15,6.87
ORD101891,2024-09-06,CUST1691,Aman Sharma,Mumbai,Delhi,North,Home & Kitchen,Decor,Decor Product 17,2.0,2027.26,0.15,422.54
ORD102937,2024-11-02,CUST1537,Pooja Singh,Chennai,Delhi,North,Furniture,Beds,Beds Product 2,5.0,596.21,0.2,82.93
ORD102228,2024-08-05,CUST2028,Priya Gupta,Jaipur,Tamil Nadu,East,Home & Kitchen,Appliances,Appliances Product 23,3.0,712.73,,108.65
ORD100622,2025-05-25,CUST1622,Aman Sharma,Ahmedabad,Gujarat,South,Home & Kitchen,Cookware,Cookware Product 7,1.0,1758.08,0.15,415.76
ORD101647,2025-03-23,CUST1447,Neha Verma,Delhi,Maharashtra,North,Sports,Cricket,Cricket Product 12,2.0,1265.64,0.2,-2.06
ORD104994,2025-09-28,CUST1194,Neha Verma,Agra,West Bengal,East,Furniture,Chairs,Chairs Product 4,1.0,644.79,0.1,155.57
ORD104135,2024-02-01,CUST1535,Neha Verma,Jaipur,Maharashtra,East,Clothing,Kids,Kids Product 7,4.0,1624.05,0.2,
ORD104712,2024-07-29,CUST2112,Aman Sharma,Chennai,Uttar Pradesh,East,Home & Kitchen,Cookware,Cookware Product 8,5.0,319.83,0.05,11.22
ORD103682,2024-05-20,CUST1082,Anjali Mehta,Chennai,Karnataka,South,Clothing,Men,Men Product 27,2.0,2473.87,0.4,-104.82
ORD104133,2025-07-24,CUST1533,Vikas Yadav,Ahmedabad,Rajasthan,West,Sports,Fitness,Fitness Product 28,2.0,785.13,0.05,52.9
ORD102755,2025-10-21,CUST1355,Arjun Kumar,Jaipur,West Bengal,North,Clothing,Footwear,Footwear Product 17,3.0,1420.01,0.0,108.26
ORD100755,2024-01-01,CUST1755,Sneha Joshi,Chennai,Karnataka,South,Sports,Fitness,Fitness Product 9,2.0,2235.85,0.05,91.06
ORD100518,2025-12-27,CUST1518,Priya Gupta,Jaipur,Gujarat,East,Electronics,Phones,Phones Product 1,7.0,721.23,0.05,43.46
ORD103865,2025-04-05,CUST1265,Rohit Agarwal,Bengaluru,Maharashtra,North,Furniture,Storage,Storage Product 5,6.0,1206.19,0.1,83.72
ORD100032,2025-04-19,CUST1032,Pooja Singh,Ahmedabad,Maharashtra,North,Clothing,Women,Women Product 24,3.0,1442.38,0.2,224.47
ORD102986,2024-04-11,CUST1586,Anjali Mehta,Kolkata,Tamil Nadu,North,Home & Kitchen,Cookware,Cookware Product 29,4.0,1956.49,0.1,464.56
ORD101157,2025-02-21,CUST2157,Rohit Agarwal,Bengaluru,Gujarat,East,Furniture,Beds,Beds Product 26,2.0,470.15,0.3,45.48
ORD100744,2025-03-12,CUST1744,Neha Verma,Mumbai,Karnataka,East,Furniture,Storage,Storage Product 5,1.0,4029.52,0.15,374.87
ORD102942,2025-05-22,CUST1542,Aman Sharma,Jaipur,Uttar Pradesh,South,Home & Kitchen,Bedding,Bedding Product 8,6.0,2177.77,0.0,456.05
ORD102441,2025-05-24,CUST1041,Anjali Mehta,Mumbai,Gujarat,East,Home & Kitchen,Bedding,Bedding Product 17,1.0,1648.51,0.1,375.29
ORD102015,2024-12-17,CUST1815,Aman Sharma,Ahmedabad,Gujarat,East,Home & Kitchen,Bedding,Bedding Product 18,6.0,1519.23,0.0,362.73
ORD103515,2025-07-28,CUST2115,Vikas Yadav,Bengaluru,Karnataka,East,Furniture,Chairs,Chairs Product 22,1.0,2085.63,0.2,374.97
ORD100783,2024-03-15,CUST1783,Rohit Agarwal,Kolkata,West Bengal,North,Clothing,Women,Women Product 11,6.0,2303.34,0.05,84.3
ORD102749,2024-10-29,CUST1349,Arjun Kumar,Delhi,Maharashtra,North,Sports,Cycling,Cycling Product 18,7.0,1164.16,0.1,211.26
ORD103909,2024-01-03,CUST1309,Vikas Yadav,Chennai,Gujarat,East,Electronics,Accessories,Accessories Product 22,6.0,1775.66,,-87.79
ORD100229,2024-07-21,CUST1229,Neha Verma,Jaipur,Rajasthan,South,Home & Kitchen,Bedding,Bedding Product 3,2.0,2052.77,0.4,240.4
ORD100857,2024-02-17,CUST1857,Rahul Singh,Kolkata,Gujarat,East,Home & Kitchen,Appliances,Appliances Product 23,6.0,1870.08,0.0,302.65
ORD101666,2024-11-19,CUST1466,Aman Sharma,Bengaluru,Uttar Pradesh,West,Home & Kitchen,Decor,Decor Product 27,3.0,512.17,0.1,
ORD103544,2025-01-04,CUST2144,,Kolkata,Gujarat,South,Sports,Outdoor,Outdoor Product 14,7.0,1423.01,0.2,272.07
ORD100408,2025-07-23,CUST1408,Rahul Singh,Delhi,Maharashtra,South,Home & Kitchen,Decor,Decor Product 22,7.0,354.58,0.2,61.74
ORD100170,2024-12-13,CUST1170,Arjun Kumar,Mumbai,Gujarat,South,Home & Kitchen,Bedding,Bedding Product 2,4.0,1066.78,0.3,31.59
ORD100540,2024-04-08,CUST1540,Vikas Yadav,Ahmedabad,West Bengal,East,Furniture,,Storage Product 2,6.0,1455.28,0.1,123.63
ORD102596,2024-08-09,CUST1196,Sneha Joshi,Jaipur,Maharashtra,South,Furniture,Beds,Beds Product 6,3.0,2698.61,0.3,-96.45
ORD102342,2025-10-31,CUST2142,Vikas Yadav,Bengaluru,Karnataka,West,Home & Kitchen,Cookware,Cookware Product 5,5.0,381.55,0.15,17.01
ORD102609,2025-10-08,CUST1209,Priya Gupta,Delhi,Uttar Pradesh,South,Furniture,Beds,Beds Product 4,4.0,665.99,0.05,100.78
ORD100613,2024-06-13,CUST1613,Anjali Mehta,Mumbai,Uttar Pradesh,West,Furniture,Chairs,Chairs Product 28,1.0,1352.07,0.2,88.38
ORD101534,2024-09-15,CUST1334,Vikas Yadav,Mumbai,Gujarat,North,Furniture,Chairs,Chairs Product 10,5.0,1150.31,0.1,25.37
ORD102707,2024-01-20,CUST1307,Aman Sharma,Agra,,East,Sports,Cricket,Cricket Product 29,5.0,1427.82,0.15,352.69
ORD104081,2024-10-16,CUST1481,Pooja Singh,Kolkata,Gujarat,North,Home & Kitchen,Bedding,Bedding Product 13,2.0,500.44,0.05,62.55
ORD101161,2024-06-27,CUST2161,Sneha Joshi,Delhi,West Bengal,North,Home & Kitchen,Cookware,Cookware Product 30,7.0,1889.93,0.2,125.56
ORD102095,2024-08-08,CUST1895,Pooja Singh,Jaipur,Maharashtra,West,Clothing,Women,Women Product 20,7.0,654.34,0.2,56.24
ORD103516,2024-11-18,CUST2116,Anjali Mehta,Bengaluru,Karnataka,North,Furniture,Beds,Beds Product 30,4.0,298.7,0.3,36.02
ORD103168,2025-03-13,CUST1768,Neha Verma,Mumbai,Uttar Pradesh,South, Electronics ,Phones,Phones Product 10,1.0,724.91,0.0,193.89
ORD101662,2024-10-04,CUST1462,Anjali Mehta,Chennai,Delhi,,Furniture,Storage,Storage Product 3,5.0,450.72,0.15,94.27
ORD101869,2025-10-04,CUST1669,Sneha Joshi,Ahmedabad,Maharashtra,North,Sports,Cricket,Cricket Product 24,4.0,2276.19,0.3,275.1
ORD103750,2025-06-16,CUST1150,Rohit Agarwal,Delhi,West Bengal,South,Clothing,Footwear,Footwear Product 5,7.0,1549.16,0.1,210.73
ORD100564,2024-08-20,CUST1564,Neha Verma,Agra,Uttar Pradesh,South,Clothing,Men,Men Product 28,7.0,1415.38,0.15,252.29
ORD103631,2025-04-28,CUST1031,Priya Gupta,Chennai,West Bengal,West,Electronics,Accessories,Accessories Product 13,7.0,673.74,0.15,46.4
ORD104278,2025-02-07,CUST1678,Priya Gupta,Bengaluru,Uttar Pradesh,South,Sports,Outdoor,Outdoor Product 3,6.0,796.78,0.2,55.54
ORD103176,2025-02-09,CUST1776,Sneha Joshi,Mumbai,Gujarat,North,Furniture,Storage,Storage Product 11,2.0,1716.59,0.1,399.63
ORD103427,2025-11-04,CUST2027,Sneha Joshi,Kolkata,Gujarat,South,Sports,Cricket,Cricket Product 19,7.0,1913.82,0.05,76.33
ORD102307,2025-05-14,CUST2107,Anjali Mehta,Chennai,West Bengal,East,Clothing,Women,Women Product 23,3.0,909.84,0.05,210.75
ORD103200,2025-12-22,CUST1800,Neha Verma,Bengaluru,Tamil Nadu,West,Home & Kitchen,Cookware,Cookware Product 19,6.0,1182.86,0.15,105.98
ORD104963,2024-03-04,CUST1163,Pooja Singh,Ahmedabad,Maharashtra,East,Sports,Fitness,Fitness Product 30,5.0,1239.16,0.1,232.88
ORD103534,2024-07-12,CUST2134,Vikas Yadav,Jaipur,West Bengal,South,Clothing,Men,Men Product 1,2.0,1144.32,0.1,221.63
ORD104219,2025-04-02,CUST1619,Neha Verma,Chennai,Delhi,West,Sports,Outdoor,Outdoor Product 15,7.0,2768.13,0.3,333.39
ORD103077,2025-08-25,CUST1677,Arjun Kumar,Bengaluru,West Bengal,East,Furniture,Beds,Beds Product 20,7.0,1078.96,0.05,102.86
ORD102525,2025-10-06,CUST1125,Anjali Mehta,Chennai,Delhi,North,Home & Kitchen,Bedding,Bedding Product 3,3.0,1335.59,0.1,189.41
ORD101612,2024-06-18,CUST1412,Rahul Singh,Kolkata,Gujarat,South,Electronics,Phones,Phones Product 28,4.0,1630.42,0.15,236.47
ORD101172,2025-10-23,CUST2172,Anjali Mehta,Mumbai,Karnataka,North,Sports,Cycling,Cycling Product 23,3.0,770.77,0.05,83.64
ORD101468,2024-06-18,CUST1268,Pooja Singh,Chennai,Rajasthan,North,Clothing,Men,Men Product 23,3.0,,0.0,327.91
ORD100325,2025-03-13,CUST1325,Anjali Mehta,Kolkata,Uttar Pradesh,South,Furniture,Storage,Storage Product 9,5.0,835.26,0.0,126.68
ORD101051,2024-07-16,CUST2051,Anjali Mehta,Bengaluru,Karnataka,East,Electronics,Accessories,Accessories Product 29,3.0,439.65,0.1,29.16
ORD102995,2025-10-27,CUST1595,Priya Gupta,Chennai,Maharashtra,South,Sports,Outdoor,Outdoor Product 9,,1609.58,0.4,202.56
ORD103349,2025-07-13,CUST1949,Rahul Singh,Ahmedabad,West Bengal,East,Sports,Cycling,Cycling Product 20,3.0,1711.84,0.15,23.54
ORD102934,2024-06-26,CUST1534,Pooja Singh,Jaipur,Rajasthan,North,Home & Kitchen,Bedding,Bedding Product 9,7.0,562.32,0.05,151.21
ORD103817,2024-11-26,CUST1217,Anjali Mehta,Bengaluru,Rajasthan,East,Electronics,Audio,Audio Product 3,5.0,727.5,0.15,115.26
ORD101543,2025-07-26,CUST1343,Anjali Mehta,Delhi,Rajasthan,North,Electronics,Accessories,Accessories Product 17,4.0,2582.55,0.1,439.02
ORD101196,2024-10-11,CUST2196,Aman Sharma,Delhi,Gujarat,,Sports,Fitness,Fitness Product 29,6.0,1540.95,0.4,-114.7
ORD100620,2025-05-14,CUST1620,Neha Verma,Ahmedabad,Gujarat,West,Clothing,Kids,Kids Product 13,4.0,1250.94,0.0,246.62
ORD103949,2024-09-29,CUST1349,Pooja Singh,Agra,Delhi,East,Sports,Outdoor,Outdoor Product 14,5.0,707.5,0.2,97.75
ORD104277,2025-04-21,CUST1677,Aman Sharma,Agra,Karnataka,West,Electronics,Accessories,Accessories Product 7,7.0,949.16,0.05,63.45
ORD101189,2024-05-20,CUST2189,Rohit Agarwal,,Karnataka,East,Electronics,Phones,,5.0,1767.26,0.15,361.22
ORD100328,2024-08-13,CUST1328,Priya Gupta,Bengaluru,Tamil Nadu,North,Sports,Outdoor,Outdoor Product 9,1.0,910.84,0.3,61.11
ORD100648,2024-01-01,CUST1648,Pooja Singh,Chennai,Tamil Nadu,East,Home & Kitchen,Cookware,Cookware Product 18,6.0,917.0,0.05,216.21
ORD100897,2024-08-18,CUST1897,Neha Verma,Agra,Maharashtra,West,Clothing,Men,Men Product 20,3.0,1948.04,0.0,464.91
ORD101728,2025-06-07,CUST1528,Anjali Mehta,Bengaluru,Gujarat,North, Electronics ,Accessories,Accessories Product 17,4.0,2734.16,0.05,379.16
ORD101123,2025-01-12,CUST2123,Vikas Yadav,Jaipur,Karnataka,South,Furniture,Chairs,Chairs Product 12,1.0,977.76,0.3,71.72
ORD101952,2025-11-13,CUST1752,Aman Sharma,Mumbai,West Bengal,North,Sports,Cricket,Cricket Product 6,2.0,1138.36,0.15,191.1
ORD104675,2024-07-24,CUST2075,Pooja Singh,Jaipur,Uttar Pradesh,North,Clothing,Kids,Kids Product 21,7.0,1924.16,0.1,347.13
ORD101881,2025-05-30,CUST1681,Aman Sharma,Kolkata,Gujarat,West,Sports,Fitness,Fitness Product 2,7.0,779.39,0.3,61.18
ORD104771,2025-08-08,CUST2171,Priya Gupta,Delhi,Uttar Pradesh,West,Home & Kitchen,Appliances,Appliances Product 8,1.0,1741.66,0.05,302.56
ORD103496,2025-02-10,CUST2096,Aman Sharma,Chennai,Tamil Nadu,West,Electronics,Laptops,Laptops Product 10,7.0,802.32,0.15,165.78
ORD101482,2024-09-28,CUST1282,Sneha Joshi,Ahmedabad,Uttar Pradesh,West,Home & Kitchen,Appliances,Appliances Product 30,6.0,3756.3,0.0,906.89
ORD104140,2025-10-12,CUST1540,Neha Verma,Jaipur,West Bengal,South,Electronics,Accessories,Accessories Product 11,2.0,2645.19,0.1,452.76
ORD102471,2025-09-20,CUST1071,Priya Gupta,Mumbai,Karnataka,South,Sports,Cycling,Cycling Product 16,1.0,832.5,0.15,133.35
ORD101593,2024-11-18,CUST1393,Aman Sharma,Jaipur,Uttar Pradesh,South,Clothing,,Men Product 23,7.0,2269.39,0.05,461.03
ORD101554,2024-11-24,CUST1354,Arjun Kumar,Ahmedabad,Karnataka,West,Furniture,Storage,Storage Product 27,2.0,348.83,0.15,25.13
ORD101023,2024-06-13,CUST2023,Rohit Agarwal,Agra,Karnataka,East,Sports,Fitness,Fitness Product 28,3.0,882.28,0.2,198.1
ORD103384,2025-09-16,CUST1984,Sneha Joshi,Mumbai,Rajasthan,West,Home & Kitchen,Cookware,Cookware Product 8,5.0,2530.67,0.15,584.04
ORD102697,2024-01-20,CUST1297,Neha Verma,Kolkata,Karnataka,East,Furniture,Tables,Tables Product 6,3.0,1765.85,0.2,346.37
ORD101654,2025-08-08,CUST1454,Pooja Singh,Mumbai,Uttar Pradesh,West,Electronics,Audio,Audio Product 1,4.0,2052.93,0.1,350.35
ORD101717,2024-10-29,CUST1517,Pooja Singh,Jaipur,Uttar Pradesh,South,Sports,Cycling,Cycling Product 9,2.0,3546.9,0.1,696.7
ORD103770,2025-11-05,CUST1170,Rohit Agarwal,Jaipur,Delhi,West,Furniture,Chairs,Chairs Product 18,2.0,1019.81,0.15,140.97
ORD100809,2025-06-29,CUST1809,Sneha Joshi,Kolkata,Rajasthan,East,Sports,Cricket,Cricket Product 14,2.0,1269.33,0.15,90.25
ORD102899,2025-10-11,CUST1499,Rahul Singh,Chennai,Rajasthan,South,Sports,Fitness,Fitness Product 13,4.0,2051.55,0.3,147.07
ORD100978,2025-07-12,CUST1978,Arjun Kumar,Delhi,Karnataka,,Clothing,Women,Women Product 29,4.0,1403.79,0.15,-3.44
ORD102115,2025-02-02,CUST1915,Anjali Mehta,Delhi,Maharashtra,North,Electronics,Accessories,Accessories Product 19,7.0,1329.12,0.05,362.05
ORD103771,2025-01-21,CUST1171,Aman Sharma,Chennai,Delhi,North,Home & Kitchen,Appliances,Appliances Product 11,5.0,1180.69,0.15,186.14
ORD103403,2025-04-29,CUST2003,Neha Verma,Mumbai,West Bengal,North,Sports,Cycling,Cycling Product 11,5.0,1341.26,0.05,133.89
ORD103100,2024-10-01,CUST1700,Rohit Agarwal,Agra,Gujarat,West,Furniture,Chairs,Chairs Product 15,7.0,1476.37,0.0,439.97
ORD104944,2024-03-28,CUST1144,Sneha Joshi,Bengaluru,West Bengal,North,Clothing,Footwear,Footwear Product 12,4.0,1022.51,0.3,-5.53
ORD104384,2025-01-01,CUST1784,Neha Verma,Jaipur,Uttar Pradesh,West,Clothing,Footwear,Footwear Product 18,7.0,2096.26,0.1,40.3
ORD101536,2024-02-23,CUST1336,Aman Sharma,Chennai,West Bengal,East,Sports,Cycling,Cycling Product 13,4.0,1340.84,0.2,236.56
ORD101859,2025-11-25,CUST1659,Anjali Mehta,Chennai,Delhi,North,Furniture,Chairs,Chairs Product 18,1.0,2378.47,0.15,247.43
ORD104009,2025-09-16,CUST1409,Arjun Kumar,Mumbai,Rajasthan,West,Home & Kitchen,Decor,Decor Product 30,2.0,1288.02,0.0,
ORD100174,2024-08-12,CUST1174,Rohit Agarwal,Chennai,Delhi,South,Clothing,Kids,Kids Product 23,1.0,2097.27,0.15,151.01
ORD104040,2024-04-08,CUST1440,Rohit Agarwal,Chennai,Rajasthan,West,Furniture,Chairs,Chairs Product 16,1.0,12123.77,0.2,2153.25
ORD103274,2025-11-17,CUST1874,Arjun Kumar,,Maharashtra,East,Clothing,Men,Men Product 10,7.0,980.97,0.2,45.14
ORD101526,2024-08-30,CUST1326,Sneha Joshi,Bengaluru,Rajasthan,West,Electronics,Phones,Phones Product 11,6.0,1973.62,0.15,457.76
ORD104566,2025-12-13,CUST1966,Sneha Joshi,Chennai,Gujarat,East,Furniture,Tables,Tables Product 15,1.0,648.04,0.05,133.65
ORD100217,2025-01-19,CUST1217,Anjali Mehta,Jaipur,Gujarat,West,Electronics,Phones,Phones Product 3,1.0,1042.54,0.05,290.8
ORD103979,2024-06-19,CUST1379,Priya Gupta,Ahmedabad,Delhi,West,Sports,Fitness,Fitness Product 21,7.0,3055.14,0.3,529.28
ORD103782,2024-08-17,CUST1182,Priya Gupta,Jaipur,Rajasthan,North,Furniture,Storage,Storage Product 10,7.0,983.68,0.15,101.6
ORD101444,2025-06-09,CUST1244,Sneha Joshi,Bengaluru,Tamil Nadu,West,Home & Kitchen,Appliances,Appliances Product 21,5.0,4080.87,0.2,375.44
ORD100690,2025-02-11,CUST1690,Arjun Kumar,Delhi,Maharashtra,West,Clothing,Men,Men Product 12,4.0,1423.95,0.15,335.17
ORD104222,2024-04-04,CUST1622,Neha Verma,Chennai,Rajasthan,West,Electronics,Audio,Audio Product 26,7.0,1865.73,0.2,
ORD103285,2024-04-22,CUST1885,Vikas Yadav,Chennai,Maharashtra,East,Furniture,Storage,Storage Product 1,3.0,4086.25,0.1,389.58
ORD102275,2024-07-26,CUST2075,Rahul Singh,Jaipur,Uttar Pradesh,South,Furniture,Beds,Beds Product 23,3.0,5293.95,0.1,1291.58
ORD101106,2024-10-28,CUST2106,Sneha Joshi,Agra,Uttar Pradesh,West,Sports,Fitness,Fitness Product 11,3.0,4881.06,0.05,567.98
ORD101876,2024-11-27,CUST1676,Priya Gupta,Mumbai,Gujarat,West,Home & Kitchen,Cookware,Cookware Product 27,3.0,941.71,0.05,168.83
ORD102018,2025-05-09,CUST1818,Vikas Yadav,Bengaluru,Karnataka,South,Home & Kitchen,Bedding,Bedding Product 3,,3006.61,0.15,569.9
ORD103331,2025-02-23,CUST1931,Anjali Mehta,Ahmedabad,West Bengal,East,Electronics,Audio,Audio Product 20,5.0,1643.7,0.1,349.57
ORD100611,2025-05-31,CUST1611,Vikas Yadav,Kolkata,Karnataka,West,Sports,Cricket,Cricket Product 29,7.0,1093.28,0.2,186.94
ORD103296,2024-04-27,CUST1896,Vikas Yadav,Mumbai,Uttar Pradesh,South,Electronics,Phones,Phones Product 10,6.0,2158.82,0.2,169.48
ORD103773,2025-09-05,CUST1173,Rahul Singh,Jaipur,Maharashtra,West,Sports,Cricket,Cricket Product 29,6.0,965.35,0.15,173.47
ORD100576,2025-01-30,CUST1576,Sneha Joshi,Agra,Karnataka,East,Sports,Cycling,Cycling Product 29,7.0,1258.69,0.0,
ORD102098,2024-01-12,CUST1898,Vikas Yadav,Jaipur,Gujarat,West,Clothing,Men,Men Product 26,2.0,599.88,0.2,16.35
ORD104466,2025-11-28,CUST1866,Rohit Agarwal,Bengaluru,Delhi,South,Furniture,Tables,Tables Product 27,7.0,1304.99,0.1,28.67
ORD101180,2024-05-27,CUST2180,Priya Gupta,Agra,Uttar Pradesh,East,Home & Kitchen,Cookware,Cookware Product 11,2.0,1572.04,0.15,108.68
ORD100888,2025-05-20,CUST1888,Neha Verma,Mumbai,Maharashtra,West,Electronics,Laptops,Laptops Product 13,3.0,1892.96,0.3,185.79
ORD103181,2025-10-30,CUST1781,Anjali Mehta,kolkata,West Bengal,North,Furniture,Tables,Tables Product 24,7.0,2835.72,0.2,140.81
ORD101786,2024-03-28,CUST1586,Sneha Joshi,Chennai,Delhi,South,Furniture,Storage,Storage Product 15,4.0,359.38,0.2,19.11
ORD102883,2025-05-31,CUST1483,Neha Verma,Bengaluru,Karnataka,East,Sports,Outdoor,Outdoor Product 11,1.0,1766.89,0.3,127.68
ORD100817,2024-07-01,CUST1817,Anjali Mehta,Jaipur,Delhi,West,Clothing,Kids,Kids Product 13,2.0,2475.3,0.2,37.65
ORD103737,2024-06-10,CUST1137,Vikas Yadav,Bengaluru,Maharashtra,West,Furniture,Beds,Beds Product 15,6.0,2262.21,0.1,433.15
ORD103988,2024-12-14,CUST1388,Rahul Singh,Mumbai,Rajasthan,South,Sports,Cycling,Cycling Product 19,5.0,2922.62,0.15,573.98
ORD100208,2025-09-16,CUST1208,Vikas Yadav,Mumbai,Karnataka,West,Sports,Outdoor,Outdoor Product 25,2.0,2257.7,0.3,-97.18
ORD100293,2024-08-14,CUST1293,Vikas Yadav,Delhi,West Bengal,East,Clothing,Kids,Kids Product 15,3.0,1698.82,0.1,378.19
ORD101119,2024-05-12,CUST2119,Aman Sharma,Chennai,West Bengal,South,Clothing,Footwear,Footwear Product 5,5.0,1324.57,0.15,160.2
ORD102659,2025-03-24,CUST1259,Sneha Joshi,Ahmedabad,Tamil Nadu,West,Clothing,Kids,Kids Product 24,3.0,1418.38,0.1,288.13
ORD103076,2025-03-18,CUST1676,Vikas Yadav,Jaipur,Karnataka,North,Furniture,Storage,Storage Product 5,5.0,3076.03,0.2,691.67
ORD101264,2025-12-09,CUST1064,Vikas Yadav,Delhi,Delhi,West,Home & Kitchen,Cookware,Cookware Product 13,6.0,953.12,0.05,75.86
ORD100990,2024-09-17,CUST1990,Pooja Singh,Bengaluru,Tamil Nadu,South,Sports,Cycling,Cycling Product 25,5.0,3518.3,0.1,120.16
ORD102311,2025-10-24,CUST2111,Priya Gupta,Delhi,Tamil Nadu,South,Clothing,Kids,Kids Product 12,6.0,694.09,0.15,46.84
ORD104227,2025-01-10,CUST1627,Pooja Singh,Delhi,Delhi,East,Clothing,Kids,Kids Product 6,2.0,2807.64,0.05,222.37
ORD103976,2025-05-26,CUST1376,Anjali Mehta,Chennai,Maharashtra,East,Clothing,Footwear,Footwear Product 12,2.0,735.64,0.1,
ORD100353,2024-10-28,CUST1353,Aman Sharma,Mumbai,Tamil Nadu,East,Electronics,Accessories,Accessories Product 25,3.0,786.25,0.1,98.5
ORD101912,2024-10-24,CUST1712,Pooja Singh,Bengaluru,Tamil Nadu,West,Clothing,Kids,Kids Product 3,6.0,1400.4,0.15,253.8
ORD101532,2024-08-05,CUST1332,Aman Sharma,Bengaluru,Uttar Pradesh,North,Clothing,Women,Women Product 21,5.0,826.97,0.0,66.09
ORD104294,2025-02-15,CUST1694,Neha Verma,Kolkata,Maharashtra,South,Sports,Cricket,Cricket Product 9,1.0,2003.24,0.05,315.75
ORD104383,2025-02-12,CUST1783,Rohit Agarwal,Jaipur,West Bengal,North,Furniture,Storage,Storage Product 2,4.0,1942.68,0.3,5.57
ORD104941,2024-06-03,CUST1141,Rahul Singh,Kolkata,Maharashtra,East,Home & Kitchen,Bedding,Bedding Product 26,3.0,687.65,0.3,22.34
ORD101228,2024-11-08,CUST1028,Vikas Yadav,Ahmedabad,Tamil Nadu,South,Electronics,Phones,Phones Product 29,6.0,1311.52,0.2,208.31
ORD100259,2024-05-30,CUST1259,Aman Sharma,Agra,Uttar Pradesh,East,Clothing,Kids,Kids Product 14,7.0,1031.96,0.05,92.56
ORD103860,2025-01-28,CUST1260,Sneha Joshi,Kolkata,Delhi,North,Electronics,Laptops,Laptops Product 23,3.0,3432.31,0.0,736.93
ORD101832,2024-09-07,CUST1632,Aman Sharma,Ahmedabad,Maharashtra,West,Home & Kitchen,Decor,Decor Product 12,6.0,2094.33,0.4,191.55
ORD104773,2024-07-25,CUST2173,Pooja Singh,Ahmedabad,Tamil Nadu,North,Electronics,Phones,Phones Product 8,6.0,1666.27,0.05,408.62
ORD104444,2025-07-02,CUST1844,Sneha Joshi,Bengaluru,Uttar Pradesh,South,Sports,Cricket,Cricket Product 16,6.0,1083.36,0.1,151.09
ORD102584,2025-05-02,CUST1184,Pooja Singh,Ahmedabad,Delhi,North,Home & Kitchen,Bedding,Bedding Product 22,,669.9,0.1,150.32
ORD100052,2024-11-11,CUST1052,Rohit Agarwal,Jaipur,Delhi,South,Sports,Cycling,Cycling Product 24,2.0,1898.84,0.1,160.15
ORD102233,2025-09-12,CUST2033,Vikas Yadav,Chennai,Uttar Pradesh,South,Electronics,Laptops,Laptops Product 16,3.0,3944.1,0.2,905.18
ORD103844,2025-08-30,CUST1244,Rohit Agarwal,Chennai,Rajasthan,North,Electronics,Phones,Phones Product 30,3.0,2611.72,0.2,75.65
ORD102527,2024-10-03,CUST1127,Aman Sharma,Delhi,Rajasthan,North,Home & Kitchen,Cookware,Cookware Product 21,5.0,306.34,0.1,72.5
ORD102447,2024-09-02,CUST1047,Pooja Singh,Agra,Uttar Pradesh,South,Furniture,Beds,Beds Product 9,5.0,672.45,0.2,110.82
ORD102835,2024-07-21,CUST1435,Rahul Singh,Jaipur,West Bengal,East,Home & Kitchen,Bedding,Bedding Product 9,1.0,1410.34,0.1,171.64
ORD103425,2025-05-03,CUST2025,Neha Verma,Ahmedabad,Uttar Pradesh,West,Sports,Cricket,Cricket Product 27,6.0,2662.0,0.3,243.14
ORD101479,2024-11-13,CUST1279,Aman Sharma,Agra,Delhi,South,Electronics,Audio,Audio Product 6,7.0,542.73,0.05,100.58
ORD101033,2025-02-05,CUST2033,Rohit Agarwal,Jaipur,West Bengal,North,Home & Kitchen,Appliances,Appliances Product 21,6.0,2214.2,0.0,425.61
ORD101097,2024-03-09,CUST2097,Aman Sharma,Delhi,Karnataka,East,Home & Kitchen,Appliances,Appliances Product 26,6.0,2229.36,0.15,302.19
ORD101469,2025-06-29,CUST1269,Anjali Mehta,Kolkata,Uttar Pradesh,West,Sports,Outdoor,Outdoor Product 24,5.0,1757.52,0.05,402.71
ORD100543,2025-10-25,CUST1543,Rahul Singh,Kolkata,Maharashtra,North,Furniture,Tables,Tables Product 25,3.0,1846.76,0.15,161.5
ORD101046,2024-08-12,CUST2046,Neha Verma,Chennai,Gujarat,East,Furniture,Beds,Beds Product 7,1.0,2072.44,0.3,85.99
ORD104563,2025-10-11,CUST1963,Rohit Agarwal,Chennai,Gujarat,South,Furniture,Storage,Storage Product 9,4.0,1129.48,0.15,120.99
ORD101623,2025-03-01,CUST1423,Neha Verma,Chennai,Tamil Nadu,North,Furniture,Beds,Beds Product 15,5.0,1275.47,0.15,164.52
ORD100030,2024-09-09,CUST1030,Anjali Mehta,Delhi,Tamil Nadu,South,Clothing,Kids,Kids Product 21,3.0,1041.05,0.05,55.83
ORD100725,2024-05-25,CUST1725,Arjun Kumar,Mumbai,Rajasthan,South,Clothing,Women,Women Product 5,5.0,1613.2,0.05,325.85
ORD102473,2025-12-08,CUST1073,Aman Sharma,,Karnataka,East,Electronics,Phones,Phones Product 18,4.0,1873.88,0.15,163.33
ORD103209,2025-03-24,CUST1809,Rohit Agarwal,Delhi,Gujarat,South,Electronics,Laptops,Laptops Product 12,3.0,489.0,0.1,118.82
ORD103968,2024-04-02,CUST1368,Pooja Singh,Kolkata,Delhi,South,Clothing,Kids,,5.0,1685.78,0.3,91.05
ORD101426,2024-09-06,CUST1226,Aman Sharma,Chennai,Delhi,South,Sports,,Cricket Product 25,1.0,2353.6,0.1,149.77
ORD104015,2025-11-15,CUST1415,Neha Verma,Ahmedabad,Karnataka,North,Home & Kitchen,Cookware,Cookware Product 13,7.0,1590.44,0.0,193.26
ORD100436,2024-12-11,CUST1436,Priya Gupta,Bengaluru,Rajasthan,South,Clothing,Kids,Kids Product 2,3.0,4573.64,0.15,221.16
ORD104844,2025-12-09,CUST1044,Neha Verma,,West Bengal,North,Furniture,Beds,Beds Product 11,3.0,1688.46,0.4,-115.04
ORD100912,2024-04-20,CUST1912,Vikas Yadav,Delhi,Maharashtra,South,Home & Kitchen,Bedding,Bedding Product 26,6.0,695.57,0.1,166.27
ORD104252,2024-03-09,CUST1652,Anjali Mehta,Delhi,Uttar Pradesh,North,Home & Kitchen,Cookware,Cookware Product 19,5.0,1251.3,0.15,291.16
ORD104194,2025-03-27,CUST1594,Rohit Agarwal,Ahmedabad,Gujarat,South,Electronics,Phones,Phones Product 30,6.0,2462.56,0.15,256.18
ORD104543,2024-02-14,CUST1943,Pooja Singh,Agra,Maharashtra,North,Home & Kitchen,Appliances,Appliances Product 12,3.0,456.62,0.05,49.22
ORD103386,2025-01-10,CUST1986,Rahul Singh,Agra,Maharashtra,North,Home & Kitchen,Decor,Decor Product 9,1.0,2754.89,0.3,262.26
ORD102486,2024-04-14,CUST1086,Arjun Kumar,Ahmedabad,Karnataka,South,Clothing,Footwear,Footwear Product 15,3.0,2810.86,0.2,-17.63
ORD101815,2024-10-31,CUST1615,Anjali Mehta,Bengaluru,Gujarat,West,Clothing,Men,Men Product 25,5.0,829.09,0.15,46.07
ORD101238,2024-09-20,CUST1038,Rahul Singh,Kolkata,Delhi,East,Furniture,Storage,Storage Product 1,2.0,804.27,0.15,56.48
ORD100903,2025-06-08,CUST1903,,Jaipur,Uttar Pradesh,East,Home & Kitchen,Cookware,Cookware Product 22,7.0,936.42,0.05,228.84
ORD103438,2025-01-17,CUST2038,Arjun Kumar,Jaipur,Tamil Nadu,East,Electronics,Phones,Phones Product 28,2.0,1733.72,0.15,316.78
ORD103197,2024-09-18,CUST1797,Rahul Singh,Delhi,Uttar Pradesh,East,Electronics,Phones,Phones Product 26,7.0,1536.49,0.15,97.12
ORD101551,2024-06-08,CUST1351,Priya Gupta,Agra,West Bengal,South,Sports,,Outdoor Product 5,5.0,3094.74,0.05,540.48
ORD100507,2024-06-16,CUST1507,Neha Verma,Bengaluru,Delhi,East,Sports,Fitness,Fitness Product 4,6.0,497.42,0.3,-18.03
ORD103276,2024-11-19,CUST1876,Vikas Yadav,Mumbai,Karnataka,South,Sports,Outdoor,Outdoor Product 10,6.0,1471.35,0.0,172.16
ORD100183,2025-03-31,CUST1183,Anjali Mehta,Chennai,Delhi,South,Electronics,Accessories,Accessories Product 17,7.0,1171.51,0.0,280.31
ORD101614,2024-07-09,CUST1414,Vikas Yadav,Chennai,West Bengal,West,Clothing,Footwear,Footwear Product 24,7.0,2269.65,0.05,234.0
ORD101497,2024-11-19,CUST1297,Pooja Singh,Agra,Karnataka,West,Furniture,Storage,Storage Product 29,3.0,5750.4,0.05,588.81
ORD101886,2025-07-15,CUST1686,Sneha Joshi,Bengaluru,Maharashtra,West,Clothing,Men,Men Product 23,3.0,927.42,0.0,56.5
ORD100321,2024-02-07,CUST1321,Rohit Agarwal,Jaipur,Rajasthan,West,Sports,Fitness,Fitness Product 20,1.0,1194.64,0.15,79.47
ORD101831,2024-04-20,CUST1631,Pooja Singh,Bengaluru,Delhi,West,Home & Kitchen,Appliances,Appliances Product 18,2.0,687.18,0.2,128.36
ORD104165,2024-06-15,CUST1565,Rahul Singh,Jaipur,Karnataka,East,Clothing,Women,Women Product 20,5.0,1291.73,0.05,
ORD102231,2024-10-14,CUST2031,Arjun Kumar,Agra,West Bengal,West,Home & Kitchen,Cookware,Cookware Product 25,4.0,2178.63,0.15,225.3
ORD102418,2025-07-05,CUST1018,Priya Gupta,Chennai,Delhi,South,Clothing,Footwear,Footwear Product 24,2.0,622.56,0.0,103.96
ORD101835,2025-04-03,CUST1635,Rahul Singh,Ahmedabad,Maharashtra,South,Furniture,Tables,Tables Product 12,2.0,761.5,0.15,45.72
ORD103058,2024-07-09,CUST1658,Rohit Agarwal,Ahmedabad,Tamil Nadu,North,Electronics,Accessories,Accessories Product 22,5.0,1666.47,0.15,81.87
ORD104400,2024-05-30,CUST1800,Arjun Kumar,Bengaluru,Gujarat,South,Electronics,,Accessories Product 15,6.0,1056.86,0.4,109.6
ORD104468,2024-07-23,CUST1868,Pooja Singh,Agra,,West,Clothing,Women,Women Product 4,5.0,418.88,0.1,102.57
ORD101146,2024-11-08,CUST2146,Pooja Singh,Ahmedabad,Gujarat,South,Sports,Cycling,Cycling Product 27,5.0,4709.03,0.05,982.95
ORD102104,2024-12-08,CUST1904,Vikas Yadav,Mumbai,Rajasthan,East,Sports,Fitness,Fitness Product 10,4.0,1204.22,0.1,246.78
ORD100044,2024-05-10,CUST1044,Rahul Singh,Delhi,Karnataka,North,Furniture,Chairs,Chairs Product 11,3.0,1033.35,0.3,193.67
ORD102145,2025-08-08,CUST1945,Rahul Singh,Delhi,Tamil Nadu,West,Furniture,Storage,Storage Product 3,6.0,1823.24,0.15,171.0
ORD102677,2025-08-24,CUST1277,Aman Sharma,Bengaluru,Uttar Pradesh,East,Furniture,Chairs,Chairs Product 30,5.0,747.93,0.0,45.35
ORD103082,2025-09-03,CUST1682,Arjun Kumar,Delhi,Delhi,West,Home & Kitchen,Decor,Decor Product 20,1.0,2845.82,0.15,499.44
ORD101378,2024-08-04,CUST1178,Neha Verma,Bengaluru,West Bengal,South,Furniture,Tables,Tables Product 11,1.0,410.88,0.05,35.0
ORD104834,2024-04-23,CUST1034,Aman Sharma,Jaipur,Uttar Pradesh,North,Home & Kitchen,Appliances,Appliances Product 4,1.0,1572.25,0.15,300.86
ORD103063,2024-10-28,CUST1663,Neha Verma,Kolkata,Uttar Pradesh,South,Electronics,Accessories,Accessories Product 21,3.0,1736.51,0.3,-43.33
ORD100413,2024-02-23,CUST1413,Vikas Yadav,Jaipur,Karnataka,East,Furniture,Chairs,Chairs Product 29,2.0,3675.21,0.0,451.51
ORD102194,2025-07-14,CUST1994,Pooja Singh,Jaipur,Gujarat,South,Furniture,Tables,Tables Product 18,3.0,1170.62,0.05,318.58
ORD101407,2025-12-27,CUST1207,Anjali Mehta,Jaipur,West Bengal,South,Sports,Cycling,Cycling Product 26,1.0,1765.45,0.1,396.52
ORD102238,2025-10-09,CUST2038,Aman Sharma,Bengaluru,Gujarat,South,Home & Kitchen,Bedding,Bedding Product 24,7.0,738.65,0.1,134.56
ORD100801,2024-03-21,CUST1801,Vikas Yadav,,Karnataka,North,Furniture,Chairs,Chairs Product 17,5.0,1569.56,0.1,261.63
ORD101288,2024-04-24,CUST1088,Rohit Agarwal,Kolkata,Karnataka,West,Sports,Outdoor,Outdoor Product 3,6.0,1496.58,0.3,15.86
ORD101558,2024-09-23,CUST1358,Arjun Kumar,Kolkata,Gujarat,East,Clothing,Kids,Kids Product 28,6.0,1954.79,0.1,218.74
ORD102218,2025-07-07,CUST2018,Rahul Singh,Kolkata,Tamil Nadu,South,Home & Kitchen,Cookware,Cookware Product 5,6.0,1908.26,0.1,51.16
ORD102481,2025-07-07,CUST1081,Arjun Kumar,Kolkata,West Bengal,North,Home & Kitchen,Bedding,Bedding Product 8,7.0,1971.06,0.1,254.04
ORD101618,2024-01-07,CUST1418,Rohit Agarwal,Delhi,Rajasthan,South,Electronics,Accessories,Accessories Product 19,5.0,1818.35,0.05,466.12
ORD104075,2024-02-09,CUST1475,,Delhi,Maharashtra,East,Electronics,Phones,Phones Product 29,5.0,925.3,0.3,140.52
ORD100256,2024-12-03,CUST1256,Priya Gupta,Jaipur,Tamil Nadu,North,Sports,Fitness,Fitness Product 16,5.0,2440.07,0.4,83.92
ORD104756,2024-11-13,CUST2156,Vikas Yadav,Ahmedabad,Rajasthan,West,Sports,Cycling,Cycling Product 22,7.0,1188.15,0.1,132.52
ORD104738,2024-02-28,CUST2138,Rahul Singh,Bengaluru,West Bengal,North,Furniture,Storage,Storage Product 21,4.0,2062.86,0.1,178.07
ORD101151,2025-06-20,CUST2151,Arjun Kumar,Bengaluru,Tamil Nadu,North,Clothing,Men,Men Product 15,7.0,886.36,0.1,16.4
ORD102339,2025-03-04,CUST2139,Neha Verma,Bengaluru,Tamil Nadu,North,Furniture,Tables,Tables Product 24,2.0,1734.92,0.1,70.31
ORD100647,2024-12-26,CUST1647,Pooja Singh,Bengaluru,Gujarat,North,Sports,Cricket,Cricket Product 12,7.0,1131.66,0.05,289.81
ORD102957,2024-09-24,CUST1557,Sneha Joshi,Agra,Delhi,North,Electronics,Accessories,Accessories Product 24,6.0,2086.76,0.2,168.73
ORD101578,2024-06-24,CUST1378,Neha Verma,Bengaluru,Tamil Nadu,North,Electronics,Audio,Audio Product 14,1.0,3839.51,0.1,423.76
ORD101756,2024-08-23,CUST1556,Rahul Singh,Jaipur,Tamil Nadu,East,Electronics,Phones,Phones Product 3,2.0,1424.02,0.1,105.21
ORD101942,2024-01-10,CUST1742,Anjali Mehta,Bengaluru,Maharashtra,South,Clothing,Footwear,Footwear Product 6,7.0,3349.44,0.05,651.0
ORD102107,2024-12-29,CUST1907,Aman Sharma,Bengaluru,Tamil Nadu,West,Furniture,Storage,Storage Product 17,1.0,3034.4,0.15,467.13
ORD103830,2025-09-01,CUST1230,Aman Sharma,Bengaluru,Karnataka,North,Sports,Outdoor,Outdoor Product 22,4.0,3712.8,0.15,511.92
ORD101315,2025-11-07,CUST1115,Rohit Agarwal,Agra,Tamil Nadu,North,Sports,Cycling,Cycling Product 25,5.0,1556.17,0.1,277.27
ORD101088,2024-02-16,CUST2088,Vikas Yadav,Jaipur,Tamil Nadu,West,Furniture,Tables,Tables Product 15,3.0,343.73,0.2,26.48
ORD103795,2025-11-04,CUST1195,Neha Verma,Jaipur,Gujarat,North,Furniture,Chairs,Chairs Product 6,1.0,473.29,0.2,48.27
ORD103674,2025-07-30,CUST1074,Sneha Joshi,Kolkata,Karnataka,West,Electronics,Phones,Phones Product 21,2.0,413.62,0.2,81.71
ORD102456,2024-08-29,CUST1056,Rohit Agarwal,Chennai,Tamil Nadu,North,Furniture,Chairs,Chairs Product 13,7.0,4297.45,0.4,82.09
ORD101350,2024-07-05,CUST1150,Anjali Mehta,Jaipur,Tamil Nadu,South,Clothing,Women,Women Product 5,3.0,1409.35,0.1,190.83
ORD102949,2025-07-20,CUST1549,Rohit Agarwal,Kolkata,West Bengal,West,Furniture,Tables,Tables Product 25,7.0,565.33,,91.86
ORD100112,2025-01-13,CUST1112,Anjali Mehta,,,West,Electronics,Accessories,Accessories Product 29,4.0,1198.95,0.1,47.05
ORD103951,2024-09-01,CUST1351,Sneha Joshi,Ahmedabad,Tamil Nadu,North,Furniture,Beds,Beds Product 1,1.0,7035.71,0.2,405.93
ORD100263,2024-09-19,CUST1263,Rahul Singh,Kolkata,Rajasthan,East,Electronics,Audio,Audio Product 16,4.0,2274.36,0.05,294.05
ORD101393,2024-10-01,CUST1193,Rohit Agarwal,Agra,Rajasthan,North,Electronics,Phones,Phones Product 2,3.0,411.96,0.2,58.48
ORD102837,2025-04-16,CUST1437,Rohit Agarwal,Jaipur,Tamil Nadu,South,Sports,Cycling,Cycling Product 27,1.0,705.66,0.1,107.43
ORD101186,2024-12-25,CUST2186,Rahul Singh,Mumbai,Tamil Nadu,South,Sports,Cycling,Cycling Product 2,6.0,2819.21,0.05,286.78
ORD102978,2024-05-08,CUST1578,Neha Verma,Ahmedabad,West Bengal,West,Clothing,Women,Women Product 29,1.0,458.47,0.15,13.61
ORD100056,2025-07-18,CUST1056,Arjun Kumar,Jaipur,Tamil Nadu,North,Electronics,Phones,Phones Product 16,7.0,1746.69,0.0,514.13
ORD101309,2024-05-07,CUST1109,Pooja Singh,Delhi,Uttar Pradesh,North,Furniture,Beds,Beds Product 29,4.0,2317.67,0.15,276.67
ORD100695,2024-12-13,CUST1695,Sneha Joshi,Chennai,Delhi,West,Electronics,Audio,Audio Product 12,,2343.33,0.0,322.12
ORD104233,2025-03-26,CUST1633,,Kolkata,Uttar Pradesh,North,Home & Kitchen,Decor,Decor Product 6,4.0,1374.26,0.1,344.22
ORD104949,2024-07-30,CUST1149,Vikas Yadav,Mumbai,Delhi,South,Clothing,Kids,Kids Product 21,3.0,3955.56,0.3,-213.56
ORD104751,2025-05-28,CUST2151,Rohit Agarwal,Chennai,West Bengal,West,Sports,Fitness,Fitness Product 14,6.0,1018.84,0.15,82.32
ORD102361,2024-04-04,CUST2161,Neha Verma,Jaipur,Gujarat,South,Clothing,Women,Women Product 22,1.0,1786.99,0.1,399.22
ORD102628,2025-02-10,CUST1228,Anjali Mehta,Agra,Karnataka,West,Home & Kitchen,Appliances,Appliances Product 3,3.0,642.32,0.15,28.04
ORD100319,2024-01-22,CUST1319,Sneha Joshi,Chennai,Uttar Pradesh,East,Electronics,Audio,Audio Product 7,5.0,2775.01,0.2,429.14
ORD102581,2025-02-05,CUST1181,Sneha Joshi,Kolkata,Tamil Nadu,West,Clothing,Footwear,Footwear Product 15,4.0,1446.55,0.4,76.11
ORD101589,2024-11-13,CUST1389,Sneha Joshi,Jaipur,Uttar Pradesh,South,Clothing,Men,Men Product 13,5.0,994.25,0.1,65.72
ORD100682,2025-01-07,CUST1682,Rohit Agarwal,chennai,Karnataka,South,Home & Kitchen,Decor,Decor Product 7,5.0,,0.4,127.89
ORD104976,2025-04-29,CUST1176,Anjali Mehta,Ahmedabad,Delhi,East,Clothing,Women,Women Product 17,3.0,1702.79,0.15,187.08
ORD103268,2024-06-22,CUST1868,Vikas Yadav,Chennai,Uttar Pradesh,North,Furniture,Tables,Tables Product 27,2.0,2772.82,0.05,344.44
ORD100479,2024-12-22,CUST1479,Arjun Kumar,Jaipur,Karnataka,East,Clothing,Men,Men Product 1,5.0,397.59,0.15,5.67
ORD103566,2025-06-30,CUST2166,Arjun Kumar,Mumbai,West Bengal,West,Furniture,Tables,Tables Product 24,6.0,2611.46,0.2,451.35
ORD102902,2024-08-30,CUST1502,Rahul Singh,Mumbai,West Bengal,South,Sports,Outdoor,Outdoor Product 30,5.0,1445.21,0.4,
ORD100286,2025-09-19,CUST1286,Vikas Yadav,Ahmedabad,Uttar Pradesh,South,Sports,Cricket,Cricket Product 16,6.0,2056.56,0.2,355.09
ORD103311,2024-09-14,CUST1911,Aman Sharma,Agra,Maharashtra,East,Clothing,Footwear,Footwear Product 17,5.0,1065.7,0.0,263.77
ORD102567,2024-05-28,CUST1167,Arjun Kumar,Ahmedabad,Tamil Nadu,East,Electronics,Accessories,Accessories Product 8,2.0,,0.15,21.6
ORD104582,2025-05-23,CUST1982,Sneha Joshi,Chennai,Uttar Pradesh,West,Clothing,Women,Women Product 22,7.0,1223.33,0.15,282.73
ORD101773,2024-12-31,CUST1573,Vikas Yadav,Kolkata,Karnataka,North,Furniture,Beds,Beds Product 19,1.0,1424.42,0.4,207.85
ORD101769,2024-03-12,CUST1569,Anjali Mehta,Mumbai,Gujarat,North,Sports,Cricket,Cricket Product 12,3.0,4431.12,0.3,831.88
ORD103558,2024-05-20,CUST2158,Vikas Yadav,Agra,Karnataka,South,Sports,Outdoor,Outdoor Product 13,3.0,-1856.93,0.05,135.05
ORD101598,2024-09-18,CUST1398,Pooja Singh,Bengaluru,Uttar Pradesh,South,Home & Kitchen,Appliances,Appliances Product 11,5.0,2323.85,0.2,498.42
ORD102964,2025-04-30,CUST1564,Vikas Yadav,Ahmedabad,Delhi,East,Furniture,Beds,Beds Product 11,3.0,470.47,0.4,-28.65
ORD102118,2024-11-19,CUST1918,Rohit Agarwal,Jaipur,Karnataka,East,Furniture,,Storage Product 5,7.0,2384.38,0.15,563.62
ORD100736,2024-04-08,CUST1736,Anjali Mehta,Agra,Tamil Nadu,West,Furniture,Beds,Beds Product 25,6.0,1092.14,0.0,85.47
ORD101788,2025-02-04,CUST1588,Sneha Joshi,Kolkata,Karnataka,West,Sports,Cricket,Cricket Product 21,6.0,1716.53,0.05,318.07
ORD100336,2025-06-30,CUST1336,Aman Sharma,Delhi,Rajasthan,,Electronics,Laptops,Laptops Product 7,5.0,1013.48,0.05,74.32
ORD102423,2025-02-23,CUST1023,Rahul Singh,Mumbai,Gujarat,East,Home & Kitchen,Cookware,Cookware Product 8,7.0,6266.49,0.2,1140.75
ORD102833,2025-02-02,CUST1433,Rahul Singh,Mumbai,Maharashtra,North,Furniture,Storage,Storage Product 20,7.0,2463.49,0.1,118.93
ORD102686,2025-01-11,CUST1286,Sneha Joshi,Kolkata,Delhi,North,Clothing,Women,Women Product 9,5.0,4393.63,0.4,473.29
ORD104435,2025-05-04,CUST1835,Pooja Singh,Ahmedabad,Uttar Pradesh,South,Clothing,Women,Women Product 26,2.0,922.69,0.3,28.56
ORD101071,2024-10-15,CUST2071,Vikas Yadav,Chennai,Uttar Pradesh,North, Sports ,Cycling,Cycling Product 27,3.0,2282.4,0.3,156.69
ORD102328,2024-12-07,CUST2128,Priya Gupta,Mumbai,Rajasthan,South,Furniture,Beds,Beds Product 10,3.0,2327.66,0.1,40.94
ORD104394,2024-06-18,CUST1794,Priya Gupta,Chennai,Tamil Nadu,,Electronics,Laptops,Laptops Product 15,2.0,916.12,0.0,210.74
ORD102329,2024-11-11,CUST2129,Sneha Joshi,Bengaluru,Tamil Nadu,South,Furniture,Chairs,Chairs Product 5,5.0,981.07,0.05,121.81
ORD102034,2024-01-01,CUST1834,Arjun Kumar,bengaluru,Karnataka,North,Sports,Cricket,Cricket Product 1,4.0,1909.96,0.2,290.98
ORD104348,2024-06-02,CUST1748,Arjun Kumar,Mumbai,Karnataka,South,Clothing,Footwear,Footwear Product 15,5.0,2668.5,0.1,580.46
ORD103990,2025-10-14,CUST1390,Anjali Mehta,Jaipur,Maharashtra,North,Home & Kitchen,Decor,Decor Product 22,2.0,1170.04,0.1,167.18
ORD103423,2024-03-09,CUST2023,Arjun Kumar,Delhi,Karnataka,West,Sports,Outdoor,Outdoor Product 21,3.0,1418.41,0.4,65.21
ORD101488,2024-12-05,CUST1288,Rahul Singh,Delhi,Karnataka,West,Home & Kitchen,Cookware,Cookware Product 16,6.0,623.07,0.4,-51.32
ORD100498,2025-11-05,CUST1498,Arjun Kumar,Mumbai,Uttar Pradesh,East,Electronics,Laptops,Laptops Product 23,1.0,669.02,0.05,121.34
ORD104375,2025-10-18,CUST1775,Aman Sharma,Mumbai,Delhi,North,Home & Kitchen,Appliances,Appliances Product 24,2.0,1287.85,0.05,304.24
ORD101972,2025-10-03,CUST1772,Arjun Kumar,Chennai,West Bengal,East,Sports,Cycling,Cycling Product 13,2.0,1326.19,0.2,267.16
ORD103947,2024-05-04,CUST1347,Anjali Mehta,Ahmedabad,Uttar Pradesh,North,Home & Kitchen,Decor,Decor Product 23,3.0,2525.5,0.0,180.81
ORD102378,2024-05-07,CUST2178,Pooja Singh,Jaipur,Tamil Nadu,South, Clothing ,Men,Men Product 17,6.0,1338.51,0.0,78.19
ORD102970,2025-09-10,CUST1570,Rohit Agarwal,Jaipur,Karnataka,South,Electronics,Audio,Audio Product 23,4.0,748.04,0.2,70.95
ORD103920,2024-11-28,CUST1320,Vikas Yadav,Chennai,Karnataka,West,Electronics,Accessories,Accessories Product 10,7.0,672.09,0.1,117.75
ORD104416,2024-12-03,CUST1816,Anjali Mehta,Jaipur,Gujarat,East,Clothing,Footwear,Footwear Product 25,6.0,662.16,0.1,35.01
ORD101610,2024-12-10,CUST1410,Vikas Yadav,Delhi,Gujarat,North,Furniture,Beds,Beds Product 18,3.0,1066.43,0.1,253.11
ORD104209,2024-10-09,CUST1609,Aman Sharma,Jaipur,Uttar Pradesh,North,Home & Kitchen,Cookware,Cookware Product 5,2.0,2825.78,0.1,578.05
ORD102316,2025-03-24,CUST2116,Anjali Mehta,Ahmedabad,,North,Furniture,Storage,Storage Product 5,6.0,1539.22,0.1,80.67
ORD103853,2024-03-30,CUST1253,Priya Gupta,Delhi,Gujarat,West,Home & Kitchen,Decor,Decor Product 11,4.0,574.99,0.1,82.76
ORD101022,2025-12-25,CUST2022,Neha Verma,Agra,Gujarat,East,Electronics,Phones,Phones Product 22,7.0,1272.59,0.2,47.43
ORD102422,2024-08-08,CUST1022,Rahul Singh,Bengaluru,Maharashtra,South,Home & Kitchen,Appliances,Appliances Product 5,7.0,1069.39,0.1,137.94
ORD104921,2024-03-30,CUST1121,Rohit Agarwal,Kolkata,Delhi,North,Furniture,Tables,Tables Product 15,7.0,1061.25,0.3,108.84
ORD104820,2024-12-16,CUST1020,Rohit Agarwal,Jaipur,Gujarat,West,Home & Kitchen,Decor,Decor Product 1,3.0,1448.79,0.0,153.39
ORD103816,2024-06-08,CUST1216,Arjun Kumar,Chennai,Delhi,East,Sports,Outdoor,Outdoor Product 20,3.0,631.4,0.1,37.37
ORD104580,2025-08-06,CUST1980,Rahul Singh,Bengaluru,West Bengal,West,Clothing,Men,Men Product 23,2.0,1199.79,0.05,325.66
ORD100665,2024-03-20,CUST1665,Neha Verma,Delhi,Maharashtra,North,Sports,Fitness,Fitness Product 10,2.0,1016.07,0.05,213.07
ORD103997,2025-06-29,CUST1397,Vikas Yadav,Delhi,West Bengal,West,Home & Kitchen,Appliances,Appliances Product 15,4.0,881.48,0.0,181.2
ORD102683,2025-09-24,CUST1283,Anjali Mehta,Kolkata,Tamil Nadu,West,Clothing,Women,Women Product 29,3.0,2479.18,0.2,112.54
ORD103873,2025-11-17,CUST1273,Sneha Joshi,Ahmedabad,Karnataka,North,Home & Kitchen,Appliances,Appliances Product 9,7.0,820.84,0.05,115.42
ORD104296,2025-11-11,CUST1696,Aman Sharma,Ahmedabad,West Bengal,South,Home & Kitchen,Cookware,Cookware Product 20,1.0,2020.18,0.0,515.63
ORD102662,2024-08-11,CUST1262,Vikas Yadav,Kolkata,West Bengal,East,Home & Kitchen,Decor,Decor Product 24,3.0,1866.47,0.1,360.44
ORD101017,2025-07-25,CUST2017,Arjun Kumar,Ahmedabad,Delhi,South,Home & Kitchen,Bedding,Bedding Product 14,2.0,2155.83,0.2,257.11
ORD100557,2025-01-31,CUST1557,Sneha Joshi,Delhi,West Bengal,East,Electronics,Phones,Phones Product 27,4.0,662.26,0.15,23.99
ORD102437,2025-06-09,CUST1037,Anjali Mehta,Jaipur,Maharashtra,North,Clothing,Footwear,Footwear Product 25,7.0,3403.72,0.15,221.16
ORD101207,2024-06-23,CUST1007,Rohit Agarwal,Ahmedabad,Tamil Nadu,South,Clothing,Men,Men Product 19,2.0,434.87,0.0,86.1
ORD103460,2024-10-10,CUST2060,Arjun Kumar,,Uttar Pradesh,North,Sports,Fitness,Fitness Product 6,7.0,622.07,0.1,67.52
ORD104706,2025-04-24,CUST2106,Neha Verma,Kolkata,Karnataka,,Clothing,Men,Men Product 24,2.0,1403.82,0.15,237.89
ORD102170,2025-01-12,CUST1970,Arjun Kumar,Ahmedabad,Uttar Pradesh,West,Electronics,Laptops,Laptops Product 19,4.0,1914.24,0.1,442.64
ORD101510,2025-12-10,CUST1310,Sneha Joshi,Delhi,Uttar Pradesh,South,Home & Kitchen,Appliances,Appliances Product 18,7.0,2526.51,0.0,511.45
ORD102295,2024-09-04,CUST2095,Aman Sharma,Mumbai,Maharashtra,West,Electronics,Phones,Phones Product 26,7.0,318.15,0.05,39.05
ORD100245,2024-12-14,CUST1245,Pooja Singh,Mumbai,Rajasthan,East,Sports,Cycling,Cycling Product 19,7.0,763.99,0.3,48.75
ORD101163,2025-10-25,CUST2163,Sneha Joshi,Delhi,West Bengal,South,Electronics,Accessories,Accessories Product 6,3.0,569.57,0.4,60.06
ORD102742,2024-04-22,CUST1342,Arjun Kumar,Agra,Uttar Pradesh,West,Electronics,Phones,Phones Product 7,2.0,1094.8,0.15,215.48
ORD100266,2025-09-15,CUST1266,Rohit Agarwal,Jaipur,Karnataka,West,Clothing,Women,Women Product 19,4.0,2287.79,0.15,540.85
ORD102404,2025-04-01,CUST1004,Anjali Mehta,Chennai,Uttar Pradesh,North,Sports,Cricket,Cricket Product 17,3.0,688.87,0.15,48.44
ORD101114,2025-09-07,CUST2114,Pooja Singh,Agra,Uttar Pradesh,East,Furniture,Beds,Beds Product 24,6.0,261.1,0.0,65.07
ORD100063,2024-02-04,CUST1063,Vikas Yadav,Ahmedabad,Delhi,South,Furniture,Chairs,Chairs Product 17,6.0,1971.6,0.15,16.63
ORD103607,2025-09-23,CUST1007,Rohit Agarwal,Mumbai,Delhi,East,Home & Kitchen,Bedding,Bedding Product 10,6.0,1478.44,0.1,216.9
ORD104757,2025-01-03,CUST2157,Aman Sharma,Bengaluru,Maharashtra,South,Home & Kitchen,Bedding,Bedding Product 5,5.0,1201.47,0.1,161.99
ORD102803,2025-07-01,CUST1403,Neha Verma,Jaipur,Karnataka,East,Sports,Cricket,Cricket Product 27,5.0,1361.11,0.0,155.96
ORD103062,2025-09-20,CUST1662,Aman Sharma,Kolkata,Uttar Pradesh,South,Electronics,Accessories,Accessories Product 28,2.0,6256.76,0.4,203.89
ORD103128,2025-12-08,CUST1728,Rohit Agarwal,Chennai,Uttar Pradesh,West,Sports,Fitness,Fitness Product 1,1.0,3594.01,0.1,662.61
ORD101924,2025-05-18,CUST1724,Anjali Mehta,Chennai,Maharashtra,North,Clothing,Footwear,Footwear Product 17,4.0,1851.65,0.15,203.18
ORD102992,2024-05-10,CUST1592,Neha Verma,Agra,Delhi,North,Electronics,Laptops,Laptops Product 24,1.0,674.18,0.15,54.45
ORD104353,2025-07-13,CUST1753,Rohit Agarwal,Chennai,West Bengal,North,Sports,Fitness,Fitness Product 12,7.0,768.83,,63.75
ORD103659,2025-03-16,CUST1059,Rohit Agarwal,Delhi,Gujarat,East,Electronics,Phones,Phones Product 30,5.0,1039.91,0.3,-43.86
ORD101714,2025-03-15,CUST1514,Rahul Singh,Bengaluru,Maharashtra,West,Sports,Fitness,Fitness Product 30,2.0,1037.47,0.0,143.56
ORD101237,2025-08-26,CUST1037,Anjali Mehta,Mumbai,Uttar Pradesh,West,Clothing,Men,Men Product 10,2.0,3247.2,0.1,600.42
ORD100103,2025-04-16,CUST1103,Aman Sharma,Mumbai,Tamil Nadu,West,Home & Kitchen,Bedding,Bedding Product 14,7.0,2940.72,0.15,324.79
ORD102688,2025-08-09,CUST1288,Neha Verma,Jaipur,Delhi,South,Electronics,Accessories,Accessories Product 1,7.0,615.11,0.0,104.69
ORD100272,2025-03-28,CUST1272,Aman Sharma,Agra,West Bengal,West,Sports,Fitness,Fitness Product 24,5.0,785.72,0.2,113.22
ORD100508,2024-02-12,CUST1508,Sneha Joshi,Bengaluru,Karnataka,West,Electronics,Audio,Audio Product 25,6.0,669.97,0.1,149.33
ORD103614,2024-08-20,CUST1014,Neha Verma,Chennai,West Bengal,East,Electronics,Accessories,Accessories Product 17,2.0,1464.52,0.3,20.07
ORD104968,2024-03-11,CUST1168,Sneha Joshi,Mumbai,Rajasthan,West,Sports,Cycling,Cycling Product 21,3.0,463.34,0.4,-1.28
ORD103135,2024-05-06,CUST1735,Aman Sharma,Agra,Delhi,North,Sports,Cricket,Cricket Product 21,4.0,874.49,0.1,199.94
ORD100865,2025-11-22,CUST1865,Sneha Joshi,Chennai,Rajasthan,West,Clothing,Women,Women Product 30,7.0,1479.18,0.3,7.18
ORD102842,2025-05-06,CUST1442,Priya Gupta,Chennai,Rajasthan,East,Electronics,Laptops,Laptops Product 28,5.0,576.2,0.0,47.02
ORD100908,2024-03-07,CUST1908,Rahul Singh,Chennai,Maharashtra,West,Furniture,Tables,Tables Product 6,1.0,1869.69,0.2,142.38
ORD103001,2025-04-21,CUST1601,Aman Sharma,Kolkata,Uttar Pradesh,South,Electronics,Audio,Audio Product 5,5.0,256.46,0.05,30.44
ORD102906,2024-10-03,CUST1506,Rahul Singh,Chennai,Gujarat,West,Sports,Fitness,Fitness Product 27,7.0,1202.6,0.2,267.19
ORD103961,2025-08-28,CUST1361,Pooja Singh,Bengaluru,Rajasthan,East,Furniture,Beds,Beds Product 22,6.0,537.03,0.0,146.66
ORD101627,2025-03-12,CUST1427,Priya Gupta,Chennai,Uttar Pradesh,North,Sports,Cricket,Cricket Product 11,7.0,3289.35,0.1,146.05
ORD102922,2024-01-26,CUST1522,Arjun Kumar,Agra,Rajasthan,East,Furniture,Tables,Tables Product 24,2.0,1734.0,0.0,375.18
ORD101522,2025-08-06,CUST1322,Sneha Joshi,Delhi,West Bengal,South,Electronics,Phones,Phones Product 11,2.0,811.85,0.3,-1.12
ORD100835,2025-08-26,CUST1835,Sneha Joshi,Bengaluru,Uttar Pradesh,South,Clothing,Footwear,Footwear Product 26,,1459.14,0.05,406.17
ORD100358,2024-04-25,CUST1358,Aman Sharma,Mumbai,Tamil Nadu,East,Electronics,Accessories,Accessories Product 8,6.0,2214.01,0.0,
ORD100138,2024-01-15,CUST1138,Priya Gupta,Agra,Uttar Pradesh,East,Electronics,Phones,Phones Product 12,7.0,817.55,0.2,73.49
ORD100299,2024-12-03,CUST1299,Priya Gupta,Agra,Gujarat,North,Electronics,Audio,Audio Product 4,3.0,629.48,0.3,110.08
ORD101556,2024-12-22,CUST1356,Rahul Singh,Mumbai,Karnataka,South,Furniture,Storage,Storage Product 25,1.0,699.87,0.3,28.96
ORD101003,2025-08-28,CUST2003,Rahul Singh,Bengaluru,Karnataka,North,Electronics,Audio,Audio Product 4,5.0,487.58,0.05,113.26
ORD100382,2025-04-21,CUST1382,Vikas Yadav,Delhi,West Bengal,North,Furniture,Storage,Storage Product 3,7.0,423.5,0.0,94.68
ORD100941,2024-12-15,CUST1941,Pooja Singh,Agra,Gujarat,North,Electronics,Audio,Audio Product 10,7.0,1349.34,0.15,259.04
ORD104306,2024-04-07,CUST1706,Sneha Joshi,Agra,Maharashtra,North,Sports,Fitness,Fitness Product 5,5.0,894.26,0.05,138.43
ORD103810,2025-04-28,CUST1210,Vikas Yadav,Agra,Gujarat,South,Home & Kitchen,Bedding,Bedding Product 15,6.0,1553.53,0.05,69.99
ORD100761,2025-05-02,CUST1761,Pooja Singh,Chennai,Uttar Pradesh,West,Furniture,Chairs,Chairs Product 7,1.0,1840.55,0.3,227.78
ORD102503,2025-12-26,CUST1103,Vikas Yadav,Ahmedabad,Delhi,South,Clothing,Men,Men Product 23,4.0,842.89,0.2,127.42
ORD101934,2025-03-24,CUST1734,Neha Verma,Bengaluru,West Bengal,West,Electronics,Audio,Audio Product 19,7.0,254.5,0.2,12.69
ORD102592,2025-11-16,CUST1192,Sneha Joshi,Delhi,Delhi,West,Sports,Cycling,Cycling Product 7,3.0,1621.9,,89.89
ORD102121,2024-11-29,CUST1921,Rahul Singh,Mumbai,Uttar Pradesh,South,Home & Kitchen,Bedding,Bedding Product 10,7.0,1980.82,0.1,332.77
ORD103670,2024-06-05,CUST1070,Aman Sharma,Bengaluru,Tamil Nadu,South,Electronics,Accessories,Accessories Product 15,6.0,1780.02,0.0,432.21
ORD100898,2024-03-26,CUST1898,Rohit Agarwal,Delhi,Maharashtra,East,Clothing,Men,Men Product 28,6.0,3222.29,0.3,450.13
ORD104066,2025-05-08,CUST1466,Priya Gupta,Kolkata,Delhi,East,Clothing,Kids,Kids Product 14,1.0,427.94,0.05,117.1
ORD103273,2025-11-19,CUST1873,Anjali Mehta,Delhi,Gujarat,North,Home & Kitchen,Decor,Decor Product 10,1.0,709.93,0.1,94.57
ORD101402,2025-08-14,CUST1202,Sneha Joshi,Kolkata,Uttar Pradesh,South,Home & Kitchen,Appliances,Appliances Product 28,3.0,2018.02,0.05,126.14
ORD102086,2024-04-11,CUST1886,Aman Sharma,Bengaluru,Maharashtra,East,Clothing,Men,Men Product 7,4.0,939.77,0.2,87.74
ORD104708,2025-05-14,CUST2108,Rohit Agarwal,Jaipur,Gujarat,North,Sports,Cricket,Cricket Product 28,2.0,1274.88,0.0,109.27
ORD104417,2025-08-28,CUST1817,Vikas Yadav,Agra,Rajasthan,South,Furniture,Chairs,Chairs Product 8,4.0,1740.21,0.0,208.58
ORD103849,2024-10-04,CUST1249,Neha Verma,Chennai,Rajasthan,East,Home & Kitchen,Appliances,Appliances Product 29,3.0,888.72,0.3,160.2
ORD101512,2024-11-14,CUST1312,Anjali Mehta,Mumbai,Delhi,South,Furniture,Chairs,Chairs Product 1,5.0,2056.66,0.05,179.19
ORD101188,2024-11-22,CUST2188,Rahul Singh,Agra,Tamil Nadu,North,Electronics,Phones,Phones Product 5,3.0,1800.64,0.0,293.86
ORD103040,2025-12-24,CUST1640,Rohit Agarwal,Delhi,Uttar Pradesh,South,Furniture,Beds,Beds Product 11,1.0,1490.1,0.2,340.3
ORD104605,2024-01-17,CUST2005,Sneha Joshi,Bengaluru,West Bengal,North,Sports,Outdoor,Outdoor Product 18,5.0,284.4,0.15,59.08
ORD103941,2024-11-06,CUST1341,Anjali Mehta,Chennai,Karnataka,West,Clothing,Women,Women Product 24,3.0,4240.43,0.0,827.19
ORD103494,2025-02-20,CUST2094,Rahul Singh,Bengaluru,Rajasthan,East,Clothing,Kids,Kids Product 21,3.0,2164.99,0.2,250.28
ORD100108,2025-01-26,CUST1108,Anjali Mehta,Agra,West Bengal,West,Sports,Outdoor,Outdoor Product 7,7.0,963.04,0.0,179.95
ORD104082,2025-03-08,CUST1482,Pooja Singh,Delhi,Delhi,South,Sports,Cricket,Cricket Product 9,6.0,917.46,0.2,122.6
ORD102346,2024-01-07,CUST2146,Pooja Singh,Chennai,Gujarat,North,Clothing,Kids,Kids Product 26,2.0,4158.81,0.4,-203.27
ORD104265,2025-03-27,CUST1665,Pooja Singh,Bengaluru,West Bengal,East,Sports,Fitness,Fitness Product 25,4.0,451.92,0.2,89.07
ORD100058,2024-04-01,CUST1058,Rahul Singh,Ahmedabad,Delhi,East,Electronics,Laptops,Laptops Product 8,2.0,2257.05,0.4,91.19
ORD100076,2025-07-09,CUST1076,Anjali Mehta,Chennai,Rajasthan,North,Clothing,Footwear,Footwear Product 5,1.0,815.0,0.0,143.49
ORD100796,2025-04-25,CUST1796,Vikas Yadav,Mumbai,Maharashtra,West,Home & Kitchen,Decor,Decor Product 5,5.0,1371.37,0.05,143.49
ORD100368,2024-11-18,CUST1368,Rohit Agarwal,Ahmedabad,Delhi,East,Clothing,Kids,Kids Product 14,5.0,1486.06,0.15,178.9
ORD104940,2024-08-26,CUST1140,Anjali Mehta,Chennai,Karnataka,West,Sports,Fitness,Fitness Product 18,3.0,1099.76,0.2,152.6
ORD100785,2024-04-12,CUST1785,Priya Gupta,Kolkata,Maharashtra,North,Sports,Cycling,Cycling Product 15,7.0,1268.71,0.0,81.77
ORD102083,2024-10-31,CUST1883,Arjun Kumar,Agra,Rajasthan,West,Furniture,Beds,Beds Product 12,3.0,682.21,0.05,121.39
ORD102123,2025-07-17,CUST1923,Aman Sharma,Bengaluru,West Bengal,East,Sports,Fitness,Fitness Product 5,2.0,657.67,0.1,115.31
ORD102689,2024-03-10,CUST1289,Aman Sharma,Kolkata,Karnataka,East,Furniture,Chairs,Chairs Product 7,2.0,1508.16,0.2,291.19
ORD102059,2025-05-08,CUST1859,Sneha Joshi,Kolkata,Delhi,West,Furniture,Beds,Beds Product 28,1.0,1207.48,0.0,320.72
ORD104127,2025-05-18,CUST1527,Sneha Joshi,Delhi,Delhi,East,Sports,Outdoor,Outdoor Product 17,2.0,723.15,0.1,148.32
ORD103592,2025-01-14,CUST2192,Rahul Singh,Agra,Rajasthan,South,Electronics,Audio,Audio Product 9,6.0,1919.02,0.2,303.65
ORD103002,2024-09-21,CUST1602,Neha Verma,Delhi,Karnataka,East,Furniture,Chairs,Chairs Product 24,5.0,1155.55,0.1,30.18
ORD103971,2024-05-16,CUST1371,Anjali Mehta,Jaipur,Uttar Pradesh,West,Clothing,Footwear,Footwear Product 9,6.0,1933.49,0.05,538.88
ORD100121,2025-05-17,CUST1121,Neha Verma,Bengaluru,Tamil Nadu,North,Furniture,Chairs,Chairs Product 25,2.0,2724.46,0.2,109.22
ORD102656,2024-05-08,CUST1256,Neha Verma,Mumbai,West Bengal,East,Home & Kitchen,Appliances,Appliances Product 2,7.0,741.97,0.15,0.56
ORD102407,2024-05-28,CUST1007,Aman Sharma,Chennai,Rajasthan,South,Home & Kitchen,Bedding,Bedding Product 29,4.0,1701.37,0.2,11.4
ORD103704,2025-03-27,CUST1104,,Mumbai,Karnataka,,Clothing,Kids,Kids Product 19,7.0,2199.04,0.0,585.66
ORD100910,2024-04-18,CUST1910,Arjun Kumar,Bengaluru,Gujarat,North,Home & Kitchen,Appliances,Appliances Product 30,5.0,8892.67,0.15,1863.34
ORD100124,2025-12-28,CUST1124,Neha Verma,Kolkata,Karnataka,South, Electronics ,Accessories,Accessories Product 8,4.0,1648.35,0.2,184.95
ORD102348,2024-03-13,CUST2148,Priya Gupta,Agra,Gujarat,East,Furniture,Chairs,Chairs Product 29,5.0,1544.32,0.15,286.2
ORD101586,2024-02-09,CUST1386,Sneha Joshi,Chennai,Karnataka,North,Home & Kitchen,Cookware,Cookware Product 1,4.0,2959.77,0.05,236.89
ORD101257,2025-09-15,CUST1057,Anjali Mehta,Ahmedabad,Tamil Nadu,South,Sports,Cricket,Cricket Product 26,5.0,2588.65,0.05,580.79
ORD104615,2025-07-27,CUST2015,Pooja Singh,Chennai,Tamil Nadu,East,Electronics,Phones,Phones Product 8,3.0,2564.6,0.2,365.98
ORD103539,2024-10-12,CUST2139,Pooja Singh,Bengaluru,Rajasthan,South,Clothing,Kids,Kids Product 26,7.0,1592.43,0.3,110.83
ORD104494,2024-05-19,CUST1894,Neha Verma,Chennai,Uttar Pradesh,West,Sports,Fitness,Fitness Product 11,7.0,826.48,0.1,41.0
ORD101178,2024-12-26,CUST2178,Rahul Singh,Chennai,Tamil Nadu,West,Clothing,Men,Men Product 18,2.0,813.11,0.3,73.14
ORD102765,2025-02-03,CUST1365,Pooja Singh,Chennai,Gujarat,North,Electronics,Audio,Audio Product 12,3.0,957.79,0.05,53.27
ORD103528,2025-11-13,CUST2128,Priya Gupta,Jaipur,West Bengal,South,Sports,Cricket,Cricket Product 10,6.0,827.84,0.1,57.33
ORD102373,2025-06-20,CUST2173,Aman Sharma,Kolkata,Uttar Pradesh,West,Furniture,,Storage Product 29,1.0,2342.07,0.0,675.83
ORD102138,2024-03-30,CUST1938,Priya Gupta,Ahmedabad,Gujarat,East,Home & Kitchen,Decor,Decor Product 16,4.0,2064.57,0.0,178.09
ORD100442,2024-02-27,CUST1442,Pooja Singh,Agra,Delhi,East,Sports,Outdoor,Outdoor Product 22,3.0,1909.85,0.0,287.04
ORD102031,2024-10-29,CUST1831,Sneha Joshi,Bengaluru,West Bengal,South,Sports,Fitness,Fitness Product 12,3.0,1138.8,0.15,3.22
ORD103305,2025-05-28,CUST1905,Arjun Kumar,Agra,West Bengal,West,Sports,Outdoor,Outdoor Product 25,1.0,844.4,0.2,153.98
ORD100925,2024-10-08,CUST1925,Pooja Singh,Jaipur,Uttar Pradesh,South,Furniture,Storage,Storage Product 5,7.0,3047.97,0.1,635.59
ORD102370,2024-04-26,CUST2170,Pooja Singh,Delhi,West Bengal,North,Furniture,Tables,Tables Product 16,5.0,,0.1,336.87
ORD103137,2025-11-25,CUST1737,Sneha Joshi,Chennai,Gujarat,West,Electronics,Accessories,Accessories Product 7,4.0,462.29,0.05,42.3
ORD104804,2024-09-20,CUST1004,Anjali Mehta,Agra,Delhi,North,Sports,Outdoor,Outdoor Product 2,1.0,1584.56,0.15,151.7
ORD101411,2024-07-18,CUST1211,Sneha Joshi,Chennai,Uttar Pradesh,South, Home & Kitchen ,Bedding,Bedding Product 16,4.0,1687.09,0.0,129.49
ORD103525,2024-01-22,CUST2125,Sneha Joshi,Kolkata,Karnataka,East,Home & Kitchen,Bedding,Bedding Product 23,4.0,2133.07,0.15,512.19
ORD104405,2025-07-28,CUST1805,Vikas Yadav,Kolkata,Maharashtra,North,Furniture,Tables,Tables Product 24,6.0,493.73,0.4,61.54
ORD101509,2025-01-14,CUST1309,Rahul Singh,Ahmedabad,Maharashtra,West,Electronics,Laptops,Laptops Product 11,6.0,1314.26,0.0,251.45
ORD101227,2024-01-08,CUST1027,Arjun Kumar,Delhi,Uttar Pradesh,West,Electronics,Laptops,Laptops Product 5,3.0,2089.13,0.15,199.52
ORD103662,2024-04-05,CUST1062,Priya Gupta,Mumbai,Rajasthan,East,Home & Kitchen,Bedding,Bedding Product 28,5.0,2175.48,0.0,312.26
ORD104358,2024-10-10,CUST1758,Neha Verma,Delhi,Tamil Nadu,South,Furniture,Storage,Storage Product 19,1.0,2134.27,0.3,354.3
ORD103571,2024-09-21,CUST2171,Vikas Yadav,Chennai,West Bengal,East,Electronics,Accessories,Accessories Product 3,1.0,1431.19,0.2,108.19
ORD102372,2025-01-26,CUST2172,Rahul Singh,Chennai,Maharashtra,South,Furniture,Storage,Storage Product 17,,,0.05,80.77
ORD104062,2024-05-26,CUST1462,Arjun Kumar,Kolkata,Delhi,North,Sports,Cricket,Cricket Product 6,5.0,1624.61,0.15,180.29
ORD100324,2025-07-16,CUST1324,Arjun Kumar,Agra,Tamil Nadu,West,Clothing,Footwear,Footwear Product 29,6.0,1872.64,0.05,366.35
ORD103131,2025-09-28,CUST1731,Vikas Yadav,Jaipur,Tamil Nadu,South,Furniture,Chairs,Chairs Product 25,1.0,1359.1,0.0,260.08
ORD104412,2024-11-09,CUST1812,Pooja Singh,Delhi,Karnataka,South,Sports,Cycling,Cycling Product 7,5.0,973.27,0.0,86.23
ORD101962,2024-10-31,CUST1762,Vikas Yadav,Jaipur,Karnataka,South,Electronics,Audio,Audio Product 22,1.0,1153.75,0.1,92.55
ORD103353,2025-01-14,CUST1953,Neha Verma,Ahmedabad,Rajasthan,South,Furniture,Beds,Beds Product 19,6.0,2002.26,0.3,46.04
ORD104329,2025-02-17,CUST1729,Sneha Joshi,Ahmedabad,Rajasthan,East,Furniture,Tables,Tables Product 9,7.0,669.19,0.1,25.68
ORD101498,2024-05-25,CUST1298,Aman Sharma,Agra,Rajasthan,North,Furniture,Tables,Tables Product 21,1.0,1657.27,0.3,43.01
ORD101502,2025-12-05,CUST1302,Neha Verma,Jaipur,West Bengal,East,Clothing,Men,Men Product 20,4.0,2334.08,0.15,230.27
ORD101006,2024-11-13,CUST2006,Vikas Yadav,Delhi,West Bengal,South,Clothing,Kids,Kids Product 30,6.0,1627.06,0.1,265.41
ORD102229,2024-04-11,CUST2029,Priya Gupta,Agra,Gujarat,West,Electronics,Phones,Phones Product 28,5.0,984.11,0.15,134.83
ORD104274,2024-08-02,CUST1674,Sneha Joshi,jaipur,Tamil Nadu,East,Furniture,Chairs,Chairs Product 3,7.0,1405.51,0.15,310.11
ORD103575,2024-12-23,CUST2175,Arjun Kumar,Kolkata,Uttar Pradesh,East,Furniture,Beds,Beds Product 9,3.0,1505.59,0.05,79.92
ORD101467,2024-11-06,CUST1267,Neha Verma,Bengaluru,Tamil Nadu,South,Clothing,Kids,Kids Product 3,7.0,1862.91,0.3,206.68
ORD101225,2025-01-25,CUST1025,Rohit Agarwal,Jaipur,Uttar Pradesh,South,Furniture,Beds,Beds Product 13,5.0,1979.41,0.1,281.51
ORD103669,2024-11-20,CUST1069,Neha Verma,Chennai,Uttar Pradesh,South,Home & Kitchen,Bedding,Bedding Product 16,4.0,1979.21,0.15,359.42
ORD102304,2024-06-09,CUST2104,Vikas Yadav,Jaipur,Uttar Pradesh,West,Furniture,Storage,Storage Product 22,1.0,1555.89,0.2,124.3
ORD102220,2025-09-28,CUST2020,Arjun Kumar,,Delhi,North,Electronics,Accessories,Accessories Product 30,1.0,927.23,0.1,146.6
ORD101216,2024-02-24,CUST1016,Rohit Agarwal,Agra,Maharashtra,North,Sports,Cricket,Cricket Product 9,-2.0,1500.68,0.15,85.36
ORD104377,2024-02-23,CUST1777,Priya Gupta,Kolkata,Delhi,East,Electronics,Accessories,Accessories Product 21,1.0,558.27,0.1,33.58
ORD103557,2025-07-02,CUST2157,Rohit Agarwal,Ahmedabad,Tamil Nadu,South,Furniture,Tables,Tables Product 11,2.0,3337.38,0.1,261.75
ORD100420,2024-01-05,CUST1420,Pooja Singh,Ahmedabad,Maharashtra,East,Sports,Cycling,Cycling Product 26,1.0,2013.99,0.2,116.08
ORD103479,2024-07-02,CUST2079,Neha Verma,Delhi,Karnataka,North,Clothing,Kids,Kids Product 3,6.0,959.63,0.1,189.24
ORD100006,2024-01-21,CUST1006,Neha Verma,Kolkata,Tamil Nadu,South,Clothing,Footwear,Footwear Product 21,1.0,610.65,0.2,19.14
ORD100932,2025-10-23,CUST1932,Anjali Mehta,delhi,West Bengal,South,Clothing,Footwear,Footwear Product 5,5.0,1784.08,0.15,96.72
ORD101691,2024-03-19,CUST1491,Arjun Kumar,,Rajasthan,South,Furniture,Tables,Tables Product 19,5.0,1506.06,0.0,421.48
ORD100439,2024-05-06,CUST1439,,Delhi,Uttar Pradesh,West,Clothing,Footwear,Footwear Product 20,5.0,1608.43,0.0,227.95
ORD101313,2024-02-03,CUST1113,Neha Verma,Chennai,Delhi,South,Furniture,Storage,Storage Product 6,3.0,915.46,0.2,166.94
ORD100678,2025-06-09,CUST1678,Priya Gupta,Kolkata,Gujarat,East,Sports,Outdoor,Outdoor Product 17,4.0,2745.25,0.1,486.07
ORD102005,2024-05-30,CUST1805,Rahul Singh,Mumbai,Maharashtra,North,Furniture,Chairs,Chairs Product 30,3.0,1634.28,0.15,122.38
ORD104761,2024-08-26,CUST2161,Sneha Joshi,Chennai,Karnataka,South,Clothing,Men,Men Product 21,2.0,2861.49,0.05,790.5
ORD101879,2024-01-24,CUST1679,Vikas Yadav,Mumbai,Karnataka,South,Furniture,Chairs,Chairs Product 11,1.0,4343.81,0.05,263.01
ORD102305,2025-04-04,CUST2105,Aman Sharma,Mumbai,Karnataka,South,Clothing,Women,Women Product 29,1.0,1975.74,0.3,257.83
ORD104665,2024-03-22,CUST2065,Arjun Kumar,Chennai,Karnataka,North,Home & Kitchen,Decor,Decor Product 28,5.0,2143.99,0.3,47.97
ORD102157,2024-06-20,CUST1957,Neha Verma,Chennai,Karnataka,South,Clothing,Kids,Kids Product 21,2.0,3040.1,0.1,568.73
ORD102559,2025-08-12,CUST1159,Arjun Kumar,Delhi,Gujarat,South,Sports,Cricket,Cricket Product 11,4.0,628.95,0.0,58.1
ORD102478,2024-08-14,CUST1078,Aman Sharma,Ahmedabad,Gujarat,North,Clothing,Men,Men Product 15,5.0,2076.46,0.0,195.34
ORD101086,2024-09-17,CUST2086,Vikas Yadav,Delhi,Gujarat,West,Sports,Cricket,Cricket Product 9,1.0,2672.18,0.15,448.37
ORD101954,2024-11-08,CUST1754,Rohit Agarwal,Jaipur,Maharashtra,South,Electronics,Phones,Phones Product 5,2.0,1397.22,0.15,129.56
ORD104275,2025-02-06,CUST1675,Pooja Singh,Bengaluru,Gujarat,North,Clothing,Kids,Kids Product 4,2.0,1003.46,0.15,220.58
ORD104248,2025-02-04,CUST1648,Arjun Kumar,Delhi,West Bengal,East,Clothing,Footwear,Footwear Product 28,7.0,1406.04,0.1,276.91
ORD102685,2025-03-12,CUST1285,Rahul Singh,Bengaluru,Delhi,North,Sports,Cycling,Cycling Product 24,3.0,900.71,0.1,23.3
ORD100194,2025-08-30,CUST1194,Arjun Kumar,Bengaluru,Tamil Nadu,North,Electronics,Laptops,Laptops Product 3,4.0,368.44,0.15,33.72
ORD101474,2025-02-19,CUST1274,Sneha Joshi,Kolkata,Uttar Pradesh,East,Sports,Cycling,Cycling Product 24,6.0,962.86,0.0,210.58
ORD103426,2024-10-31,CUST2026,Neha Verma,Mumbai,Uttar Pradesh,West,Electronics,Phones,Phones Product 29,5.0,2070.91,0.15,352.15
ORD103532,2024-10-03,CUST2132,Aman Sharma,Agra,Karnataka,East,Furniture,Tables,Tables Product 30,3.0,2655.08,0.3,78.16
ORD101211,2024-04-23,CUST1011,Rohit Agarwal,Ahmedabad,Karnataka,North,Home & Kitchen,Decor,Decor Product 3,4.0,2040.98,0.3,230.23
ORD102476,2025-09-15,CUST1076,Aman Sharma,Jaipur,Gujarat,West,Clothing,Men,Men Product 19,2.0,570.02,0.1,35.6
ORD101657,2025-02-15,CUST1457,Rohit Agarwal,Jaipur,Karnataka,South,Electronics,Accessories,Accessories Product 3,6.0,1485.46,0.05,288.76
ORD103559,2025-10-09,CUST2159,Anjali Mehta,Kolkata,Maharashtra,East,Electronics,Accessories,Accessories Product 27,2.0,1687.13,0.05,233.52
ORD103982,2024-11-17,CUST1382,Neha Verma,Delhi,Tamil Nadu,South,Furniture,Beds,Beds Product 3,4.0,2194.07,0.4,-44.73
ORD102750,2024-04-27,CUST1350,,Mumbai,Karnataka,West,Clothing,Footwear,Footwear Product 14,6.0,884.46,0.15,96.74
ORD104858,2025-10-26,CUST1058,Aman Sharma,Jaipur,Delhi,South,Furniture,Tables,Tables Product 6,4.0,447.44,0.05,119.98
ORD104542,2025-09-15,CUST1942,Sneha Joshi,Ahmedabad,Tamil Nadu,North,Home & Kitchen,Appliances,Appliances Product 29,5.0,549.04,0.1,61.42
ORD102648,2024-05-07,CUST1248,Rahul Singh,Agra,Maharashtra,North,Home & Kitchen,Decor,Decor Product 21,6.0,1099.14,0.15,73.86
ORD101130,2025-02-10,CUST2130,Vikas Yadav,Mumbai,Gujarat,North,Electronics,Laptops,Laptops Product 26,1.0,1533.29,0.1,149.55
ORD101461,2024-06-09,CUST1261,Rohit Agarwal,Jaipur,Gujarat,North,Electronics,Audio,Audio Product 11,3.0,2182.93,0.05,204.11
ORD100276,2024-08-20,CUST1276,Pooja Singh,Delhi,Uttar Pradesh,North,Clothing,Footwear,Footwear Product 11,2.0,679.37,0.15,113.56
ORD104560,2025-02-19,CUST1960,Rohit Agarwal,Mumbai,Rajasthan,West,Sports,Fitness,Fitness Product 8,4.0,2573.74,0.1,485.2
ORD102259,2025-12-27,CUST2059,Neha Verma,Delhi,Karnataka,East,Furniture,Storage,Storage Product 23,7.0,2584.21,0.05,673.03
ORD102369,2025-10-14,CUST2169,Sneha Joshi,Mumbai,Tamil Nadu,North,Furniture,Storage,Storage Product 28,2.0,496.57,0.15,70.68
ORD102702,2025-02-08,CUST1302,,Agra,Delhi,West,Electronics,Audio,Audio Product 19,7.0,5183.03,0.2,602.73
ORD101302,2025-03-17,CUST1102,Sneha Joshi,Kolkata,Uttar Pradesh,,Home & Kitchen,Decor,Decor Product 13,4.0,350.94,0.1,16.89
ORD103109,2025-01-09,CUST1709,Sneha Joshi,Kolkata,Rajasthan,South,Clothing,Men,Men Product 15,6.0,1196.37,0.3,213.94
ORD100222,2025-11-14,CUST1222,Priya Gupta,Agra,Delhi,South,Home & Kitchen,Appliances,Appliances Product 19,-3.0,950.6,0.15,113.0
ORD104672,2024-11-18,CUST2072,Neha Verma,Agra,West Bengal,West,Clothing,Men,Men Product 3,1.0,596.57,0.0,54.72
ORD102063,2025-03-29,CUST1863,Priya Gupta,Bengaluru,West Bengal,North,Furniture,Storage,Storage Product 15,7.0,1598.8,0.15,255.16
ORD100573,2024-05-23,CUST1573,Rahul Singh,Mumbai,Tamil Nadu,East,Sports,Cricket,Cricket Product 25,1.0,563.73,0.05,131.52
ORD101236,2025-08-31,CUST1036,Rohit Agarwal,Chennai,Maharashtra,North,Electronics,Accessories,Accessories Product 17,2.0,527.31,0.3,83.36
ORD103603,2024-10-16,CUST1003,Aman Sharma,Kolkata,Gujarat,South,Home & Kitchen,Appliances,Appliances Product 30,3.0,2005.6,0.15,298.83
ORD102168,2025-06-04,CUST1968,Sneha Joshi,Delhi,Rajasthan,North,Sports,Cricket,,7.0,2172.96,0.4,59.73
ORD102317,2024-06-28,CUST2117,Rahul Singh,Kolkata,Delhi,West,Electronics,Accessories,Accessories Product 15,1.0,1926.76,0.2,108.04
ORD101334,2025-09-25,CUST1134,Anjali Mehta,Chennai,Karnataka,West,Clothing,Footwear,Footwear Product 29,5.0,450.23,0.1,12.59
ORD104527,2025-04-09,CUST1927,Rahul Singh,Chennai,Tamil Nadu,West,Clothing,Kids,Kids Product 21,3.0,497.27,0.2,46.68
ORD102498,2024-01-10,CUST1098,Neha Verma,Chennai,Maharashtra,,Furniture,Chairs,Chairs Product 19,6.0,2852.93,0.4,423.26
ORD100418,2025-07-25,CUST1418,Rahul Singh,Bengaluru,Uttar Pradesh,East,Clothing,Kids,Kids Product 20,7.0,974.02,0.2,101.94
ORD100267,2025-07-25,CUST1267,Priya Gupta,Jaipur,Maharashtra,North,Home & Kitchen,Bedding,Bedding Product 1,4.0,2226.25,0.3,-36.92
ORD101104,2024-01-23,CUST2104,Sneha Joshi,Agra,West Bengal,East,Electronics,Audio,Audio Product 11,1.0,422.29,0.15,93.37
ORD100257,2025-10-02,CUST1257,Vikas Yadav,Kolkata,Maharashtra,East,Clothing,Footwear,Footwear Product 17,6.0,1633.93,0.1,366.26
ORD100295,2025-05-24,CUST1295,Anjali Mehta,Agra,West Bengal,West,Home & Kitchen,Bedding,Bedding Product 28,2.0,1039.12,0.2,97.74
ORD102399,2025-01-16,CUST2199,Anjali Mehta,Delhi,West Bengal,South,Furniture,Tables,Tables Product 13,1.0,2545.91,0.1,268.94
ORD100386,2025-06-08,CUST1386,Rahul Singh,Chennai,Tamil Nadu,West,Sports,Outdoor,Outdoor Product 13,7.0,3378.87,0.4,-140.49
ORD103882,2025-05-03,CUST1282,Neha Verma,Ahmedabad,,North,Furniture,Chairs,Chairs Product 1,3.0,3124.11,0.1,343.38
ORD103142,2025-10-31,CUST1742,Aman Sharma,Chennai,Tamil Nadu,South,Furniture,Chairs,Chairs Product 9,3.0,4165.72,0.3,523.28
ORD102268,2025-03-17,CUST2068,Sneha Joshi,Bengaluru,Tamil Nadu,South,Clothing,Footwear,Footwear Product 23,5.0,676.97,0.3,94.24
ORD102284,2025-10-09,CUST2084,Anjali Mehta,Delhi,Tamil Nadu,East,Clothing,Women,Women Product 13,7.0,1047.62,0.05,114.49
ORD104366,2025-10-11,CUST1766,Sneha Joshi,Ahmedabad,Maharashtra,East,Home & Kitchen,Decor,Decor Product 14,4.0,6183.3,0.2,421.94
ORD103574,2025-02-17,CUST2174,Vikas Yadav,Chennai,Tamil Nadu,West,Home & Kitchen,Cookware,Cookware Product 13,1.0,392.79,0.0,39.83
ORD103927,2024-09-28,CUST1327,Aman Sharma,Jaipur,Delhi,South,Home & Kitchen,Cookware,Cookware Product 30,3.0,1530.65,0.15,207.14
ORD104415,2025-06-11,CUST1815,Pooja Singh,Mumbai,Gujarat,West,Clothing,Footwear,Footwear Product 4,4.0,538.22,0.1,83.9
ORD101563,2025-10-10,CUST1363,Aman Sharma,Mumbai,Maharashtra,West,Clothing,Men,Men Product 22,7.0,1503.59,0.4,
ORD104203,2025-12-28,CUST1603,Sneha Joshi,Chennai,Gujarat,South,Furniture,Tables,Tables Product 23,5.0,3584.92,0.3,562.57
ORD101400,2024-01-12,CUST1200,Sneha Joshi,Ahmedabad,Karnataka,East,Sports,Cricket,Cricket Product 12,3.0,3084.12,0.2,131.07
ORD100712,2024-09-09,CUST1712,Priya Gupta,Ahmedabad,Maharashtra,South,Furniture,Beds,Beds Product 15,6.0,1450.3,0.3,91.0
ORD102387,2025-11-02,CUST2187,Rohit Agarwal,Bengaluru,West Bengal,North,Home & Kitchen,Cookware,Cookware Product 17,3.0,6020.85,0.15,300.52
ORD103470,2025-11-15,CUST2070,Anjali Mehta,Chennai,West Bengal,West,Electronics,Phones,Phones Product 28,1.0,1424.4,0.05,391.47
ORD100209,2024-03-21,CUST1209,Rahul Singh,Jaipur,Uttar Pradesh,East,Clothing,Women,Women Product 25,5.0,928.94,0.1,240.15
ORD104008,2025-09-02,CUST1408,Sneha Joshi,Mumbai,West Bengal,East,Sports,Cycling,Cycling Product 25,4.0,1212.94,0.0,335.06
ORD101289,2024-07-27,CUST1089,Priya Gupta,Kolkata,West Bengal,North,Electronics,Phones,Phones Product 5,7.0,752.89,0.2,128.57
ORD103732,2024-06-14,CUST1132,Vikas Yadav,Agra,Karnataka,East,Sports,Outdoor,Outdoor Product 10,6.0,2723.84,0.05,327.62
ORD102045,2025-07-28,CUST1845,Vikas Yadav,Mumbai,Tamil Nadu,West,Clothing,Footwear,Footwear Product 26,4.0,970.82,0.15,197.17
ORD100449,2025-08-23,CUST1449,Rahul Singh,Ahmedabad,Delhi,North,Furniture,Beds,Beds Product 1,6.0,1527.55,0.1,234.28
ORD104339,2025-03-18,CUST1739,Aman Sharma,Agra,Rajasthan,South,Electronics,Audio,Audio Product 26,7.0,2306.97,0.2,141.21
ORD103653,2024-12-19,CUST1053,Aman Sharma,Agra,Tamil Nadu,,Home & Kitchen,Decor,Decor Product 30,7.0,864.88,0.1,22.96
ORD101820,2024-12-24,CUST1620,Pooja Singh,Kolkata,Tamil Nadu,North,Clothing,Men,Men Product 14,1.0,3545.82,0.1,422.46
ORD100958,2025-08-28,CUST1958,Vikas Yadav,Chennai,Tamil Nadu,South,Electronics,Laptops,Laptops Product 30,5.0,3087.01,0.2,176.41
ORD101793,2025-08-14,CUST1593,Rahul Singh,Chennai,Delhi,South,Home & Kitchen,Appliances,Appliances Product 9,7.0,1139.87,0.05,93.77
ORD103482,2025-06-07,CUST2082,Priya Gupta,Delhi,Rajasthan,North,Electronics,Audio,Audio Product 22,6.0,1392.03,0.4,-1.67
ORD100654,2025-05-22,CUST1654,Pooja Singh,Chennai,Gujarat,East,Electronics,Accessories,Accessories Product 24,4.0,859.8,0.05,54.82
ORD102445,2025-12-31,CUST1045,Arjun Kumar,Chennai,Uttar Pradesh,South,Sports,Cycling,Cycling Product 23,7.0,1177.77,0.15,60.06
ORD103916,2025-09-11,CUST1316,Anjali Mehta,Kolkata,Rajasthan,North,Sports,Cycling,Cycling Product 17,4.0,1109.19,0.3,55.64
ORD100331,2024-10-10,CUST1331,Vikas Yadav,Agra,Rajasthan,West,Sports,Outdoor,Outdoor Product 12,5.0,2022.8,0.1,196.26
ORD101760,2025-05-15,CUST1560,Neha Verma,Ahmedabad,Maharashtra,North,Electronics,Phones,Phones Product 4,5.0,1913.38,0.05,539.04
ORD102699,2024-08-14,CUST1299,Rohit Agarwal,Kolkata,Delhi,West,Clothing,Women,Women Product 19,3.0,4487.39,0.1,124.58
ORD102787,2025-08-04,CUST1387,Pooja Singh,Agra,Maharashtra,East,Home & Kitchen,Cookware,Cookware Product 28,5.0,1260.04,0.0,211.55
ORD102589,2024-06-20,CUST1189,Aman Sharma,Kolkata,Uttar Pradesh,North,Electronics,Accessories,Accessories Product 18,7.0,2801.24,0.2,522.39
ORD100411,2025-11-22,CUST1411,Anjali Mehta,Kolkata,Karnataka,South,Clothing,Women,Women Product 16,1.0,988.48,0.2,26.05
ORD101774,2025-05-09,CUST1574,Vikas Yadav,Bengaluru,Delhi,North,Furniture,Storage,Storage Product 28,4.0,465.84,0.0,137.34
ORD104549,2025-04-29,CUST1949,Rahul Singh,Agra,Gujarat,West,Electronics,Phones,Phones Product 17,3.0,2732.92,0.2,-13.26
ORD102222,2025-04-03,CUST2022,Rohit Agarwal,Mumbai,Delhi,North,Electronics,Accessories,Accessories Product 15,7.0,663.22,0.0,40.59
ORD102417,2025-09-06,CUST1017,Neha Verma,Mumbai,Gujarat,East,Home & Kitchen,Bedding,Bedding Product 11,1.0,1830.36,0.4,-3.79
ORD102671,2024-04-21,CUST1271,Rohit Agarwal,Mumbai,Maharashtra,West,Furniture,Chairs,Chairs Product 2,4.0,620.46,0.15,130.26
ORD104342,2025-05-22,CUST1742,Arjun Kumar,Agra,Tamil Nadu,South,Clothing,Women,Women Product 3,1.0,861.39,0.05,183.91
ORD104808,2025-11-18,CUST1008,Neha Verma,Kolkata,Delhi,South,Electronics,Audio,Audio Product 30,4.0,489.69,0.3,-4.24
ORD103764,2025-07-11,CUST1164,Sneha Joshi,Agra,Rajasthan,West,Home & Kitchen,Cookware,Cookware Product 19,6.0,943.26,0.05,60.97
ORD104255,2024-02-02,CUST1655,Priya Gupta,Jaipur,Delhi,East,Electronics,Laptops,Laptops Product 16,6.0,597.39,0.3,28.94
ORD104420,2025-10-11,CUST1820,Neha Verma,Ahmedabad,Tamil Nadu,South,Home & Kitchen,Decor,Decor Product 30,3.0,2045.56,0.3,57.83
ORD103617,2025-06-16,CUST1017,Sneha Joshi,Ahmedabad,Gujarat,West,Clothing,Women,Women Product 17,4.0,3470.77,0.3,368.91
ORD101992,2024-09-07,CUST1792,,Chennai,Delhi,West,Sports,Cricket,Cricket Product 16,3.0,1029.18,0.05,51.86
ORD103424,2024-06-13,CUST2024,Rohit Agarwal,Jaipur,Maharashtra,East,Sports,Cycling,Cycling Product 18,2.0,795.96,0.1,190.49
ORD104110,2025-02-23,CUST1510,Rahul Singh,Delhi,Delhi,South,Home & Kitchen,,Bedding Product 3,2.0,1520.85,0.05,132.25
ORD103891,2025-11-03,CUST1291,Anjali Mehta,Mumbai,Uttar Pradesh,East,Clothing,Kids,Kids Product 29,3.0,1271.19,0.05,340.73
ORD100430,2025-10-31,CUST1430,Neha Verma,Chennai,Gujarat,North,Clothing,Women,Women Product 1,3.0,865.49,0.15,72.26
ORD104826,2025-05-13,CUST1026,,Chennai,West Bengal,North,Home & Kitchen,Appliances,Appliances Product 16,1.0,310.71,0.3,31.66
ORD103911,2024-04-02,CUST1311,Neha Verma,Ahmedabad,Rajasthan,North, Furniture ,Chairs,Chairs Product 14,7.0,2284.28,0.05,306.9
ORD101366,2025-05-21,CUST1166,Arjun Kumar,Jaipur,Gujarat,North,Home & Kitchen,Decor,Decor Product 18,6.0,886.33,0.3,-16.75
ORD100173,2024-07-08,CUST1173,Anjali Mehta,Jaipur,Uttar Pradesh,West,Electronics,Audio,Audio Product 25,2.0,2386.61,0.2,215.21
ORD102900,2025-09-02,CUST1500,Arjun Kumar,Bengaluru,Karnataka,East,Clothing,Footwear,Footwear Product 15,2.0,1905.35,0.15,181.74
ORD101176,2024-02-18,CUST2176,Priya Gupta,Bengaluru,Karnataka,West,Furniture,Storage,Storage Product 8,4.0,550.77,0.3,-2.68
ORD103388,2025-03-18,CUST1988,Pooja Singh,Chennai,Delhi,East,Electronics,Phones,Phones Product 17,5.0,1330.25,0.05,253.76
ORD101476,2024-02-08,CUST1276,Arjun Kumar,Bengaluru,Uttar Pradesh,North,Clothing,Women,Women Product 19,6.0,2132.78,0.15,262.51
ORD103206,2025-04-11,CUST1806,Priya Gupta,Kolkata,West Bengal,South,Furniture,Tables,Tables Product 24,7.0,1012.67,0.15,100.11
ORD103921,2024-02-19,CUST1321,Sneha Joshi,Bengaluru,West Bengal,North,Home & Kitchen,Cookware,Cookware Product 9,4.0,549.62,0.0,96.65
ORD100102,2025-10-09,CUST1102,Priya Gupta,Chennai,Delhi,North,Clothing,Women,Women Product 22,1.0,2840.93,0.0,784.03
ORD103221,2024-10-28,CUST1821,Neha Verma,Chennai,Uttar Pradesh,East,Sports,Cricket,Cricket Product 15,3.0,1710.27,0.3,238.29
ORD103253,2024-01-19,CUST1853,Vikas Yadav,Jaipur,Rajasthan,North,Sports,Cycling,Cycling Product 21,4.0,2022.74,0.1,508.53
ORD101263,2025-05-28,CUST1063,Arjun Kumar,Mumbai,Delhi,South,Home & Kitchen,Decor,Decor Product 16,5.0,836.69,0.1,98.22
ORD104866,2025-12-09,CUST1066,Rahul Singh,Ahmedabad,Tamil Nadu,East,Sports,Fitness,Fitness Product 6,6.0,495.2,0.1,125.53
ORD103463,2025-09-04,CUST2063,Neha Verma,Jaipur,West Bengal,West,Clothing,Men,Men Product 12,7.0,319.79,0.1,78.46
ORD102409,2024-06-04,CUST1009,Anjali Mehta,Bengaluru,Rajasthan,North,Furniture,Storage,Storage Product 16,5.0,567.68,0.2,-4.45
ORD103113,2024-04-29,CUST1713,Arjun Kumar,Agra,West Bengal,South,Home & Kitchen,Cookware,Cookware Product 7,2.0,1580.49,0.15,251.38
ORD103984,2025-03-31,CUST1384,Aman Sharma,Bengaluru,Delhi,North,Furniture,Chairs,Chairs Product 13,5.0,396.94,0.15,40.74
ORD104768,2024-06-04,CUST2168,Arjun Kumar,Mumbai,West Bengal,North,Electronics,Audio,Audio Product 11,4.0,175.15,0.2,
ORD103225,2025-02-07,CUST1825,,Delhi,Tamil Nadu,South,Clothing,Kids,Kids Product 2,3.0,,0.1,194.48
ORD103932,2025-11-29,CUST1332,Vikas Yadav,Jaipur,Tamil Nadu,North,Furniture,Storage,Storage Product 20,7.0,3504.18,0.2,804.88
ORD101643,2024-01-17,CUST1443,Rohit Agarwal,Chennai,Rajasthan,South,Home & Kitchen,Appliances,Appliances Product 15,6.0,1566.66,0.0,443.8
ORD104536,2025-08-21,CUST1936,Neha Verma,,Delhi,East,Furniture,Beds,Beds Product 22,5.0,1021.92,0.1,79.64
ORD100000,2024-04-12,CUST1000,Neha Verma,Kolkata,Gujarat,East,Clothing,Footwear,Footwear Product 27,3.0,988.63,0.2,148.27
ORD101580,2025-03-29,CUST1380,Arjun Kumar,Mumbai,Karnataka,West,Furniture,Tables,Tables Product 18,1.0,5344.74,0.15,1027.55
ORD104453,2025-11-10,CUST1853,Neha Verma,Mumbai,Gujarat,West,Electronics,Accessories,Accessories Product 21,4.0,1675.39,0.15,166.38
ORD104424,2024-10-01,CUST1824,Vikas Yadav,Bengaluru,Karnataka,North,Electronics,Phones,Phones Product 3,4.0,880.93,0.05,194.75
ORD101356,2025-10-25,CUST1156,Rohit Agarwal,Kolkata,Delhi,South,Home & Kitchen,Appliances,Appliances Product 1,1.0,1071.67,0.15,239.38
ORD104302,2025-11-19,CUST1702,Rohit Agarwal,Kolkata,Karnataka,South,Sports,Outdoor,Outdoor Product 9,1.0,1708.06,0.15,302.46
ORD102117,2024-02-20,CUST1917,Pooja Singh,Agra,Maharashtra,West,Home & Kitchen,Decor,Decor Product 1,4.0,2887.56,0.05,276.07
ORD103563,2024-05-06,CUST2163,Arjun Kumar,Jaipur,West Bengal,North,Sports,Cricket,Cricket Product 1,4.0,1191.08,0.3,70.35
ORD102072,2025-03-30,CUST1872,Neha Verma,Kolkata,,East,Electronics,Accessories,Accessories Product 29,6.0,627.73,0.1,99.31
ORD104865,2025-06-23,CUST1065,Aman Sharma,Mumbai,Maharashtra,West,Sports,Outdoor,Outdoor Product 19,4.0,2508.99,0.15,459.51
ORD100396,2024-05-22,CUST1396,Neha Verma,Mumbai,Maharashtra,South,Clothing,Footwear,Footwear Product 12,3.0,3199.1,0.15,404.87
ORD103518,2024-01-13,CUST2118,Aman Sharma,Delhi,Tamil Nadu,East,Sports,Fitness,Fitness Product 16,7.0,2771.79,0.0,251.27
ORD101064,2024-08-18,CUST2064,Rohit Agarwal,Bengaluru,Maharashtra,East,Electronics,Laptops,Laptops Product 19,6.0,2955.51,0.0,347.84
ORD102535,2025-01-25,CUST1135,Priya Gupta,Bengaluru,Uttar Pradesh,West,Sports,Cricket,Cricket Product 27,3.0,1691.78,0.1,149.13
ORD102298,2025-09-24,CUST2098,Aman Sharma,Bengaluru,Rajasthan,North,Electronics,Laptops,Laptops Product 5,7.0,1480.59,0.15,149.54
ORD100818,2024-04-04,CUST1818,Priya Gupta,Ahmedabad,Maharashtra,South,Sports,Fitness,Fitness Product 3,2.0,1836.62,0.1,324.32
ORD101812,2024-05-22,CUST1612,Aman Sharma,Ahmedabad,,North,Home & Kitchen,Appliances,Appliances Product 8,2.0,1373.51,0.2,153.82
ORD102594,2024-05-01,CUST1194,Anjali Mehta,Mumbai,West Bengal,West,Furniture,Storage,Storage Product 17,3.0,1261.71,0.15,207.81
ORD101552,2024-04-29,CUST1352,Arjun Kumar,Bengaluru,Delhi,South,Clothing,Footwear,Footwear Product 22,1.0,2544.26,0.0,451.02
ORD103173,2025-10-20,CUST1773,Neha Verma,Chennai,West Bengal,North,Clothing,Women,Women Product 23,7.0,4961.61,0.15,1199.41
ORD100816,2025-10-24,CUST1816,Anjali Mehta,Jaipur,West Bengal,South,Clothing,Women,Women Product 1,6.0,452.42,0.05,51.27
ORD101572,2025-01-29,CUST1372,Neha Verma,Kolkata,Maharashtra,West,Electronics,Accessories,Accessories Product 25,5.0,2724.86,0.1,278.63
ORD103017,2024-05-10,CUST1617,Aman Sharma,Ahmedabad,West Bengal,South,Sports,Cricket,Cricket Product 28,6.0,843.61,0.1,120.64
ORD101800,2024-08-29,CUST1600,Arjun Kumar,Agra,Maharashtra,North,Clothing,Men,Men Product 10,7.0,1269.9,0.0,79.0
ORD104318,2025-10-30,CUST1718,Rohit Agarwal,Mumbai,Karnataka,East,Sports,,Cycling Product 9,2.0,1129.96,0.2,175.72
ORD100381,2024-02-08,CUST1381,,Mumbai,West Bengal,West,Electronics,Accessories,Accessories Product 20,3.0,1667.17,0.1,163.44
ORD104515,2024-07-31,CUST1915,Rohit Agarwal,Jaipur,Gujarat,North,Furniture,Beds,Beds Product 13,-1.0,404.13,0.15,96.21
ORD103886,2025-08-18,CUST1286,Priya Gupta,Ahmedabad,West Bengal,South,Electronics,Audio,Audio Product 15,,1007.06,0.0,127.67
ORD104087,2024-10-05,CUST1487,Arjun Kumar,Agra,West Bengal,North,Electronics,Phones,Phones Product 10,6.0,501.38,0.1,104.21
ORD103877,2025-03-13,CUST1277,Aman Sharma,Jaipur,Tamil Nadu,North,Electronics,Laptops,Laptops Product 6,3.0,1389.34,0.0,114.26
ORD102458,2024-07-31,CUST1058,Rohit Agarwal,Agra,Uttar Pradesh,West,Electronics,Audio,Audio Product 22,4.0,1043.23,0.15,184.94
ORD104355,2025-09-01,CUST1755,Rohit Agarwal,Bengaluru,Uttar Pradesh,West, Home & Kitchen ,Appliances,Appliances Product 29,5.0,1177.23,0.4,-95.7
ORD101780,2025-12-29,CUST1580,Vikas Yadav,Mumbai,Gujarat,East,Home & Kitchen,Cookware,Cookware Product 21,6.0,1772.12,0.1,420.1
ORD103013,2025-04-01,CUST1613,Sneha Joshi,Delhi,Delhi,North,Furniture,Storage,Storage Product 3,7.0,1553.78,0.2,278.26
ORD102836,2024-05-27,CUST1436,Pooja Singh,Kolkata,Uttar Pradesh,West,Furniture,Tables,Tables Product 21,7.0,673.82,0.2,13.54
ORD103684,2024-06-25,CUST1084,Arjun Kumar,Chennai,Maharashtra,West,Electronics,Laptops,Laptops Product 20,4.0,1681.02,0.05,189.26
ORD100864,2024-09-09,CUST1864,Arjun Kumar,Jaipur,Gujarat,West,Electronics,Accessories,Accessories Product 10,3.0,1051.48,0.0,262.93
ORD103071,2024-04-24,CUST1671,Neha Verma,Chennai,Maharashtra,North,Furniture,Beds,Beds Product 20,4.0,699.69,0.3,47.54
ORD103250,2024-01-01,CUST1850,Arjun Kumar,Jaipur,Karnataka,West,Sports,Fitness,Fitness Product 9,1.0,874.71,0.05,227.94
ORD100554,2025-08-18,CUST1554,Sneha Joshi,Bengaluru,Delhi,West,Furniture,Storage,Storage Product 12,7.0,2052.74,0.15,36.57
ORD101159,2025-06-12,CUST2159,Neha Verma,Delhi,Gujarat,North,Home & Kitchen,Cookware,Cookware Product 14,3.0,1502.86,0.1,66.93
ORD101213,2025-11-08,CUST1013,Neha Verma,Mumbai,Uttar Pradesh,West,Clothing,Kids,Kids Product 30,1.0,3063.94,0.05,689.69
ORD103940,2024-01-19,CUST1340,Aman Sharma,Jaipur,Uttar Pradesh,West,Electronics,Audio,Audio Product 23,5.0,3708.53,0.1,559.71
ORD103660,2024-08-28,CUST1060,Rahul Singh,Agra,Tamil Nadu,South,Sports,Cricket,Cricket Product 10,4.0,2765.44,0.3,-90.88
ORD100048,2024-06-15,CUST1048,Neha Verma,Chennai,Rajasthan,North,Sports,Fitness,Fitness Product 28,1.0,1121.77,0.3,190.68
ORD102405,2024-03-23,CUST1005,Priya Gupta,Delhi,Uttar Pradesh,South,Sports,Fitness,Fitness Product 8,1.0,1560.9,0.15,293.72
ORD100700,2024-11-11,CUST1700,Sneha Joshi,Bengaluru,Karnataka,South,Electronics,Phones,Phones Product 7,7.0,1860.84,0.2,-8.56
ORD100652,2025-05-19,CUST1652,Rohit Agarwal,Delhi,Maharashtra,East,Furniture,Tables,Tables Product 7,4.0,2841.63,0.15,645.5
ORD103210,2025-03-16,CUST1810,Arjun Kumar,Ahmedabad,Uttar Pradesh,South,Sports,Fitness,Fitness Product 25,7.0,1641.3,0.15,145.43
ORD104167,2025-09-29,CUST1567,Vikas Yadav,Kolkata,Gujarat,West,Clothing,Men,Men Product 14,1.0,1115.66,0.05,286.28
ORD103366,2024-07-20,CUST1966,Anjali Mehta,Jaipur,Gujarat,South,Furniture,Beds,Beds Product 17,3.0,1247.19,0.15,239.6
ORD100748,2025-12-14,CUST1748,Vikas Yadav,Jaipur,Maharashtra,West,Sports,Fitness,Fitness Product 23,3.0,1813.97,0.15,348.49
ORD101455,2025-06-10,CUST1255,Anjali Mehta,Agra,Rajasthan,East,Sports,Cycling,Cycling Product 20,-3.0,823.53,0.1,217.14
ORD104225,2024-05-30,CUST1625,Aman Sharma,Chennai,Karnataka,East,Home & Kitchen,Appliances,Appliances Product 13,7.0,2540.73,0.2,355.26
ORD104929,2024-01-08,CUST1129,Neha Verma,Ahmedabad,Tamil Nadu,North,Furniture,Beds,Beds Product 16,5.0,1076.55,0.3,-46.18
ORD102053,2024-06-07,CUST1853,Sneha Joshi,Chennai,Gujarat,North,Furniture,Beds,Beds Product 18,7.0,1826.94,0.15,332.47
ORD100866,2025-12-19,CUST1866,Priya Gupta,Bengaluru,Uttar Pradesh,West,Electronics,Phones,Phones Product 30,1.0,655.91,0.2,75.47
ORD100752,2024-03-25,CUST1752,Vikas Yadav,Mumbai,West Bengal,North,Sports,Outdoor,Outdoor Product 28,3.0,2292.99,0.2,324.59
ORD101644,2024-12-25,CUST1444,Aman Sharma,Mumbai,Uttar Pradesh,North,Furniture,Beds,Beds Product 5,3.0,1421.55,0.4,-80.65
ORD100092,2024-07-06,CUST1092,Vikas Yadav,Ahmedabad,West Bengal,North,Furniture,Beds,Beds Product 9,5.0,1478.38,0.15,230.11
ORD104130,2024-11-05,CUST1530,Rahul Singh,Jaipur,Delhi,East,Home & Kitchen,Appliances,Appliances Product 22,7.0,831.1,0.1,163.44
ORD103153,2025-11-14,CUST1753,Arjun Kumar,Chennai,Uttar Pradesh,East,Electronics,Phones,Phones Product 19,1.0,821.81,0.1,144.91
ORD102470,2024-07-01,CUST1070,Sneha Joshi,Delhi,West Bengal,West,Furniture,Storage,Storage Product 16,1.0,446.98,0.05,17.48
ORD102796,2025-11-16,CUST1396,Neha Verma,Ahmedabad,Karnataka,North,Clothing,Kids,Kids Product 13,7.0,1878.83,0.05,187.73
ORD101490,2025-07-30,CUST1290,Anjali Mehta,Agra,Gujarat,South,Sports,Fitness,Fitness Product 17,7.0,1717.28,0.2,394.63
ORD102944,2024-10-23,CUST1544,Neha Verma,Kolkata,Maharashtra,East,Electronics,Phones,Phones Product 9,6.0,2469.8,0.3,381.84
ORD102213,2024-09-10,CUST2013,Sneha Joshi,Chennai,Rajasthan,North,Sports,Fitness,Fitness Product 9,1.0,2592.36,0.05,427.79
ORD100729,2024-10-08,CUST1729,Aman Sharma,Jaipur,Karnataka,West,Furniture,Storage,Storage Product 11,2.0,666.36,0.05,123.35
ORD102763,2024-05-16,CUST1363,Aman Sharma,Kolkata,Delhi,East,Electronics,Accessories,Accessories Product 16,4.0,3014.24,0.0,632.96
ORD102512,2024-04-10,CUST1112,Arjun Kumar,Chennai,Delhi,North,Furniture,Tables,Tables Product 11,7.0,4003.66,0.3,557.73
ORD104975,2025-07-17,CUST1175,Vikas Yadav,Chennai,Tamil Nadu,North,Home & Kitchen,Bedding,Bedding Product 1,7.0,939.58,0.05,158.42
ORD101936,2025-04-04,CUST1736,Rahul Singh,Jaipur,West Bengal,South,Clothing,Men,Men Product 15,3.0,838.98,0.0,196.6
ORD101745,2025-01-21,CUST1545,Sneha Joshi,Kolkata,Delhi,West,Home & Kitchen,Appliances,Appliances Product 29,1.0,953.15,0.2,81.54
ORD102526,2024-05-27,CUST1126,Priya Gupta,Ahmedabad,Tamil Nadu,West,Electronics,Laptops,Laptops Product 27,5.0,7123.96,0.0,1485.56
ORD103333,2025-03-04,CUST1933,Sneha Joshi,Chennai,Rajasthan,West,Sports,Cricket,Cricket Product 5,5.0,1983.76,0.0,158.26
ORD103550,2025-10-08,CUST2150,Neha Verma,Jaipur,Karnataka,East,Electronics,Phones,Phones Product 14,1.0,5157.42,0.0,540.95
ORD101957,2024-04-30,CUST1757,Rahul Singh,Bengaluru,Gujarat,West,Home & Kitchen,Cookware,Cookware Product 14,1.0,1119.01,0.0,147.41
ORD101110,2024-05-20,CUST2110,Vikas Yadav,Chennai,Rajasthan,West,Sports,Fitness,Fitness Product 30,1.0,1804.52,0.15,235.25
ORD103599,2024-01-13,CUST2199,Rohit Agarwal,Ahmedabad,Gujarat,East,Sports,Cycling,Cycling Product 30,4.0,920.27,0.1,102.11
ORD104099,2025-01-25,CUST1499,Sneha Joshi,Mumbai,Rajasthan,East,Home & Kitchen,Bedding,Bedding Product 19,6.0,746.56,0.15,141.33
ORD104502,2024-11-14,CUST1902,Sneha Joshi,Agra,Maharashtra,South,Electronics,Phones,Phones Product 9,6.0,1368.9,0.05,86.92
ORD104187,2024-07-01,CUST1587,Pooja Singh,Agra,Uttar Pradesh,North,Electronics,Laptops,Laptops Product 6,4.0,727.25,0.05,128.43
ORD100346,2025-01-07,CUST1346,Anjali Mehta,Mumbai,Karnataka,West,Furniture,Chairs,Chairs Product 22,2.0,2379.62,0.1,521.25
ORD101185,2025-12-01,CUST2185,Neha Verma,Jaipur,Delhi,East,Sports,Cricket,Cricket Product 25,5.0,1999.5,0.0,349.79
ORD104038,2025-10-12,CUST1438,Pooja Singh,Delhi,Uttar Pradesh,South,Clothing,Footwear,Footwear Product 17,4.0,503.58,0.15,41.65
ORD104073,2024-10-06,CUST1473,Priya Gupta,Delhi,Maharashtra,South, Furniture ,,Storage Product 26,4.0,2022.2,0.15,47.35
ORD101515,2024-01-11,CUST1315,Aman Sharma,Jaipur,Uttar Pradesh,North,Home & Kitchen,Appliances,Appliances Product 26,2.0,3191.43,0.15,450.4
ORD104701,2024-07-19,CUST2101,Pooja Singh,Ahmedabad,West Bengal,North,Electronics,Laptops,Laptops Product 8,,2922.54,0.1,50.64
ORD100578,2025-04-13,CUST1578,Rohit Agarwal,Jaipur,West Bengal,North,Electronics,Accessories,Accessories Product 10,7.0,593.23,0.3,25.15
ORD101964,2025-09-23,CUST1764,Aman Sharma,Delhi,Rajasthan,East,Furniture,Tables,Tables Product 21,7.0,1416.42,0.0,81.58
ORD100075,2025-12-30,CUST1075,Sneha Joshi,Chennai,Karnataka,South,Home & Kitchen,Cookware,Cookware Product 4,6.0,1346.09,0.0,277.05
ORD101429,2025-09-20,CUST1229,Arjun Kumar,Ahmedabad,Tamil Nadu,South,Sports,Fitness,Fitness Product 1,1.0,1258.78,0.1,289.72
ORD103652,2024-10-16,CUST1052,Pooja Singh,Delhi,Rajasthan,North,Electronics,Laptops,Laptops Product 30,3.0,1866.32,0.1,39.33
ORD104461,2025-06-13,CUST1861,Pooja Singh,Jaipur,Uttar Pradesh,North,Clothing,Men,Men Product 25,1.0,1507.27,0.15,106.45
ORD104333,2024-10-09,CUST1733,Rohit Agarwal,Mumbai,Tamil Nadu,South,Home & Kitchen,Bedding,Bedding Product 5,7.0,2606.91,0.05,573.69
ORD104987,2025-07-21,CUST1187,Pooja Singh,Bengaluru,Maharashtra,South,Home & Kitchen,Appliances,Appliances Product 18,3.0,1204.91,0.2,13.16
ORD101846,2024-01-12,CUST1646,Neha Verma,Kolkata,Uttar Pradesh,East,Furniture,Tables,Tables Product 1,4.0,5564.52,0.15,764.73
ORD100131,2025-10-04,CUST1131,Rahul Singh,Agra,Karnataka,South,Clothing,Women,Women Product 5,4.0,1066.84,0.4,31.05
ORD100178,2025-09-24,CUST1178,Anjali Mehta,Chennai,Tamil Nadu,East,Furniture,Tables,Tables Product 7,1.0,1052.3,0.0,123.43
ORD102948,2024-03-12,CUST1548,Neha Verma,Agra,Karnataka,East,Clothing,Footwear,Footwear Product 30,6.0,2938.53,0.15,716.01
ORD104497,2024-11-07,CUST1897,Pooja Singh,Bengaluru,Uttar Pradesh,North,Furniture,Storage,Storage Product 12,6.0,1959.67,0.05,429.99
ORD104080,2024-01-04,CUST1480,Neha Verma,Mumbai,Uttar Pradesh,South,Clothing,Women,Women Product 19,2.0,1093.9,0.15,8.02
ORD104295,2024-11-13,CUST1695,Vikas Yadav,Bengaluru,Delhi,East,Sports,Fitness,Fitness Product 8,6.0,1402.37,0.2,6.35
ORD101842,2025-05-29,CUST1642,Arjun Kumar,Kolkata,Karnataka,West,Clothing,Women,Women Product 12,1.0,2497.14,0.05,481.93
ORD102133,2025-10-31,CUST1933,Priya Gupta,Mumbai,Tamil Nadu,South,Sports,Outdoor,Outdoor Product 3,1.0,610.41,0.2,37.11
ORD102580,2024-09-29,CUST1180,Neha Verma,Mumbai,Uttar Pradesh,East,Electronics,Laptops,Laptops Product 24,2.0,1289.66,0.15,36.75
ORD104740,2024-08-24,CUST2140,Pooja Singh,Jaipur,Delhi,South,Furniture,Tables,Tables Product 3,1.0,1615.69,0.4,-80.3
ORD102672,2024-01-13,CUST1272,Rahul Singh,Ahmedabad,West Bengal,North,Furniture,Tables,Tables Product 9,1.0,2514.43,0.3,42.2
ORD100658,2024-05-13,CUST1658,Rohit Agarwal,Agra,Gujarat,,Clothing,Women,Women Product 5,4.0,256.97,0.0,31.03
ORD101896,2025-02-21,CUST1696,Rahul Singh,Agra,Karnataka,West,Home & Kitchen,Appliances,,4.0,3957.7,0.0,326.28
ORD104609,2024-10-31,CUST2009,Arjun Kumar,Ahmedabad,Uttar Pradesh,West,Furniture,Tables,Tables Product 17,4.0,2489.16,0.3,16.73
ORD103802,2024-02-24,CUST1202,Priya Gupta,Delhi,Maharashtra,West,Electronics,Accessories,Accessories Product 23,3.0,2657.67,0.2,560.84
ORD100342,2024-08-07,CUST1342,Aman Sharma,Agra,Maharashtra,North,Home & Kitchen,Decor,Decor Product 18,6.0,1957.38,0.3,119.41
ORD102588,2025-12-25,CUST1188,Anjali Mehta,Chennai,Rajasthan,West,Furniture,Chairs,Chairs Product 7,6.0,2078.07,0.2,0.54
ORD100727,2024-08-26,CUST1727,Vikas Yadav,Mumbai,Rajasthan,West,Sports,Outdoor,Outdoor Product 26,7.0,3174.3,0.0,706.36
ORD103845,2025-03-09,CUST1245,Vikas Yadav,Ahmedabad,Maharashtra,North,Sports,Cycling,Cycling Product 23,5.0,1832.5,0.15,293.52
ORD100976,2024-04-22,CUST1976,Vikas Yadav,Kolkata,Karnataka,West,Sports,Fitness,Fitness Product 6,4.0,499.64,0.15,114.79
ORD102073,2025-08-23,CUST1873,Rahul Singh,Jaipur,Delhi,North,Sports,Fitness,Fitness Product 25,4.0,1278.45,0.2,173.27
ORD103027,2025-06-29,CUST1627,Rahul Singh,Delhi,Delhi,South,Furniture,Storage,Storage Product 13,5.0,1061.52,0.1,113.19
ORD101928,2024-05-24,CUST1728,Aman Sharma,Jaipur,Karnataka,North,Furniture,Beds,Beds Product 9,5.0,613.97,0.15,4.74
ORD103933,2024-03-30,CUST1333,Arjun Kumar,Agra,Gujarat,North,Home & Kitchen,Cookware,Cookware Product 27,6.0,838.57,0.15,166.61
ORD103291,2024-07-20,CUST1891,Rahul Singh,Bengaluru,Delhi,South,Furniture,Tables,Tables Product 20,1.0,1360.8,0.05,180.57
ORD101299,2025-05-08,CUST1099,Rahul Singh,Chennai,Tamil Nadu,North,Furniture,Chairs,Chairs Product 19,7.0,831.33,0.4,125.87
ORD103299,2025-07-04,CUST1899,Anjali Mehta,Jaipur,Tamil Nadu,East,Electronics,Phones,Phones Product 17,3.0,511.34,0.15,34.33
ORD104631,2024-04-02,CUST2031,Vikas Yadav,Bengaluru,Delhi,North,Electronics,Laptops,Laptops Product 16,7.0,976.38,0.0,55.58
ORD100660,2025-07-09,CUST1660,Neha Verma,Mumbai,Karnataka,East,Clothing,Footwear,Footwear Product 24,7.0,945.79,0.05,140.21
ORD104035,2025-08-02,CUST1435,Vikas Yadav,,Uttar Pradesh,West,Home & Kitchen,Appliances,Appliances Product 15,1.0,2663.95,0.05,466.36
ORD102432,2025-07-27,CUST1032,Arjun Kumar,Chennai,Rajasthan,South,Clothing,Kids,Kids Product 28,5.0,5843.78,0.4,
ORD104469,2024-08-01,CUST1869,Vikas Yadav,Kolkata,Karnataka,South,Furniture,Storage,Storage Product 28,4.0,810.87,0.1,181.72
ORD103026,2025-11-22,CUST1626,Pooja Singh,,Delhi,North,Sports,Fitness,Fitness Product 30,4.0,1132.53,0.05,233.35
ORD102227,2025-08-02,CUST2027,,Bengaluru,Gujarat,East,Home & Kitchen,Appliances,Appliances Product 12,2.0,1609.49,0.1,197.25
ORD103102,2024-10-10,CUST1702,Rahul Singh,Kolkata,Karnataka,West,Home & Kitchen,Appliances,Appliances Product 18,7.0,1793.31,0.3,37.24
ORD102748,2025-04-20,CUST1348,Neha Verma,Bengaluru,Gujarat,North,Furniture,Tables,Tables Product 3,4.0,1690.37,0.05,96.46
ORD103657,2025-07-14,CUST1057,Vikas Yadav,Ahmedabad,Maharashtra,West,Electronics,Accessories,Accessories Product 5,2.0,916.31,0.2,134.67
ORD103245,2025-10-20,CUST1845,Priya Gupta,Delhi,Rajasthan,East,Home & Kitchen,Cookware,Cookware Product 3,-4.0,1385.25,0.0,395.69
ORD101278,2024-12-29,CUST1078,Pooja Singh,Mumbai,Uttar Pradesh,West, Furniture ,Beds,Beds Product 25,7.0,987.31,0.1,150.94
ORD104028,2025-12-15,CUST1428,Neha Verma,Bengaluru,Maharashtra,West,Furniture,Tables,Tables Product 23,1.0,190.11,,46.83
ORD101621,2024-01-31,CUST1421,Rahul Singh,Delhi,Tamil Nadu,South,Home & Kitchen,Decor,Decor Product 21,5.0,997.49,0.1,170.16
ORD103065,2025-04-04,CUST1665,Aman Sharma,Chennai,Rajasthan,West,Home & Kitchen,Decor,Decor Product 22,3.0,295.28,0.3,-1.41
ORD102879,2025-05-08,CUST1479,Neha Verma,Ahmedabad,Gujarat,North,Sports,Cricket,Cricket Product 19,4.0,4774.91,0.05,854.41
ORD100067,2025-01-22,CUST1067,Sneha Joshi,Kolkata,Delhi,North,Electronics,Phones,Phones Product 21,3.0,1261.79,0.05,113.86
ORD103690,2025-02-04,CUST1090,Rahul Singh,Chennai,Uttar Pradesh,South,Electronics,Audio,Audio Product 2,1.0,2010.7,0.1,468.87
ORD102775,2025-12-10,CUST1375,Neha Verma,Jaipur,Uttar Pradesh,North,Furniture,Tables,Tables Product 9,4.0,1128.22,0.0,311.53
ORD103852,2025-07-24,CUST1252,Sneha Joshi,Bengaluru,Karnataka,North,Furniture,Storage,Storage Product 22,1.0,3018.78,0.1,303.04
ORD100820,2025-06-03,CUST1820,,Chennai,West Bengal,North,Clothing,,Women Product 17,1.0,1360.66,0.3,248.4
ORD101226,2024-12-14,CUST1026,Priya Gupta,Mumbai,Tamil Nadu,East,Sports,Cricket,Cricket Product 10,3.0,3099.87,0.05,307.41
ORD103752,2024-08-22,CUST1152,Sneha Joshi,Ahmedabad,Maharashtra,North,Home & Kitchen,Bedding,Bedding Product 2,5.0,889.94,0.15,13.85
ORD102182,2025-10-25,CUST1982,Rohit Agarwal,Agra,Karnataka,North,Clothing,Men,Men Product 21,2.0,173.89,0.1,
ORD102789,2024-09-16,CUST1389,Aman Sharma,Agra,Gujarat,North,Clothing,Women,Women Product 12,7.0,961.5,0.05,248.81
ORD104924,2025-03-13,CUST1124,Pooja Singh,Ahmedabad,Karnataka,West,Sports,Fitness,Fitness Product 14,5.0,1603.51,0.1,396.01
ORD104381,2024-12-06,CUST1781,Priya Gupta,Bengaluru,Gujarat,North,Sports,Fitness,Fitness Product 6,3.0,1533.61,0.3,21.13
ORD103406,2025-07-02,CUST2006,Rohit Agarwal,,Rajasthan,East,Clothing,Women,Women Product 9,7.0,,0.15,758.35
ORD101143,2024-05-16,CUST2143,Arjun Kumar,Delhi,Delhi,South,Furniture,Storage,Storage Product 7,6.0,914.0,0.0,255.52
ORD100397,2024-04-01,CUST1397,Aman Sharma,Agra,Delhi,North,Furniture,Chairs,Chairs Product 4,1.0,2372.47,0.15,509.79
ORD102955,2025-04-12,CUST1555,Sneha Joshi,Agra,Gujarat,East,Electronics,Phones,Phones Product 11,2.0,2077.72,0.3,206.17
ORD104332,2025-12-19,CUST1732,Neha Verma,Mumbai,Gujarat,West,Electronics,Accessories,Accessories Product 7,7.0,1065.25,0.1,266.89
ORD102805,2025-02-11,CUST1405,Aman Sharma,Kolkata,Uttar Pradesh,North,Furniture,Tables,Tables Product 2,7.0,1329.32,0.0,168.16
ORD101398,2025-07-22,CUST1198,Vikas Yadav,Ahmedabad,West Bengal,West,Clothing,Kids,Kids Product 30,4.0,980.47,0.1,129.05
ORD101659,2024-11-30,CUST1459,Arjun Kumar,Mumbai,Maharashtra,East,Home & Kitchen,Cookware,Cookware Product 6,3.0,650.91,0.05,178.58
ORD100979,2024-01-01,CUST1979,Vikas Yadav,Bengaluru,Rajasthan,West,Home & Kitchen,Cookware,Cookware Product 15,4.0,2555.2,0.0,755.8
ORD101298,2024-08-22,CUST1098,Vikas Yadav,Jaipur,West Bengal,North,Home & Kitchen,Bedding,Bedding Product 29,7.0,7765.96,0.3,652.5
ORD102998,2024-08-14,CUST1598,Rohit Agarwal,Kolkata,West Bengal,East,Furniture,Tables,Tables Product 13,5.0,616.52,0.0,61.31
ORD100082,2025-04-06,CUST1082,Pooja Singh,Mumbai,Maharashtra,North,Sports,Outdoor,Outdoor Product 17,2.0,1171.53,0.0,350.62
ORD104256,2024-11-13,CUST1656,Priya Gupta,Bengaluru,West Bengal,West,Sports,Cricket,Cricket Product 5,3.0,1531.14,0.4,-37.68
ORD102499,2024-08-29,CUST1099,Rohit Agarwal,,West Bengal,North,Furniture,Tables,Tables Product 10,4.0,1167.34,0.3,-15.81
ORD103801,2024-02-02,CUST1201,Sneha Joshi,Jaipur,Delhi,West,Electronics,Laptops,Laptops Product 3,4.0,2373.95,0.05,324.34
ORD104974,2025-12-28,CUST1174,Arjun Kumar,Ahmedabad,Rajasthan,,Sports,Outdoor,Outdoor Product 27,5.0,574.54,0.15,126.21
ORD104572,2024-09-03,CUST1972,Sneha Joshi,Kolkata,West Bengal,East,Electronics,Audio,Audio Product 18,1.0,1706.03,0.1,443.97
ORD100423,2024-12-15,CUST1423,,Bengaluru,Delhi,East,Furniture,Beds,Beds Product 15,1.0,460.32,0.0,98.92
ORD104370,2024-02-15,CUST1770,Rahul Singh,Jaipur,Uttar Pradesh,South,Sports,Outdoor,Outdoor Product 3,4.0,977.12,0.1,44.45
ORD101904,2024-08-24,CUST1704,Rohit Agarwal,Jaipur,Uttar Pradesh,West,Clothing,Footwear,Footwear Product 18,3.0,1098.01,0.15,247.33
ORD104569,2024-01-11,CUST1969,Rahul Singh,Chennai,Gujarat,West,Electronics,Audio,Audio Product 10,-3.0,1903.46,0.05,450.95
ORD103409,2024-02-04,CUST2009,Rahul Singh,Mumbai,Delhi,South,Electronics,Laptops,Laptops Product 2,7.0,1360.6,0.1,124.91
ORD103154,2024-07-19,CUST1754,Aman Sharma,Agra,Rajasthan,North,Electronics,Phones,Phones Product 10,1.0,1450.29,0.15,318.22
ORD101565,2024-11-27,CUST1365,Pooja Singh,Delhi,Uttar Pradesh,North,Sports,Fitness,Fitness Product 16,2.0,314.6,0.15,38.54
ORD103412,2025-12-08,CUST2012,Anjali Mehta,Mumbai,Karnataka,East,Furniture,Storage,Storage Product 21,5.0,843.41,0.2,13.92
ORD100839,2025-05-27,CUST1839,Priya Gupta,Mumbai,West Bengal,West,Furniture,Chairs,Chairs Product 23,4.0,2397.56,0.1,468.84
ORD100500,2025-06-28,CUST1500,Sneha Joshi,Jaipur,Karnataka,North,Clothing,Women,Women Product 5,2.0,4909.27,0.2,-22.13
ORD100141,2025-11-21,CUST1141,Priya Gupta,Kolkata,Delhi,North,Electronics,Laptops,Laptops Product 10,4.0,2691.54,0.1,710.28
ORD101377,2025-10-02,CUST1177,Sneha Joshi,Kolkata,Karnataka,South,Sports,Fitness,Fitness Product 14,7.0,630.79,0.3,30.89
ORD103759,2025-10-11,CUST1159,,Kolkata,Tamil Nadu,South,Home & Kitchen,Bedding,Bedding Product 25,5.0,4230.45,0.1,273.0
ORD102440,2025-10-06,CUST1040,Rahul Singh,Kolkata,Gujarat,West,Home & Kitchen,Decor,Decor Product 17,5.0,2170.02,0.05,487.31
ORD101138,2025-07-20,CUST2138,Vikas Yadav,Ahmedabad,Delhi,West,Clothing,Footwear,Footwear Product 14,1.0,4500.27,0.2,861.92
ORD102587,2025-02-17,CUST1187,Anjali Mehta,Chennai,Tamil Nadu,West,Furniture,Tables,Tables Product 1,3.0,490.74,0.15,116.99
ORD101787,2025-07-06,CUST1587,Priya Gupta,Delhi,West Bengal,East,Home & Kitchen,,Bedding Product 13,7.0,1665.21,0.0,
ORD104628,2025-10-29,CUST2028,Rohit Agarwal,Jaipur,Uttar Pradesh,West,Clothing,Footwear,Footwear Product 25,4.0,585.5,0.05,86.32
ORD100550,2024-10-05,CUST1550,Vikas Yadav,Bengaluru,Delhi,West,Clothing,Women,Women Product 17,1.0,3311.38,0.3,71.38
ORD103151,2024-10-30,CUST1751,Neha Verma,Chennai,Karnataka,West,Clothing,Women,Women Product 4,5.0,2162.65,0.3,362.4
ORD102019,2024-03-26,CUST1819,Priya Gupta,Delhi,Karnataka,East,Sports,Fitness,Fitness Product 15,7.0,3743.26,0.3,-179.41
ORD100948,2024-08-16,CUST1948,Vikas Yadav,Delhi,West Bengal,South,Sports,Fitness,Fitness Product 25,2.0,1597.93,0.0,94.7
ORD102313,2025-07-31,CUST2113,,Mumbai,Maharashtra,South,Home & Kitchen,Decor,Decor Product 10,4.0,556.01,0.15,55.67
ORD100532,2025-02-23,CUST1532,Anjali Mehta,Mumbai,Maharashtra,East,Sports,Cycling,Cycling Product 21,6.0,1803.42,0.4,-135.78
ORD101829,2024-03-24,CUST1629,Rohit Agarwal,Delhi,Maharashtra,South,Home & Kitchen,Appliances,Appliances Product 14,5.0,1352.44,0.2,115.24
ORD104019,2024-03-22,CUST1419,Pooja Singh,Chennai,West Bengal,South,Furniture,Tables,Tables Product 8,4.0,2205.55,0.2,5.48
ORD104449,2025-07-23,CUST1849,Aman Sharma,Mumbai,Gujarat,East,Home & Kitchen,Cookware,Cookware Product 8,6.0,908.61,0.2,199.4
ORD103936,2024-05-18,CUST1336,Sneha Joshi,Delhi,West Bengal,South,Electronics,Laptops,Laptops Product 3,3.0,1970.7,0.1,503.18
ORD101602,2024-06-16,CUST1402,Rohit Agarwal,Ahmedabad,Gujarat,East,Furniture,Tables,Tables Product 29,5.0,1084.96,0.1,37.32
ORD100639,2024-06-21,CUST1639,Sneha Joshi,Jaipur,West Bengal,West,Furniture,Chairs,Chairs Product 27,3.0,1645.27,0.15,121.06
ORD104866,2025-12-09,CUST1066,Rahul Singh,Ahmedabad,Tamil Nadu,East,Sports,Fitness,Fitness Product 6,6.0,495.2,0.1,125.53
ORD100967,2024-06-21,CUST1967,Priya Gupta,Bengaluru,Rajasthan,South,Electronics,Accessories,Accessories Product 4,4.0,2578.33,0.15,306.32
ORD104508,2025-01-23,CUST1908,Pooja Singh,Jaipur,Gujarat,West,Sports,Outdoor,Outdoor Product 1,4.0,878.16,0.3,51.68
ORD103864,2024-09-23,CUST1264,Sneha Joshi,Jaipur,Rajasthan,South,Clothing,Men,Men Product 28,2.0,2646.53,1.2,621.12
ORD101683,2025-11-06,CUST1483,Neha Verma,Jaipur,Delhi,South,Sports,Cycling,Cycling Product 10,2.0,1433.93,0.4,-51.01
ORD104501,2024-03-01,CUST1901,Vikas Yadav,Bengaluru,Tamil Nadu,North,Electronics,Accessories,Accessories Product 21,1.0,1239.14,0.0,319.48
ORD102380,2024-04-01,CUST2180,Anjali Mehta,Agra,West Bengal,South,Clothing,Kids,Kids Product 28,3.0,1076.9,0.05,102.5
ORD100155,2025-11-29,CUST1155,Pooja Singh,Kolkata,West Bengal,North,Electronics,Phones,Phones Product 27,4.0,2254.04,0.15,547.82
ORD102528,2024-08-19,CUST1128,Sneha Joshi,Chennai,Maharashtra,South,Electronics,Phones,Phones Product 17,4.0,1709.53,,96.51
ORD102887,2024-02-26,CUST1487,Priya Gupta,Ahmedabad,Uttar Pradesh,East,Electronics,Audio,Audio Product 28,3.0,1957.47,0.15,251.64
ORD101089,2024-11-19,CUST2089,Anjali Mehta,Kolkata,Karnataka,South,Electronics,Accessories,Accessories Product 4,2.0,1975.12,,415.83
ORD102700,2024-06-02,CUST1300,Pooja Singh,Jaipur,Karnataka,South,Clothing,Women,Women Product 25,2.0,692.5,0.05,178.96
ORD104271,2025-08-13,CUST1671,Arjun Kumar,Agra,Karnataka,South,Sports,Cycling,Cycling Product 16,2.0,1174.03,0.05,75.12
ORD100288,2025-09-16,CUST1288,Neha Verma,,Gujarat,North,Electronics,Laptops,Laptops Product 17,6.0,1947.24,0.05,346.31
ORD100930,2024-10-15,CUST1930,Sneha Joshi,Agra,Gujarat,West,Home & Kitchen,Decor,Decor Product 25,3.0,1118.34,0.15,186.92
ORD102577,2024-08-13,CUST1177,Anjali Mehta,Kolkata,West Bengal,East,Home & Kitchen,Appliances,Appliances Product 24,3.0,614.07,0.1,37.64
ORD102299,2024-10-12,CUST2099,Pooja Singh,Mumbai,Uttar Pradesh,East,Sports,Fitness,Fitness Product 5,2.0,470.02,0.1,102.34
ORD103428,2024-12-30,CUST2028,Sneha Joshi,Ahmedabad,Maharashtra,West,Clothing,Women,Women Product 24,6.0,2679.73,0.3,195.5
ORD102406,2024-04-08,CUST1006,Sneha Joshi,Chennai,West Bengal,East,Furniture,Beds,Beds Product 8,3.0,3406.14,0.4,-201.76
ORD103346,2024-01-23,CUST1946,Neha Verma,Ahmedabad,Gujarat,South,Clothing,Footwear,Footwear Product 10,6.0,3497.6,0.15,479.63
ORD100942,2025-08-29,CUST1942,Arjun Kumar,Ahmedabad,Uttar Pradesh,East,Sports,Cycling,Cycling Product 1,7.0,2448.93,0.2,-39.07
ORD104801,2024-03-17,CUST1001,Rohit Agarwal,Bengaluru,Tamil Nadu,East,Sports,Fitness,Fitness Product 3,2.0,1271.14,0.05,70.41
ORD104694,2025-04-26,CUST2094,Arjun Kumar,Agra,Gujarat,West,Clothing,Women,Women Product 1,6.0,775.05,0.15,176.22
ORD101698,2025-05-30,CUST1498,Priya Gupta,Mumbai,Gujarat,North,Clothing,Women,Women Product 2,4.0,1434.96,0.05,173.68
ORD104741,2025-01-20,CUST2141,Pooja Singh,Jaipur,Tamil Nadu,West,Home & Kitchen,Appliances,Appliances Product 3,4.0,287.14,0.05,33.64
ORD103006,2025-10-07,CUST1606,Anjali Mehta,Ahmedabad,Tamil Nadu,South,Home & Kitchen,Bedding,Bedding Product 21,5.0,571.46,0.15,106.81
ORD102547,2025-07-03,CUST1147,Neha Verma,Kolkata,Tamil Nadu,East,Home & Kitchen,Cookware,Cookware Product 25,7.0,647.03,0.2,19.83
ORD102859,2024-06-26,CUST1459,Anjali Mehta,Delhi,Rajasthan,North,Clothing,Women,Women Product 23,7.0,2193.35,0.1,285.39
ORD100985,2025-05-25,CUST1985,Pooja Singh,Chennai,Maharashtra,South,Home & Kitchen,Decor,Decor Product 30,2.0,2390.44,0.05,403.09
ORD102818,2024-07-23,CUST1418,Rohit Agarwal,Chennai,Karnataka,West,Furniture,Storage,Storage Product 5,1.0,1366.72,0.15,86.49
ORD102225,2024-10-28,CUST2025,Rohit Agarwal,Chennai,Karnataka,South,Electronics,Phones,Phones Product 30,7.0,748.05,0.15,142.83
ORD104352,2025-10-23,CUST1752,Rahul Singh,Ahmedabad,West Bengal,North,Sports,Outdoor,Outdoor Product 13,3.0,,0.1,392.85
ORD104811,2025-10-13,CUST1011,Aman Sharma,Kolkata,Karnataka,East,Electronics,Phones,Phones Product 29,1.0,442.59,0.15,86.91
ORD100981,2025-10-15,CUST1981,Rahul Singh,Delhi,Karnataka,North,Sports,Cricket,Cricket Product 13,6.0,1472.51,0.3,-55.07
ORD102533,2025-02-02,CUST1133,Sneha Joshi,Chennai,West Bengal,North,Electronics,Phones,Phones Product 12,7.0,1676.49,0.15,409.3
ORD104769,2025-01-12,CUST2169,Pooja Singh,Ahmedabad,Karnataka,East,Home & Kitchen,Decor,Decor Product 1,4.0,1163.41,0.15,130.67
ORD103214,2024-05-21,CUST1814,Sneha Joshi,Delhi,Karnataka,West,Electronics,Laptops,Laptops Product 18,1.0,2817.11,0.15,132.4
ORD102991,2025-06-20,CUST1591,Rahul Singh,Mumbai,Delhi,South,Clothing,Footwear,Footwear Product 21,2.0,874.79,0.2,81.79
ORD103586,2024-12-23,CUST2186,Vikas Yadav,,Karnataka,South,Sports,Outdoor,Outdoor Product 21,2.0,2144.32,0.2,357.78
ORD103908,2024-08-10,CUST1308,Neha Verma,Jaipur,Tamil Nadu,West,Electronics,Phones,Phones Product 3,5.0,2695.72,0.2,203.44
ORD101457,2025-05-30,CUST1257,Priya Gupta,Kolkata,Maharashtra,South,Electronics,Laptops,Laptops Product 19,6.0,2608.94,0.1,596.89
ORD101395,2024-02-13,CUST1195,Neha Verma,Mumbai,Maharashtra,,Furniture,Beds,Beds Product 23,6.0,758.54,0.2,97.37
ORD100264,2024-05-23,CUST1264,Pooja Singh,Chennai,West Bengal,South,Furniture,Storage,Storage Product 8,5.0,1393.88,0.1,199.91
ORD103382,2024-01-31,CUST1982,Rohit Agarwal,Ahmedabad,Delhi,North,Electronics,Accessories,Accessories Product 22,3.0,1259.73,0.4,-101.15
ORD100929,2025-01-11,CUST1929,Sneha Joshi,Delhi,Maharashtra,North,Clothing,Men,Men Product 23,5.0,1147.27,0.2,20.08
ORD103112,2025-02-01,CUST1712,Priya Gupta,Jaipur,West Bengal,West,Electronics,Audio,Audio Product 26,4.0,736.57,0.15,61.97
ORD102178,2024-06-02,CUST1978,Rohit Agarwal,Kolkata,Tamil Nadu,West,Furniture,Tables,Tables Product 4,3.0,5313.21,0.1,912.75
ORD103618,2025-02-06,CUST1018,Rohit Agarwal,Delhi,Delhi,South,Electronics,Laptops,Laptops Product 19,3.0,1721.82,0.2,50.29
ORD100246,2025-10-21,CUST1246,Aman Sharma,Ahmedabad,Gujarat,West,Home & Kitchen,Decor,Decor Product 14,2.0,700.58,0.4,-51.71
ORD103651,2025-09-22,CUST1051,Vikas Yadav,Jaipur,Delhi,West,Sports,,Cycling Product 19,7.0,1987.79,0.1,123.82
ORD101758,2025-11-08,CUST1558,Priya Gupta,Kolkata,Rajasthan,West,Sports,Cycling,Cycling Product 14,3.0,2300.81,0.0,627.1
ORD104899,2025-02-09,CUST1099,Rohit Agarwal,Kolkata,Tamil Nadu,North,Sports,Fitness,Fitness Product 5,5.0,384.98,0.1,37.49
ORD102858,2024-06-09,CUST1458,Pooja Singh,Delhi,Delhi,North,Clothing,Footwear,Footwear Product 25,2.0,961.69,0.0,199.53
ORD100923,2025-06-01,CUST1923,Vikas Yadav,Ahmedabad,Maharashtra,South,Home & Kitchen,Decor,Decor Product 28,3.0,887.3,0.2,-13.19
ORD102728,2024-07-29,CUST1328,Rahul Singh,Chennai,Rajasthan,West,Electronics,Audio,Audio Product 6,6.0,674.74,0.0,93.95
ORD100268,2024-01-02,CUST1268,Aman Sharma,Agra,Tamil Nadu,West,Clothing,Women,Women Product 23,5.0,1611.88,0.05,430.6
ORD100669,2025-11-06,CUST1669,Rohit Agarwal,Agra,Uttar Pradesh,East,Clothing,Kids,Kids Product 6,3.0,718.85,0.4,93.95
ORD103371,2025-04-19,CUST1971,,Mumbai,Rajasthan,East, Home & Kitchen ,Cookware,Cookware Product 6,5.0,302.85,0.0,36.76
ORD101910,2025-04-22,CUST1710,Rohit Agarwal,Jaipur,Gujarat,West,Furniture,Storage,Storage Product 4,1.0,697.94,0.15,
ORD103036,2024-09-29,CUST1636,Rohit Agarwal,Ahmedabad,Maharashtra,West,Clothing,Women,Women Product 29,6.0,829.75,0.0,212.61
ORD101152,2025-08-24,CUST2152,Sneha Joshi,Kolkata,Delhi,South,Electronics,Audio,Audio Product 4,6.0,1002.7,0.05,244.05
ORD104851,2025-06-24,CUST1051,Priya Gupta,Chennai,Maharashtra,South,Furniture,Chairs,Chairs Product 29,5.0,1258.54,0.2,281.92
ORD104481,2024-12-06,CUST1881,Pooja Singh,Chennai,Gujarat,West,Sports,Fitness,Fitness Product 28,4.0,1276.56,0.2,-7.9
ORD104272,2024-08-02,CUST1672,Neha Verma,Ahmedabad,Rajasthan,South,Furniture,Chairs,Chairs Product 22,6.0,1024.7,0.05,137.89
ORD104059,2024-08-08,CUST1459,Aman Sharma,Delhi,Maharashtra,West,Furniture,Beds,Beds Product 28,1.0,560.41,0.0,40.09
ORD102780,2025-08-03,CUST1380,Arjun Kumar,Mumbai,Rajasthan,West,Electronics,Audio,Audio Product 22,-2.0,884.3,0.0,59.33
ORD104438,2025-05-23,CUST1838,Vikas Yadav,Jaipur,Uttar Pradesh,East,Electronics,Audio,Audio Product 13,5.0,1101.35,0.15,268.66
ORD101915,2024-01-02,CUST1715,Priya Gupta,Chennai,West Bengal,East,Clothing,Men,Men Product 11,4.0,2855.3,0.3,122.98
ORD100612,2024-01-29,CUST1612,Arjun Kumar,Agra,West Bengal,East,Home & Kitchen,Appliances,Appliances Product 12,7.0,2078.04,0.0,462.21
ORD104989,2025-10-11,CUST1189,Pooja Singh,Kolkata,Karnataka,South,Sports,Cricket,Cricket Product 30,1.0,1905.53,0.1,392.21
ORD103589,2025-10-18,CUST2189,Neha Verma,Mumbai,West Bengal,East,Sports,Outdoor,Outdoor Product 7,,1781.11,0.05,467.34
ORD101898,2025-01-05,CUST1698,Anjali Mehta,Jaipur,Karnataka,South,Furniture,Tables,Tables Product 14,3.0,1216.89,0.15,265.93
ORD101649,2025-11-05,CUST1449,Neha Verma,Agra,,North,Home & Kitchen,Cookware,Cookware Product 14,5.0,2884.0,0.05,160.7
ORD102492,2024-05-08,CUST1092,Vikas Yadav,Jaipur,Rajasthan,South,Furniture,Storage,Storage Product 22,6.0,1235.04,0.15,171.96
ORD100258,2025-04-17,CUST1258,Vikas Yadav,Jaipur,Uttar Pradesh,South,Furniture,Tables,Tables Product 4,4.0,823.41,0.1,123.27
ORD100847,2025-12-30,CUST1847,Neha Verma,Kolkata,West Bengal,West,Sports,Cycling,Cycling Product 28,1.0,991.33,0.0,280.14
ORD104846,2024-05-17,CUST1046,Rahul Singh,Kolkata,Gujarat,,Furniture,Beds,Beds Product 28,5.0,2415.42,0.2,261.65
ORD101233,2024-08-16,CUST1033,Priya Gupta,Ahmedabad,Gujarat,South,Sports,Cycling,Cycling Product 6,6.0,3937.61,0.15,703.45
ORD101127,2024-10-22,CUST2127,Aman Sharma,Jaipur,Delhi,East,Sports,Cycling,Cycling Product 18,2.0,1209.47,0.0,277.35
ORD101967,2025-01-01,CUST1767,Arjun Kumar,Kolkata,Uttar Pradesh,West,Clothing,Women,Women Product 20,3.0,5465.47,0.75,420.93
ORD100558,2025-11-29,CUST1558,Neha Verma,Bengaluru,West Bengal,South,Electronics,Accessories,Accessories Product 10,2.0,729.11,0.2,80.82
ORD103970,2024-02-13,CUST1370,Aman Sharma,Agra,Uttar Pradesh,South,Electronics,Audio,Audio Product 12,7.0,4557.06,0.2,756.29
ORD100484,2024-08-10,CUST1484,Anjali Mehta,Jaipur,Delhi,East,Home & Kitchen,Decor,Decor Product 12,2.0,851.12,0.0,50.3
ORD102211,2025-05-23,CUST2011,Arjun Kumar,Mumbai,West Bengal,West,Home & Kitchen,Bedding,Bedding Product 27,2.0,892.14,0.15,42.19
ORD101320,2025-09-20,CUST1120,Sneha Joshi,Delhi,Tamil Nadu,East,Sports,Outdoor,Outdoor Product 23,7.0,2166.99,0.0,472.08
ORD100642,2025-09-29,CUST1642,Neha Verma,Ahmedabad,Karnataka,North,Home & Kitchen,Cookware,Cookware Product 30,3.0,284.38,0.15,34.07
ORD100007,2025-09-06,CUST1007,Vikas Yadav,Ahmedabad,Delhi,East, Clothing ,Footwear,Footwear Product 17,3.0,643.65,0.05,153.6
ORD103334,2025-01-09,CUST1934,Neha Verma,Bengaluru,West Bengal,North,Home & Kitchen,Appliances,Appliances Product 8,5.0,1859.06,0.15,-1.01
ORD103243,2025-12-04,CUST1843,Rahul Singh,Delhi,Maharashtra,East,Electronics,Audio,Audio Product 9,6.0,1467.04,0.0,231.66
ORD101450,2024-05-10,CUST1250,Neha Verma,Agra,Uttar Pradesh,South,Electronics,Audio,Audio Product 12,3.0,1034.48,0.15,140.5
ORD104046,2024-07-17,CUST1446,Sneha Joshi,Delhi,West Bengal,North,Clothing,Footwear,Footwear Product 16,5.0,1709.98,0.2,335.91
ORD101814,2025-03-03,CUST1614,Arjun Kumar,Mumbai,Rajasthan,East,Electronics,Accessories,Accessories Product 27,7.0,371.68,0.3,33.97
ORD100773,2024-09-24,CUST1773,Arjun Kumar,Agra,Rajasthan,East,Clothing,Men,Men Product 23,6.0,2415.26,0.2,-40.38
ORD101011,2024-05-16,CUST2011,Arjun Kumar,Jaipur,Gujarat,East,Furniture,Storage,Storage Product 22,7.0,3686.44,0.0,923.49
ORD104952,2024-08-10,CUST1152,Aman Sharma,Kolkata,West Bengal,South,Home & Kitchen,Bedding,Bedding Product 1,6.0,1090.2,0.15,115.92
ORD102488,2024-01-17,CUST1088,Rahul Singh,Bengaluru,Tamil Nadu,West,Sports,Outdoor,Outdoor Product 30,5.0,948.1,0.15,216.38
ORD101991,2024-08-03,CUST1791,Vikas Yadav,Delhi,Rajasthan,East,Sports,Cricket,Cricket Product 11,6.0,501.61,0.2,113.6
ORD101277,2025-05-20,CUST1077,Rahul Singh,Ahmedabad,Gujarat,South,Clothing,Kids,Kids Product 25,5.0,695.71,0.15,111.83
ORD101783,2025-01-26,CUST1583,Priya Gupta,Bengaluru,Delhi,North,Clothing,Footwear,Footwear Product 3,7.0,763.18,0.0,59.55
ORD103779,2025-02-12,CUST1179,Arjun Kumar,Ahmedabad,West Bengal,East,Home & Kitchen,Decor,Decor Product 5,1.0,1617.84,0.2,336.34
ORD100446,2025-09-29,CUST1446,Priya Gupta,,Rajasthan,West,Sports,Cricket,Cricket Product 25,4.0,1281.53,0.15,88.23
ORD100880,2025-11-29,CUST1880,Rohit Agarwal,Delhi,Delhi,East,Furniture,Chairs,Chairs Product 12,5.0,1645.39,0.1,140.3
ORD104490,2025-08-17,CUST1890,Sneha Joshi,Mumbai,Maharashtra,South,Home & Kitchen,Decor,Decor Product 8,5.0,1800.06,0.3,49.37
ORD100781,2024-08-16,CUST1781,Rahul Singh,Ahmedabad,Gujarat,North,Clothing,Kids,Kids Product 19,3.0,1415.45,0.1,123.12
ORD101749,2025-01-12,CUST1549,Pooja Singh,Ahmedabad,Karnataka,North,Clothing,Kids,Kids Product 3,7.0,1228.28,0.15,284.85
ORD104374,2024-06-14,CUST1774,Priya Gupta,Jaipur,Delhi,West,Electronics,Phones,Phones Product 19,7.0,659.59,0.0,159.07
ORD104916,2024-08-09,CUST1116,Vikas Yadav,Ahmedabad,Maharashtra,North,Clothing,Women,Women Product 23,4.0,3791.13,0.05,142.0
ORD100883,2024-01-03,CUST1883,Sneha Joshi,Ahmedabad,Gujarat,North, Furniture ,Storage,Storage Product 5,4.0,1743.11,0.15,210.05
ORD102413,2024-03-20,CUST1013,Rohit Agarwal,Ahmedabad,Rajasthan,South,Home & Kitchen,Appliances,Appliances Product 4,4.0,5532.06,0.1,1207.69
ORD101091,2024-05-09,CUST2091,Rahul Singh,Agra,Tamil Nadu,North,Electronics,Audio,Audio Product 10,7.0,2212.34,0.4,261.45
ORD103967,2025-08-22,CUST1367,Pooja Singh,Delhi,Delhi,South,Sports,Outdoor,Outdoor Product 1,1.0,2198.46,0.2,30.27
ORD100531,2025-01-10,CUST1531,Arjun Kumar,Agra,Rajasthan,North,Electronics,Phones,Phones Product 6,4.0,,0.05,205.57
ORD104089,2024-09-10,CUST1489,Priya Gupta,Bengaluru,Uttar Pradesh,East,Sports,Fitness,Fitness Product 29,1.0,2197.23,0.15,332.84
ORD104816,2025-04-02,CUST1016,,Jaipur,Tamil Nadu,North,Home & Kitchen,Decor,Decor Product 23,2.0,,0.1,277.04
ORD104128,2024-01-22,CUST1528,Pooja Singh,Agra,West Bengal,West,Clothing,Men,Men Product 15,2.0,919.58,0.4,136.89
ORD101727,2024-06-11,CUST1527,Rahul Singh,Mumbai,Maharashtra,West,Furniture,Storage,Storage Product 20,7.0,1784.09,0.05,63.28
ORD100610,2024-07-12,CUST1610,Aman Sharma,Kolkata,West Bengal,West,Home & Kitchen,Bedding,Bedding Product 21,4.0,1275.63,0.05,140.2
ORD100570,2025-07-17,CUST1570,Priya Gupta,Chennai,Tamil Nadu,North,Home & Kitchen,Appliances,Appliances Product 16,2.0,1306.5,0.05,122.54
ORD103064,2025-10-15,CUST1664,Anjali Mehta,Jaipur,Maharashtra,South,Electronics,Audio,Audio Product 22,3.0,1286.89,0.05,218.93
ORD104043,2025-02-06,CUST1443,Arjun Kumar,Agra,Tamil Nadu,West,Furniture,Chairs,Chairs Product 11,6.0,3560.74,0.2,170.52
ORD100343,2024-06-06,CUST1343,Sneha Joshi,Jaipur,Maharashtra,West,Sports,Fitness,Fitness Product 1,1.0,1554.23,0.2,40.27
ORD104689,2024-09-12,CUST2089,Aman Sharma,Ahmedabad,Tamil Nadu,East,Electronics,Laptops,Laptops Product 4,1.0,2826.44,0.0,519.1
ORD103192,2024-06-10,CUST1792,Aman Sharma,Jaipur,Rajasthan,West,Electronics,Laptops,Laptops Product 13,7.0,1912.29,0.2,82.51
ORD100434,2025-08-26,CUST1434,Anjali Mehta,Agra,Karnataka,West,Electronics,Audio,Audio Product 2,2.0,2554.38,0.15,556.23
ORD101903,2025-10-04,CUST1703,Arjun Kumar,Jaipur,Gujarat,East,Electronics,Audio,Audio Product 26,6.0,2372.15,0.1,442.94
ORD103866,2025-11-23,CUST1266,Anjali Mehta,agra,West Bengal,East,Furniture,Chairs,Chairs Product 29,3.0,1520.06,0.4,43.33
ORD103697,2024-01-23,CUST1097,Aman Sharma,Mumbai,Tamil Nadu,East,Clothing,Men,Men Product 22,5.0,1305.32,0.75,72.6
ORD102069,2024-11-26,CUST1869,Rahul Singh,Bengaluru,West Bengal,West,Home & Kitchen,Bedding,Bedding Product 4,5.0,1228.57,0.0,95.6
ORD101537,2024-02-16,CUST1337,Sneha Joshi,Ahmedabad,Karnataka,West,Furniture,Tables,Tables Product 6,4.0,1149.27,0.1,113.01
ORD104777,2024-12-05,CUST2177,Vikas Yadav,Bengaluru,Uttar Pradesh,West,Furniture,Chairs,Chairs Product 6,4.0,2149.18,0.15,180.83
ORD102384,2025-10-19,CUST2184,Rahul Singh,Jaipur,Delhi,West,Electronics,Accessories,Accessories Product 7,-4.0,-1576.95,0.1,130.0
ORD101517,2024-08-13,CUST1317,Aman Sharma,Delhi,Maharashtra,East,Clothing,Women,Women Product 1,6.0,1712.91,0.15,151.78
ORD100965,2024-01-26,CUST1965,Priya Gupta,Agra,Uttar Pradesh,East,Home & Kitchen,Appliances,Appliances Product 9,7.0,582.09,0.3,42.75
ORD104437,2024-03-13,CUST1837,Vikas Yadav,Kolkata,West Bengal,East,Furniture,Tables,Tables Product 1,1.0,453.13,0.05,62.11
ORD100528,2025-05-07,CUST1528,Aman Sharma,Mumbai,Karnataka,North,Home & Kitchen,Decor,Decor Product 22,2.0,2528.22,0.1,576.39
ORD100176,2025-01-11,CUST1176,Rahul Singh,Agra,Gujarat,West,Home & Kitchen,Bedding,Bedding Product 13,2.0,1119.83,0.05,160.4
ORD103541,2024-10-29,CUST2141,Rohit Agarwal,Agra,Uttar Pradesh,North,Furniture,Storage,Storage Product 2,2.0,4431.09,0.15,169.33
ORD102585,2024-05-03,CUST1185,Sneha Joshi,Ahmedabad,West Bengal,West,Clothing,Footwear,Footwear Product 5,2.0,2879.14,0.15,
ORD104328,2025-01-01,CUST1728,Rahul Singh,Delhi,Uttar Pradesh,East,Electronics,Accessories,Accessories Product 23,4.0,804.07,0.1,89.68
ORD100572,2025-01-01,CUST1572,Vikas Yadav,Jaipur,Maharashtra,West,Sports,Cricket,Cricket Product 2,5.0,1063.5,0.05,222.74
ORD102337,2025-11-08,CUST2137,Pooja Singh,Chennai,Rajasthan,North,Home & Kitchen,Appliances,Appliances Product 28,4.0,311.39,0.1,13.06
ORD103567,2024-07-12,CUST2167,Rohit Agarwal,Agra,Karnataka,South,Home & Kitchen,Appliances,Appliances Product 26,4.0,2064.76,0.15,442.15
ORD104406,2024-12-31,CUST1806,Rohit Agarwal,Bengaluru,Karnataka,North,Electronics,Laptops,Laptops Product 17,4.0,2258.35,0.15,384.22
ORD104367,2025-02-23,CUST1767,Priya Gupta,Chennai,Maharashtra,West,Clothing,Men,Men Product 30,7.0,255.7,0.1,28.78
ORD104894,2024-03-04,CUST1094,Rohit Agarwal,Mumbai,Uttar Pradesh,North,Electronics,Phones,Phones Product 24,4.0,400.68,0.0,75.31
ORD102208,2025-10-11,CUST2008,Rohit Agarwal,Chennai,Gujarat,West,Electronics,Accessories,Accessories Product 23,6.0,917.09,0.2,197.0
ORD102607,2024-12-25,CUST1207,Sneha Joshi,Ahmedabad,Karnataka,North,Home & Kitchen,Cookware,Cookware Product 18,3.0,154.48,0.15,1.73
ORD102801,2025-08-18,CUST1401,Priya Gupta,Mumbai,Gujarat,South,Clothing,Women,Women Product 20,5.0,1305.25,0.4,169.14
ORD100383,2025-11-12,CUST1383,Rahul Singh,Bengaluru,Delhi,North,Electronics,Audio,Audio Product 23,3.0,2574.82,0.3,211.1
ORD100852,2024-08-01,CUST1852,Rahul Singh,Kolkata,Delhi,South,Home & Kitchen,Bedding,Bedding Product 18,2.0,810.07,0.15,116.82
ORD101880,2025-02-07,CUST1680,Rohit Agarwal,Ahmedabad,Delhi,West,Home & Kitchen,Bedding,Bedding Product 7,7.0,1790.27,0.1,446.78
ORD100370,2025-09-17,CUST1370,Pooja Singh,Chennai,Rajasthan,South,Electronics,Audio,Audio Product 5,3.0,521.35,0.1,53.46
ORD102416,2024-09-16,CUST1016,Priya Gupta,Agra,Maharashtra,East,Sports,Cycling,Cycling Product 7,5.0,1411.62,0.0,193.37
ORD104354,2024-09-04,CUST1754,Pooja Singh,Ahmedabad,Rajasthan,,Sports,Cycling,Cycling Product 6,7.0,985.05,0.1,101.19
ORD101105,2024-12-11,CUST2105,Vikas Yadav,Bengaluru,Tamil Nadu,South,Sports,Fitness,Fitness Product 15,7.0,2101.12,0.4,-115.25
ORD102614,2025-08-20,CUST1214,Vikas Yadav,Kolkata,Tamil Nadu,West,Furniture,Storage,Storage Product 6,7.0,690.37,0.2,80.94
ORD104011,2025-08-25,CUST1411,Pooja Singh,Agra,Gujarat,East,Electronics,Phones,Phones Product 18,2.0,720.32,0.15,82.91
ORD101336,2025-07-29,CUST1136,Anjali Mehta,Jaipur,Karnataka,South,Home & Kitchen,Decor,Decor Product 12,7.0,1085.55,0.15,37.32
ORD102189,2025-11-06,CUST1989,Aman Sharma,Delhi,Maharashtra,South,Furniture,Beds,Beds Product 24,4.0,4112.28,0.2,810.4
ORD104625,2025-01-14,CUST2025,Vikas Yadav,Ahmedabad,West Bengal,West,Clothing,Men,Men Product 20,3.0,,0.1,260.01
ORD102357,2025-06-20,CUST2157,Neha Verma,Ahmedabad,Rajasthan,South,Sports,Outdoor,Outdoor Product 21,4.0,2810.24,0.1,511.38
ORD103859,2024-01-25,CUST1259,Arjun Kumar,Agra,West Bengal,South,Furniture,Tables,Tables Product 21,2.0,1918.18,0.1,436.67
ORD103199,2025-10-26,CUST1799,Arjun Kumar,Kolkata,Karnataka,North,Electronics,Audio,Audio Product 20,1.0,751.28,0.4,-51.35
ORD104882,2025-11-24,CUST1082,Aman Sharma,Mumbai,Uttar Pradesh,North,Clothing,Men,Men Product 4,4.0,,,247.1
ORD101171,2024-03-03,CUST2171,Aman Sharma,Bengaluru,Karnataka,South,Home & Kitchen,Bedding,Bedding Product 27,7.0,1202.31,0.1,35.32
ORD104725,2025-07-29,CUST2125,Vikas Yadav,Chennai,Uttar Pradesh,West,Furniture,Tables,Tables Product 8,5.0,1162.01,0.15,64.13
ORD104309,2025-05-28,CUST1709,Rahul Singh,Bengaluru,Rajasthan,South,Furniture,,Tables Product 14,5.0,8933.56,0.2,1854.62
ORD101422,2024-01-16,CUST1222,Arjun Kumar,Agra,Gujarat,North,Furniture,Tables,Tables Product 13,1.0,466.5,0.15,87.31
ORD102379,2025-08-30,CUST2179,Vikas Yadav,Chennai,Gujarat,East,Home & Kitchen,Appliances,Appliances Product 17,7.0,3744.38,0.0,418.9
ORD102696,2024-05-11,CUST1296,Neha Verma,Delhi,Rajasthan,South,Electronics,Accessories,Accessories Product 16,4.0,1237.94,0.15,181.16
ORD104464,2025-05-26,CUST1864,Vikas Yadav,Kolkata,Rajasthan,North,Sports,Outdoor,Outdoor Product 14,3.0,1754.18,0.05,421.62
ORD101464,2025-03-01,CUST1264,Sneha Joshi,Kolkata,Rajasthan,East,Home & Kitchen,Cookware,Cookware Product 19,2.0,1958.61,0.15,395.42
ORD100874,2024-03-18,CUST1874,Aman Sharma,Jaipur,West Bengal,South,Clothing,Men,Men Product 3,4.0,1168.03,0.1,26.98
ORD102297,2024-11-16,CUST2097,Aman Sharma,Agra,Tamil Nadu,South,Furniture,Storage,Storage Product 6,6.0,2767.43,0.4,-178.51
ORD104305,2025-01-21,CUST1705,Priya Gupta,Bengaluru,Gujarat,South,Clothing,Men,Men Product 21,2.0,1203.73,0.0,132.9
ORD104371,2025-09-09,CUST1771,Rohit Agarwal,Delhi,Delhi,West,Home & Kitchen,Cookware,Cookware Product 24,1.0,1491.52,0.1,259.04
ORD101251,2024-01-07,CUST1051,Vikas Yadav,Mumbai,West Bengal,South,Home & Kitchen,Decor,Decor Product 26,7.0,3048.15,0.1,243.3
ORD104530,2025-02-17,CUST1930,Rohit Agarwal,Ahmedabad,Maharashtra,East,Clothing,Men,Men Product 30,3.0,801.09,0.15,64.55
ORD100840,2025-10-06,CUST1840,Aman Sharma,Jaipur,Uttar Pradesh,East,Furniture,Storage,Storage Product 2,,795.3,0.15,28.66
ORD103121,2025-01-10,CUST1721,Priya Gupta,Chennai,Tamil Nadu,North,Electronics,Laptops,Laptops Product 11,3.0,2010.24,0.1,234.19
ORD100581,2024-05-30,CUST1581,Priya Gupta,Kolkata,Rajasthan,South,Furniture,Chairs,Chairs Product 19,4.0,1750.41,0.1,225.05
ORD100204,2025-01-20,CUST1204,Pooja Singh,Agra,Tamil Nadu,East,Home & Kitchen,Decor,Decor Product 5,5.0,829.29,0.3,148.23
ORD101641,2024-04-22,CUST1441,Rahul Singh,Jaipur,West Bengal,South,Clothing,Kids,Kids Product 30,1.0,2421.95,0.1,363.99
ORD102014,2025-10-30,CUST1814,Arjun Kumar,Jaipur,Gujarat,South,Furniture,Storage,Storage Product 6,3.0,2083.88,0.0,415.2
ORD100905,2024-01-25,CUST1905,Priya Gupta,Mumbai,West Bengal,East,Clothing,Men,Men Product 21,2.0,1608.15,0.1,280.72
ORD100631,2024-06-30,CUST1631,Rahul Singh,Jaipur,Uttar Pradesh,West,Electronics,Audio,Audio Product 4,1.0,1216.24,0.0,256.29
ORD103145,2025-07-29,CUST1745,Priya Gupta,Kolkata,Uttar Pradesh,South,Sports,Fitness,Fitness Product 10,2.0,2680.72,0.2,523.18
ORD101974,2024-10-19,CUST1774,Sneha Joshi,Agra,Karnataka,South,Clothing,Women,Women Product 11,7.0,1891.64,0.15,436.3
ORD100162,2025-10-07,CUST1162,Arjun Kumar,Mumbai,Uttar Pradesh,East,Furniture,Storage,Storage Product 25,3.0,1786.82,0.0,425.91
ORD103226,2025-08-24,CUST1826,Vikas Yadav,Jaipur,Tamil Nadu,South,Electronics,Phones,Phones Product 4,1.0,819.86,0.3,
ORD103204,2024-10-09,CUST1804,Sneha Joshi,Jaipur,Delhi,North,Sports,Cricket,Cricket Product 1,5.0,430.37,0.05,46.01
ORD104526,2024-03-27,CUST1926,Neha Verma,Delhi,Rajasthan,East,Furniture,Tables,Tables Product 18,2.0,391.6,0.15,21.14
ORD100617,2025-05-10,CUST1617,Priya Gupta,Chennai,Karnataka,East,Electronics,Phones,Phones Product 24,1.0,984.98,0.0,79.67
ORD100875,2024-08-03,CUST1875,Neha Verma,Ahmedabad,Tamil Nadu,East,Furniture,Storage,Storage Product 7,2.0,6496.51,0.1,1317.62
ORD101431,2024-05-16,CUST1231,Priya Gupta,Kolkata,Tamil Nadu,North,Home & Kitchen,Cookware,Cookware Product 4,3.0,879.09,0.1,42.9
ORD100547,2025-01-03,CUST1547,Pooja Singh,Delhi,Gujarat,South,Home & Kitchen,Cookware,Cookware Product 4,4.0,1687.74,0.05,250.24
ORD104231,2024-07-24,CUST1631,Neha Verma,Delhi,,South,Furniture,Storage,Storage Product 14,5.0,1160.96,0.2,132.31
ORD104577,2025-01-16,CUST1977,Priya Gupta,Delhi,Delhi,South,Electronics,Audio,Audio Product 21,5.0,323.62,0.1,29.11
ORD104253,2024-04-27,CUST1653,Sneha Joshi,Kolkata,Karnataka,South,Electronics,Phones,Phones Product 11,4.0,1514.64,0.3,-3.95
ORD102908,2024-06-02,CUST1508,Pooja Singh,Mumbai,Maharashtra,West,Electronics,Laptops,Laptops Product 10,4.0,7179.87,0.0,675.68
ORD102710,2025-08-05,CUST1310,Arjun Kumar,Chennai,Rajasthan,North,Furniture,Beds,Beds Product 8,3.0,758.02,0.1,64.31
ORD102518,2025-01-19,CUST1118,Rohit Agarwal,Jaipur,West Bengal,North,Sports,Fitness,Fitness Product 4,3.0,460.85,0.0,133.09
ORD104111,2024-06-17,CUST1511,Aman Sharma,Delhi,Maharashtra,West,Furniture,Chairs,Chairs Product 13,2.0,858.5,0.05,37.21
ORD101861,2024-11-02,CUST1661,Arjun Kumar,Jaipur,Delhi,West,Electronics,Audio,Audio Product 26,4.0,,0.1,24.01
ORD100640,2025-10-14,CUST1640,Neha Verma,Bengaluru,Delhi,West,Electronics,Audio,Audio Product 20,3.0,1434.73,0.0,76.99
ORD103038,2025-10-12,CUST1638,Vikas Yadav,Bengaluru,Gujarat,East,Clothing,Men,Men Product 20,3.0,1126.67,0.1,259.8
ORD100637,2024-05-05,CUST1637,Pooja Singh,Delhi,Tamil Nadu,East,Clothing,Women,Women Product 12,2.0,2079.05,0.15,360.32
ORD103576,2024-03-15,CUST2176,Vikas Yadav,Agra,Rajasthan,West,Electronics,Phones,Phones Product 3,7.0,2322.52,0.2,216.76
ORD103975,2025-09-04,CUST1375,,Jaipur,West Bengal,East,Home & Kitchen,Appliances,Appliances Product 3,7.0,1904.54,0.05,281.14
ORD104408,2024-10-25,CUST1808,Neha Verma,Ahmedabad,Gujarat,South,Electronics,Audio,Audio Product 30,1.0,1259.79,0.2,178.1
ORD102096,2024-06-02,CUST1896,Aman Sharma,Delhi,Uttar Pradesh,East,Sports,Cycling,Cycling Product 11,3.0,828.45,0.15,184.9
ORD102520,2025-03-10,CUST1120,Pooja Singh,Chennai,Gujarat,East,Electronics,Accessories,Accessories Product 23,3.0,1197.24,0.05,334.84
ORD103127,2024-02-10,CUST1727,Anjali Mehta,Delhi,West Bengal,East,Home & Kitchen,Decor,Decor Product 15,5.0,2154.46,0.2,83.59
ORD104699,2025-02-12,CUST2099,Rohit Agarwal,Chennai,Rajasthan,West,Sports,Cycling,Cycling Product 17,4.0,1075.74,0.05,150.92
ORD102890,2024-05-23,CUST1490,Neha Verma,Bengaluru,Rajasthan,North,Furniture,Chairs,Chairs Product 3,2.0,2802.02,0.05,189.78
ORD100921,2025-02-28,CUST1921,Pooja Singh,Kolkata,Delhi,East,Clothing,Men,Men Product 19,7.0,1498.47,0.3,-41.62
ORD100546,2024-02-06,CUST1546,Rahul Singh,Agra,Maharashtra,North,Clothing,Men,Men Product 26,6.0,3029.92,0.0,772.98
ORD103728,2024-01-31,CUST1128,Vikas Yadav,Mumbai,West Bengal,East,Electronics,Audio,Audio Product 15,5.0,2214.75,0.0,504.07
ORD101900,2024-09-02,CUST1700,Arjun Kumar,Kolkata,Delhi,East,Sports,Fitness,Fitness Product 26,6.0,1552.47,0.2,18.29
ORD102028,2024-05-24,CUST1828,Arjun Kumar,Mumbai,Tamil Nadu,North,Sports,Cycling,Cycling Product 26,3.0,2220.58,0.15,283.39
ORD102301,2024-03-24,CUST2101,Sneha Joshi,Kolkata,Gujarat,South,Furniture,Chairs,Chairs Product 9,6.0,962.31,0.15,217.51
ORD101885,2024-05-31,CUST1685,Sneha Joshi,Chennai,Maharashtra,,Electronics,Accessories,Accessories Product 13,7.0,648.8,0.2,31.12
ORD101642,2024-08-20,CUST1442,Anjali Mehta,Ahmedabad,Delhi,South,Electronics,Accessories,Accessories Product 17,3.0,614.44,0.15,14.48
ORD103568,2025-12-03,CUST2168,Rahul Singh,Agra,Tamil Nadu,South,Home & Kitchen,Bedding,Bedding Product 18,7.0,704.8,0.0,148.98
ORD103351,2024-04-27,CUST1951,Pooja Singh,Agra,Gujarat,South,Electronics,Audio,Audio Product 2,2.0,1255.2,0.4,-2.4
ORD102097,26/10/2025,CUST1897,Sneha Joshi,Bengaluru,West Bengal,South,Electronics,Audio,Audio Product 7,4.0,1732.27,0.1,400.79
ORD104388,2025-01-13,CUST1788,Arjun Kumar,Jaipur,Gujarat,West,Clothing,Women,Women Product 15,2.0,-170.24,0.15,307.67
ORD103622,2025-12-26,CUST1022,Rohit Agarwal,Bengaluru,Tamil Nadu,South,Sports,Fitness,Fitness Product 10,5.0,848.91,0.0,54.28
ORD104525,2025-03-01,CUST1925,Sneha Joshi,Chennai,Rajasthan,West,Electronics,Phones,Phones Product 1,3.0,209.27,0.2,26.07
ORD102653,2024-07-04,CUST1253,Neha Verma,Chennai,West Bengal,West,Electronics,Accessories,Accessories Product 28,6.0,488.83,0.1,125.52
ORD100836,2025-11-12,CUST1836,Rohit Agarwal,Ahmedabad,Tamil Nadu,West,Clothing,Women,Women Product 18,5.0,1139.76,0.2,89.93
ORD100601,2024-09-09,CUST1601,Arjun Kumar,Chennai,Delhi,South,Clothing,Women,Women Product 28,7.0,1295.57,0.1,188.49
ORD102184,2025-09-03,CUST1984,Anjali Mehta,Mumbai,West Bengal,East,Clothing,Women,Women Product 23,7.0,872.71,0.05,121.76
ORD103930,2025-07-13,CUST1330,Arjun Kumar,Mumbai,Tamil Nadu,North,Home & Kitchen,Bedding,Bedding Product 1,1.0,1031.81,0.15,93.95
ORD102522,2025-04-27,CUST1122,Vikas Yadav,Jaipur,Gujarat,South,Home & Kitchen,Bedding,,6.0,1382.51,0.0,178.53
ORD104338,2024-11-21,CUST1738,Vikas Yadav,Mumbai,Tamil Nadu,South,Home & Kitchen,Bedding,Bedding Product 6,3.0,2186.52,0.1,263.85
ORD101582,2024-11-11,CUST1382,Sneha Joshi,Kolkata,Delhi,North,Home & Kitchen,Cookware,Cookware Product 19,7.0,363.94,0.1,54.46
ORD104970,2025-07-23,CUST1170,Aman Sharma,Mumbai,West Bengal,West,Sports,Fitness,Fitness Product 13,5.0,1616.11,0.15,46.94
ORD102575,2024-10-14,CUST1175,Rahul Singh,Kolkata,Karnataka,West,Home & Kitchen,Appliances,Appliances Product 26,1.0,876.3,0.0,143.86
ORD102771,2025-09-10,CUST1371,Rahul Singh,Ahmedabad,Rajasthan,North,Home & Kitchen,Appliances,Appliances Product 21,6.0,1306.08,0.1,58.42
ORD101070,2025-02-14,CUST2070,Pooja Singh,Jaipur,Rajasthan,South,Sports,Fitness,Fitness Product 29,2.0,760.44,0.0,180.47
ORD101775,2025-08-29,CUST1575,Aman Sharma,Chennai,Delhi,East,Electronics,Audio,Audio Product 20,4.0,1043.83,0.4,31.66
ORD104842,2025-05-29,CUST1042,Arjun Kumar,Kolkata,Delhi,West,Clothing,Women,Women Product 18,2.0,1716.99,0.15,383.72
ORD101283,2025-09-23,CUST1083,Arjun Kumar,Bengaluru,Uttar Pradesh,East,Electronics,Audio,Audio Product 17,2.0,682.83,0.1,92.24
ORD103101,2025-12-13,CUST1701,Rohit Agarwal,Jaipur,Maharashtra,South,Furniture,Chairs,Chairs Product 23,7.0,1106.76,0.05,
ORD104787,2025-08-30,CUST2187,Arjun Kumar,Agra,Tamil Nadu,East,Home & Kitchen,Appliances,Appliances Product 11,7.0,1583.63,0.1,51.52
ORD101836,2024-03-24,CUST1636,Aman Sharma,Chennai,Maharashtra,South,Electronics,Accessories,Accessories Product 9,5.0,347.97,0.15,85.48
ORD104273,2025-06-09,CUST1673,Pooja Singh,Delhi,Tamil Nadu,West,Home & Kitchen,Bedding,Bedding Product 21,3.0,2141.32,0.0,220.5
ORD101019,2024-08-16,CUST2019,Vikas Yadav,Mumbai,West Bengal,East,Clothing,Men,Men Product 5,1.0,1101.79,0.15,222.56
ORD103260,2024-08-27,CUST1860,Pooja Singh,Jaipur,West Bengal,East,Home & Kitchen,Appliances,Appliances Product 10,1.0,1428.85,0.05,204.15
ORD101326,2024-06-16,CUST1126,Rahul Singh,Jaipur,Delhi,West,Furniture,Beds,Beds Product 20,5.0,1431.76,0.0,183.92
ORD100475,2025-07-04,CUST1475,Rohit Agarwal,Ahmedabad,Rajasthan,West,Electronics,Laptops,Laptops Product 4,4.0,,0.05,455.09
ORD103505,2025-08-26,CUST2105,Pooja Singh,Jaipur,Uttar Pradesh,East,Sports,Cricket,Cricket Product 21,4.0,1290.44,0.15,200.33
ORD101651,2025-04-11,CUST1451,Rohit Agarwal,Chennai,Rajasthan,East,Furniture,Chairs,Chairs Product 19,7.0,857.46,0.15,87.32
ORD104065,2025-07-11,CUST1465,Pooja Singh,Agra,Maharashtra,East,Clothing,Women,Women Product 16,1.0,1530.73,0.05,197.98
ORD104316,2024-10-21,CUST1716,Rohit Agarwal,Ahmedabad,Uttar Pradesh,West,Sports,Cycling,Cycling Product 14,4.0,1266.46,0.15,30.85
ORD102654,2025-10-17,CUST1254,Pooja Singh,Kolkata,West Bengal,North,Sports,Cycling,Cycling Product 3,6.0,3319.37,0.0,614.91
ORD102517,2024-02-12,CUST1117,Rahul Singh,Kolkata,Delhi,East,Clothing,Kids,Kids Product 27,2.0,497.8,0.3,76.54
ORD102627,2025-04-07,CUST1227,Aman Sharma,Jaipur,Tamil Nadu,South,Electronics,Accessories,Accessories Product 23,3.0,3899.02,0.0,670.67
ORD101373,2024-03-13,CUST1173,,Delhi,Gujarat,East,Furniture,Tables,Tables Product 30,4.0,4659.14,0.15,798.88
ORD100739,2025-02-08,CUST1739,Arjun Kumar,Jaipur,Tamil Nadu,West,Clothing,Women,Women Product 4,4.0,2064.31,0.1,280.45
ORD104240,2024-05-03,CUST1640,Priya Gupta,Jaipur,Tamil Nadu,East,Clothing,Footwear,Footwear Product 30,6.0,2336.74,0.15,464.27
ORD104643,2025-10-20,CUST2043,Pooja Singh,Agra,Maharashtra,North,Electronics,Accessories,Accessories Product 29,7.0,2844.42,0.3,538.45
ORD100867,2024-10-29,CUST1867,Pooja Singh,Kolkata,Tamil Nadu,North,Home & Kitchen,Decor,Decor Product 14,7.0,984.17,0.3,189.82
ORD101140,2025-10-22,CUST2140,Priya Gupta,Agra,Karnataka,East,Sports,Cycling,Cycling Product 9,1.0,2867.79,0.1,281.75
ORD100997,2024-11-16,CUST1997,Rahul Singh,Jaipur,Maharashtra,South,Clothing,Women,Women Product 11,1.0,836.4,0.1,72.13
ORD101337,2024-05-09,CUST1137,Rahul Singh,Chennai,West Bengal,North,Clothing,Women,Women Product 6,7.0,636.07,0.1,148.42
ORD100541,2025-07-01,CUST1541,Priya Gupta,Agra,West Bengal,South,Furniture,Storage,Storage Product 1,1.0,5108.05,0.15,828.61
ORD101099,2024-01-11,CUST2099,Pooja Singh,Delhi,Gujarat,West,Home & Kitchen,Decor,Decor Product 4,5.0,1730.08,0.3,-94.05
ORD101132,2025-02-08,CUST2132,Neha Verma,Jaipur,Maharashtra,West,Home & Kitchen,Cookware,Cookware Product 12,2.0,1853.08,0.1,268.3
ORD104886,2024-10-03,CUST1086,Arjun Kumar,Delhi,Rajasthan,North,Clothing,Kids,Kids Product 18,5.0,1633.78,0.1,406.11
ORD103959,2024-12-17,CUST1359,Sneha Joshi,Mumbai,West Bengal,North,Home & Kitchen,Bedding,Bedding Product 26,3.0,3273.62,0.2,465.5
ORD102258,09/05/2024,CUST2058,Vikas Yadav,Chennai,Rajasthan,West,Home & Kitchen,Decor,Decor Product 29,3.0,1308.9,0.0,258.44
ORD104053,2025-04-06,CUST1453,Rohit Agarwal,Agra,Gujarat,West,Sports,Cricket,Cricket Product 3,7.0,465.38,0.05,128.36
ORD100059,2025-01-01,CUST1059,Rohit Agarwal,Chennai,Maharashtra,East,Home & Kitchen,Bedding,Bedding Product 26,3.0,2395.04,0.2,232.46
ORD102932,2025-08-23,CUST1532,Neha Verma,Bengaluru,Karnataka,West,Furniture,Beds,Beds Product 3,3.0,5578.15,0.15,563.05
ORD101938,2024-10-27,CUST1738,Neha Verma,Kolkata,Maharashtra,North,Sports,Cycling,Cycling Product 8,1.0,2904.21,0.1,724.84
ORD102620,2025-06-24,CUST1220,Aman Sharma,Agra,Maharashtra,North,Furniture,Chairs,Chairs Product 5,1.0,2165.76,0.1,160.28
ORD104971,2024-10-02,CUST1171,Aman Sharma,Kolkata,Maharashtra,West,Sports,Fitness,Fitness Product 27,1.0,398.99,0.2,51.23
ORD101078,2024-04-27,CUST2078,Vikas Yadav,Agra,Tamil Nadu,West,Furniture,Storage,Storage Product 21,5.0,2066.2,0.1,324.94
ORD104663,2024-02-18,CUST2063,Anjali Mehta,,Maharashtra,West,Home & Kitchen,Decor,Decor Product 12,4.0,1985.74,0.1,140.76
ORD103934,2025-03-21,CUST1334,Anjali Mehta,Kolkata,Tamil Nadu,South,Electronics,Phones,Phones Product 30,1.0,1958.48,0.4,220.79
ORD103321,2024-05-06,CUST1921,Aman Sharma,Chennai,Delhi,West,Furniture,Storage,Storage Product 18,7.0,3167.61,0.3,405.27
ORD100940,2025-03-21,CUST1940,Aman Sharma,Bengaluru,Maharashtra,West,Clothing,Men,Men Product 16,4.0,1100.15,0.15,104.4
ORD101080,2024-08-15,CUST2080,Pooja Singh,Delhi,Tamil Nadu,North,Furniture,Tables,Tables Product 7,7.0,1318.99,0.05,164.82
ORD100187,2025-11-07,CUST1187,Sneha Joshi,Mumbai,Gujarat,West,Home & Kitchen,Appliances,Appliances Product 3,6.0,1043.05,0.1,75.74
ORD103957,2024-01-08,CUST1357,Aman Sharma,Agra,Karnataka,West,Sports,Outdoor,Outdoor Product 7,2.0,996.7,0.3,51.49
ORD102085,2024-10-17,CUST1885,Pooja Singh,Ahmedabad,Karnataka,East,Clothing,Kids,Kids Product 1,2.0,311.76,0.15,1.15
ORD102249,2024-05-28,CUST2049,Pooja Singh,Delhi,Maharashtra,West,Home & Kitchen,Cookware,Cookware Product 17,4.0,1010.09,0.1,49.13
ORD104925,2025-06-21,CUST1125,Anjali Mehta,Agra,Gujarat,West,Home & Kitchen,Bedding,Bedding Product 29,5.0,833.83,0.15,188.27
ORD102023,2024-04-28,CUST1823,Rohit Agarwal,Bengaluru,Delhi,South,Clothing,Kids,Kids Product 10,6.0,2165.62,0.15,337.99
ORD102727,2024-11-14,CUST1327,Pooja Singh,Chennai,Rajasthan,North,Furniture,Beds,Beds Product 28,6.0,563.79,0.1,104.23
ORD101492,2024-01-03,CUST1292,Pooja Singh,Chennai,Gujarat,East,Electronics,Accessories,Accessories Product 21,4.0,573.67,0.0,87.86
ORD103668,2025-01-24,CUST1068,Priya Gupta,Chennai,Rajasthan,West,Home & Kitchen,Cookware,Cookware Product 29,6.0,487.1,0.1,45.37
ORD100226,2025-02-19,CUST1226,Anjali Mehta,Delhi,West Bengal,West,Furniture,Beds,Beds Product 9,2.0,515.21,0.0,112.88
ORD103786,2025-04-09,CUST1186,Aman Sharma,Kolkata,Uttar Pradesh,North,Sports,Outdoor,Outdoor Product 22,1.0,1335.04,0.1,52.91
ORD101929,2024-01-28,CUST1729,Arjun Kumar,Ahmedabad,Uttar Pradesh,East,Electronics,Laptops,Laptops Product 20,4.0,1301.16,0.05,254.79
ORD103107,2024-03-13,CUST1707,Vikas Yadav,Mumbai,West Bengal,East,Clothing,Footwear,Footwear Product 27,7.0,886.84,0.15,2.86
ORD104520,2024-02-08,CUST1920,,Agra,Maharashtra,North,Electronics,Laptops,Laptops Product 2,5.0,1545.41,0.2,292.67
ORD101404,2024-12-04,CUST1204,Aman Sharma,Jaipur,Rajasthan,South,Clothing,Men,Men Product 13,3.0,1188.93,0.2,241.62
ORD102179,2024-10-19,CUST1979,Aman Sharma,Ahmedabad,Rajasthan,West,Electronics,Phones,Phones Product 25,6.0,882.68,0.2,177.0
ORD100697,2024-03-30,CUST1697,Sneha Joshi,Ahmedabad,Karnataka,North,Clothing,Kids,Kids Product 9,2.0,1533.02,0.3,173.83
ORD101124,2024-02-20,CUST2124,Vikas Yadav,Chennai,Maharashtra,South,Clothing,Footwear,Footwear Product 16,5.0,1692.62,0.15,413.55
ORD102843,2024-05-21,CUST1443,Rohit Agarwal,Ahmedabad,Delhi,East,Sports,Cricket,Cricket Product 29,5.0,3130.09,0.1,594.85
ORD102968,2025-09-04,CUST1568,Rohit Agarwal,Agra,Maharashtra,South,Sports,,Cycling Product 16,6.0,2500.22,0.0,627.55
ORD101778,2024-01-11,CUST1578,Priya Gupta,Chennai,Delhi,South,Sports,Cricket,Cricket Product 8,5.0,1845.49,0.15,322.49
ORD102907,2025-06-15,CUST1507,Neha Verma,Delhi,Rajasthan,West,Furniture,Tables,Tables Product 19,5.0,1368.85,0.15,254.32
ORD101037,2025-06-09,CUST2037,Pooja Singh,Agra,Uttar Pradesh,South,Sports,Outdoor,Outdoor Product 20,1.0,702.02,0.2,86.45
ORD104205,2024-06-16,CUST1605,Anjali Mehta,Delhi,Uttar Pradesh,East,Electronics,Accessories,Accessories Product 21,2.0,1101.92,0.2,-7.87
ORD102256,2024-09-15,CUST2056,Aman Sharma,Kolkata,Rajasthan,North,Home & Kitchen,Bedding,Bedding Product 4,4.0,596.32,0.4,46.87
ORD100313,2025-10-01,CUST1313,Aman Sharma,Delhi,Maharashtra,South,Electronics,Laptops,Laptops Product 25,3.0,981.81,0.2,34.56
ORD102281,2024-01-12,CUST2081,Rahul Singh,Mumbai,Delhi,North,Sports,Cricket,Cricket Product 8,4.0,,0.15,241.4
ORD101416,2025-10-16,CUST1216,Aman Sharma,Jaipur,Maharashtra,North,Clothing,Footwear,Footwear Product 13,5.0,,0.15,113.21
ORD101036,2025-09-07,CUST2036,Aman Sharma,Mumbai,West Bengal,South,Furniture,Storage,Storage Product 29,6.0,706.65,0.1,108.24
ORD102159,2025-11-15,CUST1959,Vikas Yadav,Delhi,Delhi,East,Sports,Outdoor,Outdoor Product 27,1.0,1788.18,0.1,285.13
ORD104193,2024-05-07,CUST1593,Neha Verma,Mumbai,Karnataka,West,Electronics,,Accessories Product 5,2.0,624.7,0.15,70.3
ORD101754,2025-03-30,CUST1554,Rohit Agarwal,Kolkata,Karnataka,East,Electronics,Phones,Phones Product 10,1.0,1612.01,0.15,114.1
ORD103165,2025-03-06,CUST1765,Arjun Kumar,Bengaluru,Delhi,North,Home & Kitchen,Decor,Decor Product 25,4.0,2155.58,0.3,81.96
ORD104016,2024-04-25,CUST1416,Priya Gupta,Kolkata,,North,Electronics,Audio,Audio Product 16,4.0,2730.26,0.2,149.85
ORD102743,2024-07-01,CUST1343,Neha Verma,Delhi,West Bengal,North,Furniture,Storage,Storage Product 6,1.0,2207.15,0.3,-67.32
ORD103262,2025-08-24,CUST1862,Priya Gupta,Agra,Karnataka,East,Clothing,Women,Women Product 5,5.0,2712.92,0.15,565.66
ORD103402,2025-06-25,CUST2002,Rahul Singh,Delhi,Delhi,East,Sports,Cricket,Cricket Product 7,4.0,2558.72,0.0,311.97
ORD103488,2025-09-11,CUST2088,Pooja Singh,Kolkata,Tamil Nadu,East,Electronics,Audio,Audio Product 2,5.0,841.81,0.3,64.55
ORD101506,2024-05-19,CUST1306,Pooja Singh,Chennai,Maharashtra,South,Home & Kitchen,Bedding,Bedding Product 22,3.0,1119.34,0.0,208.88
ORD101923,2024-01-14,CUST1723,Priya Gupta,Jaipur,Maharashtra,South,Clothing,Footwear,Footwear Product 9,5.0,3527.03,0.1,75.27
ORD100448,2025-07-13,CUST1448,Anjali Mehta,Bengaluru,Delhi,East,Furniture,Tables,Tables Product 18,6.0,376.53,0.3,36.2
ORD104094,2025-07-19,CUST1494,Neha Verma,Delhi,Tamil Nadu,West,Home & Kitchen,Bedding,Bedding Product 5,6.0,1098.99,0.2,174.09
ORD102569,2025-10-13,CUST1169,Sneha Joshi,Bengaluru,Maharashtra,North,Sports,Outdoor,Outdoor Product 2,2.0,2284.0,0.1,478.43
ORD100705,2025-05-16,CUST1705,Priya Gupta,Delhi,Delhi,South,Furniture,Storage,Storage Product 16,7.0,1744.32,0.15,391.44
ORD102917,2025-09-19,CUST1517,Vikas Yadav,Chennai,Gujarat,West,Furniture,Chairs,Chairs Product 6,7.0,466.82,0.0,102.38
ORD100361,2024-06-09,CUST1361,Rahul Singh,Agra,Karnataka,West,Electronics,Phones,Phones Product 8,7.0,666.12,0.15,106.73
ORD102183,2025-06-14,CUST1983,Priya Gupta,Bengaluru,Rajasthan,North,Furniture,Tables,Tables Product 5,3.0,1159.8,0.15,223.79
ORD101134,2025-09-13,CUST2134,Rahul Singh,Bengaluru,Karnataka,North,Electronics,Accessories,Accessories Product 6,7.0,1048.87,0.0,156.64
ORD103945,2025-09-11,CUST1345,Vikas Yadav,Ahmedabad,Maharashtra,North,Clothing,Women,Women Product 16,7.0,1178.65,0.2,50.27
ORD102155,2025-03-27,CUST1955,Priya Gupta,Mumbai,Maharashtra,North,Sports,Outdoor,Outdoor Product 6,6.0,957.07,0.1,87.23
ORD101830,2024-11-13,CUST1630,Pooja Singh,Jaipur,Uttar Pradesh,West,Clothing,Men,,6.0,1912.37,0.0,341.96
ORD101053,2025-08-01,CUST2053,Aman Sharma,Mumbai,West Bengal,West,Electronics,Accessories,Accessories Product 3,5.0,1728.75,0.2,225.11
ORD102460,2024-12-03,CUST1060,Neha Verma,Chennai,Rajasthan,East,Home & Kitchen,Appliances,Appliances Product 9,6.0,1195.04,0.1,29.47
ORD100022,2025-02-17,CUST1022,Arjun Kumar,Agra,Rajasthan,East,Sports,Cricket,Cricket Product 17,5.0,2431.46,0.4,129.31
ORD102066,2025-01-31,CUST1866,Neha Verma,Jaipur,Gujarat,South,Electronics,Phones,Phones Product 15,6.0,1248.76,0.2,128.35
ORD101653,2025-03-30,CUST1453,Sneha Joshi,Mumbai,Rajasthan,South,Furniture,Beds,Beds Product 21,2.0,1911.31,0.2,19.66
ORD101073,2024-07-14,CUST2073,Neha Verma,Delhi,Karnataka,East,Furniture,Beds,Beds Product 11,2.0,2365.96,0.15,243.4
ORD103265,2025-03-28,CUST1865,Sneha Joshi,Ahmedabad,Karnataka,North,Sports,Outdoor,Outdoor Product 30,6.0,705.33,0.1,125.27
ORD102845,2024-06-13,CUST1445,Vikas Yadav,Kolkata,West Bengal,East,Home & Kitchen,Appliances,Appliances Product 24,5.0,1673.5,0.1,143.06
ORD104100,2025-09-06,CUST1500,Priya Gupta,Delhi,Tamil Nadu,South,Clothing,Men,Men Product 19,1.0,1430.19,0.1,171.75
ORD102468,03/12/2025,CUST1068,Sneha Joshi,Agra,West Bengal,North,Home & Kitchen,Bedding,Bedding Product 9,2.0,611.93,0.1,153.82
ORD102325,2025-02-22,CUST2125,Neha Verma,Agra,West Bengal,North,Sports,Cycling,Cycling Product 17,2.0,1016.8,0.1,230.47
ORD100460,2025-10-17,CUST1460,Sneha Joshi,Bengaluru,Maharashtra,West,Furniture,Beds,Beds Product 11,3.0,925.26,0.15,185.11
ORD101067,2025-07-03,CUST2067,Neha Verma,Kolkata,West Bengal,West,Clothing,Kids,Kids Product 30,2.0,1411.65,0.3,172.27
ORD100087,2025-12-25,CUST1087,Rohit Agarwal,Agra,Gujarat,West,Sports,Outdoor,Outdoor Product 16,6.0,1792.18,0.15,9.13
ORD101430,2025-06-02,CUST1230,Arjun Kumar,Ahmedabad,Rajasthan,West,Electronics,Audio,Audio Product 9,1.0,1248.54,0.15,2.18
ORD102692,2025-11-28,CUST1292,Priya Gupta,Mumbai,Uttar Pradesh,North,Home & Kitchen,Appliances,Appliances Product 24,1.0,1385.17,0.15,1.12
ORD100282,2024-05-31,CUST1282,Pooja Singh,Jaipur,Delhi,North,Home & Kitchen,Appliances,Appliances Product 12,6.0,1551.54,0.15,281.77
ORD102483,2025-07-07,CUST1083,Neha Verma,Kolkata,Rajasthan,North,Home & Kitchen,Cookware,Cookware Product 16,7.0,961.01,0.1,232.38
ORD100462,2024-03-26,CUST1462,Sneha Joshi,Kolkata,Karnataka,North,Furniture,Chairs,Chairs Product 17,2.0,4036.37,0.05,816.77
ORD100212,2024-01-02,CUST1212,Anjali Mehta,Kolkata,Karnataka,South,Electronics,Phones,Phones Product 15,4.0,1835.16,0.05,498.14
ORD104573,2025-07-12,CUST1973,Aman Sharma,Kolkata,Rajasthan,West,Clothing,Footwear,Footwear Product 6,6.0,2122.39,0.05,
ORD101368,2025-04-26,CUST1168,Priya Gupta,Bengaluru,Delhi,West,Electronics,Accessories,Accessories Product 26,7.0,1823.33,0.2,184.32
ORD100234,2024-10-06,CUST1234,Pooja Singh,Kolkata,Karnataka,West,Home & Kitchen,Appliances,Appliances Product 6,5.0,2957.51,0.1,101.18
ORD104633,2025-08-20,CUST2033,Rohit Agarwal,Jaipur,Uttar Pradesh,North,Home & Kitchen,,Cookware Product 1,5.0,1123.12,0.05,83.54
ORD100597,2025-08-10,CUST1597,Rahul Singh,Bengaluru,Uttar Pradesh,West,Electronics,Phones,Phones Product 30,1.0,531.34,0.0,64.77
ORD104451,2024-05-02,CUST1851,Pooja Singh,Ahmedabad,Uttar Pradesh,West,Furniture,Chairs,Chairs Product 28,4.0,4982.52,0.3,939.27
ORD102250,2024-08-17,CUST2050,Priya Gupta,Delhi,Tamil Nadu,North,Clothing,Women,Women Product 4,4.0,619.09,0.1,129.24
ORD104098,2025-11-10,CUST1498,Pooja Singh,Delhi,Uttar Pradesh,North,Furniture,Beds,Beds Product 18,1.0,1899.86,0.1,357.42
ORD102283,2025-02-03,CUST2083,Aman Sharma,Delhi,Uttar Pradesh,East,Electronics,Laptops,Laptops Product 23,5.0,1385.87,0.1,213.38
ORD100662,2025-11-02,CUST1662,Neha Verma,Delhi,Gujarat,South,Sports,Outdoor,Outdoor Product 1,6.0,714.32,0.0,146.32
ORD104998,2024-03-26,CUST1198,Rohit Agarwal,Mumbai,West Bengal,West,Furniture,Chairs,Chairs Product 16,1.0,1577.69,0.0,389.61
ORD102285,2025-05-29,CUST2085,Rahul Singh,,West Bengal,North,Electronics,Audio,Audio Product 23,4.0,723.69,,79.48
ORD104749,2025-08-15,CUST2149,Priya Gupta,Delhi,Delhi,East,Clothing,Women,Women Product 10,2.0,817.96,0.1,151.95
ORD103247,2024-05-06,CUST1847,Pooja Singh,Bengaluru,Tamil Nadu,South,Furniture,Tables,Tables Product 24,6.0,2241.34,0.05,628.43
ORD103738,2025-12-28,CUST1138,Priya Gupta,Chennai,Karnataka,West,Electronics,Phones,Phones Product 23,4.0,611.28,0.0,44.19
ORD104023,2024-06-02,CUST1423,Arjun Kumar,Bengaluru,Tamil Nadu,East,Electronics,Phones,Phones Product 17,5.0,722.99,0.15,22.32
ORD100779,2024-10-29,CUST1779,Rahul Singh,Jaipur,Karnataka,South,Sports,Cycling,Cycling Product 17,2.0,1307.79,0.0,281.81
ORD103433,2025-02-19,CUST2033,Aman Sharma,Kolkata,Rajasthan,West,Electronics,Laptops,Laptops Product 11,6.0,1474.35,0.0,371.18
ORD103483,2025-08-04,CUST2083,Sneha Joshi,Chennai,Tamil Nadu,West,Electronics,Audio,Audio Product 14,2.0,3851.34,0.2,782.05
ORD104104,2025-05-29,CUST1504,Aman Sharma,Ahmedabad,West Bengal,South,Electronics,Phones,Phones Product 26,2.0,755.15,0.1,131.45
ORD104637,2024-12-29,CUST2037,Priya Gupta,Kolkata,Rajasthan,East,Sports,Cricket,Cricket Product 1,6.0,2545.56,0.05,627.33
ORD104869,2025-07-16,CUST1069,Aman Sharma,Chennai,Maharashtra,West,Furniture,Beds,Beds Product 10,1.0,396.44,0.15,88.54
ORD100685,2025-10-17,CUST1685,Priya Gupta,Kolkata,Gujarat,North,Furniture,Tables,Tables Product 6,2.0,1195.23,0.05,259.26
ORD103753,2024-08-14,CUST1153,Pooja Singh,Ahmedabad,Maharashtra,East,Sports,Cricket,Cricket Product 17,5.0,1095.47,0.1,267.4
ORD103447,2025-09-28,CUST2047,Anjali Mehta,Kolkata,Rajasthan,North,Home & Kitchen,Cookware,Cookware Product 27,1.0,1463.32,0.15,179.54
ORD103491,2024-08-15,CUST2091,Pooja Singh,Chennai,West Bengal,West,Home & Kitchen,Decor,Decor Product 1,4.0,2574.31,0.05,177.22
ORD102171,2025-09-24,CUST1971,Anjali Mehta,Ahmedabad,Karnataka,North,Sports,Cycling,Cycling Product 12,5.0,2715.57,0.4,-208.74
ORD104210,2024-12-01,CUST1610,Rohit Agarwal,Kolkata,Maharashtra,South,Electronics,Accessories,Accessories Product 7,6.0,1865.53,0.05,142.95
ORD101850,2024-10-27,CUST1650,Aman Sharma,Agra,Maharashtra,East,Sports,Cricket,Cricket Product 16,2.0,2803.72,0.05,147.49
ORD100487,2025-08-30,CUST1487,Pooja Singh,Jaipur,Delhi,South,Home & Kitchen,Appliances,Appliances Product 13,1.0,590.15,0.05,160.13
ORD101688,2024-01-29,CUST1488,Neha Verma,Kolkata,Karnataka,South,Sports,Outdoor,,1.0,797.79,0.05,97.25
ORD102230,2025-07-07,CUST2030,Neha Verma,agra,Rajasthan,South,Sports,Outdoor,Outdoor Product 4,2.0,2343.51,0.3,-96.13
ORD103319,2025-07-27,CUST1919,Neha Verma,Agra,Gujarat,West,Sports,Fitness,Fitness Product 12,4.0,1723.19,0.15,49.3
ORD102320,2025-10-27,CUST2120,Arjun Kumar,Delhi,Uttar Pradesh,South,Home & Kitchen,Decor,Decor Product 23,7.0,1124.2,0.05,72.15
ORD100782,2025-07-31,CUST1782,Sneha Joshi,Agra,Maharashtra,East,Furniture,Tables,Tables Product 29,1.0,2805.94,0.1,64.82
ORD100521,2025-08-24,CUST1521,Neha Verma,Mumbai,West Bengal,South,Furniture,Chairs,Chairs Product 19,4.0,2208.83,0.1,424.31
ORD100522,2025-02-21,CUST1522,Pooja Singh,Mumbai,Maharashtra,South,Electronics,Audio,Audio Product 30,2.0,2044.92,0.0,354.11
ORD102886,2024-04-21,CUST1486,Anjali Mehta,Agra,Rajasthan,South,Home & Kitchen,Cookware,Cookware Product 16,2.0,1659.12,0.3,-47.25
ORD104350,2024-03-19,CUST1750,Priya Gupta,Jaipur,Tamil Nadu,North,Sports,Fitness,Fitness Product 11,2.0,1282.61,0.2,250.7
ORD102398,2025-10-03,CUST2198,Arjun Kumar,Chennai,Rajasthan,South,Home & Kitchen,Bedding,Bedding Product 28,1.0,891.08,0.05,80.41
ORD102207,2025-06-06,CUST2007,Sneha Joshi,Ahmedabad,Delhi,East,Clothing,Men,Men Product 30,5.0,721.65,0.0,179.23
ORD103536,2025-10-25,CUST2136,Vikas Yadav,Ahmedabad,Delhi,North,Sports,Fitness,Fitness Product 19,4.0,855.24,0.0,86.44
ORD103611,2024-08-18,CUST1011,Pooja Singh,Jaipur,Gujarat,East,Electronics,Laptops,Laptops Product 30,7.0,1557.44,0.15,46.85
ORD103799,2025-05-15,CUST1199,Priya Gupta,Bengaluru,West Bengal,West,Clothing,Men,Men Product 28,6.0,1053.83,0.0,105.49
ORD104290,2024-11-17,CUST1690,Aman Sharma,Jaipur,Delhi,South,Home & Kitchen,Appliances,Appliances Product 10,4.0,838.74,0.0,124.25
ORD101511,2025-03-15,CUST1311,Priya Gupta,Mumbai,Gujarat,North,Home & Kitchen,Decor,Decor Product 30,7.0,5085.89,0.05,902.49
ORD101882,2024-12-29,CUST1682,Pooja Singh,Agra,West Bengal,South,Electronics,Audio,Audio Product 19,5.0,1104.01,0.15,189.14
ORD100651,2024-07-08,CUST1651,Anjali Mehta,Jaipur,Uttar Pradesh,South,Home & Kitchen,Bedding,Bedding Product 29,2.0,2251.12,0.1,324.56
ORD102834,2025-11-02,CUST1434,Neha Verma,Ahmedabad,Rajasthan,West,Home & Kitchen,Cookware,Cookware Product 18,3.0,1757.85,0.1,42.68
ORD104518,2024-04-18,CUST1918,Sneha Joshi,Chennai,Gujarat,South,Sports,Fitness,Fitness Product 15,7.0,818.08,0.1,26.57
ORD100369,2025-11-16,CUST1369,Neha Verma,Delhi,Gujarat,North,Furniture,Chairs,Chairs Product 9,7.0,1928.76,0.2,55.9
ORD102865,2024-10-15,CUST1465,Sneha Joshi,Mumbai,Tamil Nadu,West,Furniture,Chairs,Chairs Product 21,3.0,639.21,0.1,152.02
ORD100118,2024-07-19,CUST1118,Vikas Yadav,Mumbai,Maharashtra,West,Furniture,Beds,Beds Product 25,3.0,686.01,0.1,11.98
ORD104086,2025-09-19,CUST1486,Vikas Yadav,Delhi,Maharashtra,West,Home & Kitchen,Bedding,Bedding Product 13,5.0,416.42,0.2,23.43
ORD103085,2025-06-30,CUST1685,Priya Gupta,Jaipur,Uttar Pradesh,East,Sports,Cricket,Cricket Product 21,4.0,1836.27,0.3,183.5
ORD102216,2025-08-19,CUST2016,Aman Sharma,Delhi,West Bengal,South,Sports,Fitness,Fitness Product 9,2.0,490.52,0.15,96.38
ORD103601,2024-04-20,CUST1001,Pooja Singh,Kolkata,West Bengal,South,Home & Kitchen,Bedding,Bedding Product 18,3.0,1807.86,0.1,403.24
ORD101613,2024-12-21,CUST1413,Rahul Singh,Bengaluru,Uttar Pradesh,North,Furniture,Chairs,Chairs Product 11,7.0,376.87,0.15,49.13
ORD102962,2025-09-17,CUST1562,Sneha Joshi,Ahmedabad,Maharashtra,North,Furniture,Chairs,Chairs Product 2,6.0,1329.92,0.1,276.26
ORD100962,2024-07-12,CUST1962,Pooja Singh,Agra,West Bengal,East,Furniture,Chairs,Chairs Product 20,2.0,1955.51,0.3,45.4
ORD102510,2025-03-24,CUST1110,Arjun Kumar,Mumbai,Tamil Nadu,West,Furniture,Storage,Storage Product 6,3.0,570.98,0.1,92.62
ORD103606,2024-08-02,CUST1006,Pooja Singh,Mumbai,Delhi,East,Furniture,Tables,Tables Product 10,7.0,3361.42,0.3,476.03
ORD104447,2024-07-05,CUST1847,Rohit Agarwal,Delhi,Rajasthan,West,Clothing,Women,Women Product 5,6.0,1498.71,0.1,155.87
ORD104125,2025-07-04,CUST1525,Priya Gupta,Ahmedabad,Maharashtra,West,Clothing,Women,Women Product 13,5.0,1351.29,0.15,99.87
ORD103257,2024-04-18,CUST1857,Arjun Kumar,Agra,Maharashtra,South,Furniture,Storage,Storage Product 8,1.0,861.39,0.1,113.01
ORD102415,2025-08-31,CUST1015,Rohit Agarwal,Delhi,,East,Clothing,Footwear,Footwear Product 27,7.0,1721.83,0.05,241.33
ORD104686,2025-02-17,CUST2086,Arjun Kumar,Mumbai,Rajasthan,North,Furniture,Storage,Storage Product 29,6.0,685.37,0.15,14.04
ORD104267,2024-05-20,CUST1667,Anjali Mehta,Mumbai,Gujarat,West,Home & Kitchen,Appliances,Appliances Product 19,6.0,1217.67,0.15,2.63
ORD102185,2024-02-29,CUST1985,Sneha Joshi,Bengaluru,,South,Home & Kitchen,Appliances,Appliances Product 24,3.0,1184.5,0.4,56.98
ORD104792,2025-11-20,CUST2192,Pooja Singh,Mumbai,Uttar Pradesh,North,Clothing,Women,Women Product 5,2.0,3719.1,0.3,345.68
ORD102037,2025-10-15,CUST1837,Vikas Yadav,Kolkata,Gujarat,North,Furniture,Beds,Beds Product 5,1.0,5848.57,0.0,1487.73
ORD104292,2025-07-23,CUST1692,Sneha Joshi,Chennai,Rajasthan,West,Clothing,Kids,Kids Product 17,6.0,2458.66,0.2,551.14
ORD100772,2024-11-01,CUST1772,Rahul Singh,Chennai,Karnataka,East,Furniture,Beds,Beds Product 14,3.0,1168.92,0.05,122.0
ORD101284,2024-02-28,CUST1084,Rahul Singh,Delhi,Maharashtra,East,Furniture,Beds,Beds Product 25,7.0,2940.96,0.1,557.28
ORD104635,2025-02-28,CUST2035,Anjali Mehta,Agra,Maharashtra,West,Sports,Fitness,Fitness Product 28,5.0,850.5,0.3,160.8
ORD104770,2025-09-13,CUST2170,Rohit Agarwal,Agra,Delhi,South,Clothing,Men,Men Product 19,2.0,2448.51,0.2,207.7
ORD104607,2024-09-25,CUST2007,Rohit Agarwal,Jaipur,Gujarat,East,Home & Kitchen,,Appliances Product 8,5.0,616.57,0.2,51.61
ORD101414,2024-03-29,CUST1214,Neha Verma,Mumbai,Tamil Nadu,North,Furniture,Storage,Storage Product 24,1.0,1947.52,0.05,292.09
ORD101234,2025-08-01,CUST1034,Pooja Singh,Kolkata,Uttar Pradesh,West,Furniture,,Chairs Product 29,2.0,5656.37,0.4,-110.17
ORD104653,2025-07-13,CUST2053,Priya Gupta,Jaipur,Delhi,North,Furniture,Beds,Beds Product 18,6.0,1605.23,0.1,310.3
ORD100435,2024-02-27,CUST1435,Pooja Singh,Bengaluru,Delhi,West,Electronics,Accessories,Accessories Product 6,6.0,3450.96,0.05,414.33
ORD101674,2025-04-18,CUST1474,Priya Gupta,Ahmedabad,Maharashtra,North,Furniture,Storage,Storage Product 21,7.0,309.76,0.2,23.59
ORD100365,2024-01-18,CUST1365,Pooja Singh,Kolkata,West Bengal,East,Furniture,Storage,Storage Product 18,3.0,1245.18,0.05,95.36
ORD102694,2025-09-14,CUST1294,Rahul Singh,Mumbai,Gujarat,North,Clothing,Footwear,Footwear Product 19,5.0,1665.56,0.4,189.83
ORD100231,2024-05-02,CUST1231,Pooja Singh,Ahmedabad,Karnataka,North,Furniture,Tables,Tables Product 4,6.0,1198.22,0.05,210.08
ORD104484,2024-01-21,CUST1884,Sneha Joshi,Mumbai,Delhi,South,Home & Kitchen,Bedding,Bedding Product 3,5.0,458.11,0.1,34.42
ORD100147,2025-02-10,CUST1147,Rohit Agarwal,Kolkata,West Bengal,West,Electronics,Accessories,Accessories Product 18,7.0,3672.47,0.2,673.32
ORD104430,2025-11-16,CUST1830,Pooja Singh,Chennai,Karnataka,West,Furniture,Storage,Storage Product 27,5.0,298.2,0.0,40.15
ORD100407,2024-11-09,CUST1407,Neha Verma,Agra,West Bengal,East,Home & Kitchen,Cookware,Cookware Product 1,3.0,1265.46,0.15,167.07
ORD102090,2024-03-25,CUST1890,Anjali Mehta,Mumbai,Gujarat,East,Sports,Outdoor,Outdoor Product 3,6.0,2760.56,,475.57
ORD100086,2024-10-22,CUST1086,Priya Gupta,Ahmedabad,Gujarat,West,Clothing,Footwear,Footwear Product 9,7.0,733.03,0.1,59.32
ORD100844,2024-02-15,CUST1844,Rohit Agarwal,Kolkata,West Bengal,South,Clothing,Men,Men Product 13,6.0,1336.02,0.05,352.94
ORD101031,2024-02-11,CUST2031,Anjali Mehta,Agra,Delhi,West,Electronics,Laptops,Laptops Product 18,7.0,462.85,0.2,40.34
ORD102988,2025-07-24,CUST1588,Vikas Yadav,Bengaluru,Delhi,East,Furniture,Tables,Tables Product 19,4.0,1254.2,0.05,125.31
ORD103256,2025-03-31,CUST1856,Rahul Singh,Jaipur,Delhi,East,Home & Kitchen,Decor,Decor Product 16,6.0,1102.02,0.2,153.39
ORD102770,2024-02-19,CUST1370,Neha Verma,Chennai,Uttar Pradesh,East,Sports,Fitness,Fitness Product 22,3.0,946.46,0.15,
ORD104485,2024-08-29,CUST1885,Anjali Mehta,Delhi,Uttar Pradesh,North,Sports,Cycling,Cycling Product 24,1.0,693.62,0.1,37.97
ORD104473,2024-03-28,CUST1873,Neha Verma,Chennai,Uttar Pradesh,East,Home & Kitchen,Cookware,Cookware Product 15,2.0,1903.03,0.05,356.98
ORD100855,2024-12-15,CUST1855,Rahul Singh,Kolkata,Gujarat,North,Electronics,Audio,Audio Product 1,5.0,1786.5,0.3,-10.41
ORD100078,2024-07-20,CUST1078,Anjali Mehta,Ahmedabad,Delhi,East,Furniture,Storage,Storage Product 29,6.0,571.6,,78.29
ORD102247,2025-06-22,CUST2047,Sneha Joshi,Bengaluru,West Bengal,North,Clothing,Footwear,Footwear Product 4,4.0,2262.53,0.0,392.33
ORD104601,2024-11-12,CUST2001,Neha Verma,Delhi,Rajasthan,North,Clothing,Women,Women Product 16,2.0,2256.04,0.1,400.21
ORD103718,2024-10-29,CUST1118,Anjali Mehta,Delhi,Gujarat,North,Home & Kitchen,Decor,Decor Product 23,2.0,1734.62,0.3,-82.37
ORD103722,2024-08-23,CUST1122,Priya Gupta,Jaipur,Rajasthan,East,Electronics,Audio,Audio Product 17,4.0,665.7,0.0,166.29
ORD104163,2025-02-10,CUST1563,Pooja Singh,Jaipur,Gujarat,South,Clothing,Women,Women Product 7,1.0,507.28,0.05,115.04
ORD102279,2025-09-24,CUST2079,Pooja Singh,Delhi,West Bengal,North,Furniture,Tables,Tables Product 26,2.0,6385.9,0.15,669.76
ORD102642,2024-01-23,CUST1242,Vikas Yadav,Jaipur,Uttar Pradesh,East,Furniture,Storage,Storage Product 10,6.0,1742.75,0.05,453.74
ORD104189,2024-03-05,CUST1589,Priya Gupta,Jaipur,West Bengal,East,Sports,Cycling,Cycling Product 3,4.0,2529.56,0.15,-3.17
ORD103935,2024-11-27,CUST1335,Priya Gupta,Ahmedabad,Tamil Nadu,East,Clothing,Women,Women Product 5,3.0,1780.33,0.15,248.74
ORD103485,2024-05-26,CUST2085,Aman Sharma,Kolkata,Delhi,North,Home & Kitchen,Cookware,Cookware Product 19,4.0,880.39,0.05,85.83
ORD102176,2025-12-20,CUST1976,Arjun Kumar,Mumbai,Tamil Nadu,North,Sports,Outdoor,Outdoor Product 17,6.0,2064.46,0.15,77.64
ORD100424,2024-02-16,CUST1424,Sneha Joshi,Jaipur,Rajasthan,South,Clothing,Kids,Kids Product 21,1.0,1391.78,0.05,60.75
ORD100392,2025-05-26,CUST1392,Anjali Mehta,Chennai,Rajasthan,East,Furniture,Tables,Tables Product 29,1.0,826.22,0.1,217.28
ORD104759,2024-03-02,CUST2159,Rohit Agarwal,Ahmedabad,West Bengal,North,Electronics,Laptops,Laptops Product 29,1.0,1290.95,0.05,265.24
ORD103897,2025-07-11,CUST1297,Neha Verma,Agra,Karnataka,North,Electronics,Laptops,Laptops Product 6,2.0,339.62,0.05,
ORD100104,2024-03-03,CUST1104,Aman Sharma,Jaipur,Uttar Pradesh,North,Furniture,Storage,Storage Product 18,5.0,2051.87,0.0,249.37
ORD103022,2024-08-05,CUST1622,Neha Verma,Chennai,Delhi,North,Electronics,Laptops,Laptops Product 12,4.0,950.79,0.15,22.6
ORD102615,2025-10-23,CUST1215,Rohit Agarwal,Jaipur,Delhi,East,Clothing,Men,Men Product 6,2.0,1300.41,0.15,80.02
ORD103189,2025-08-01,CUST1789,Anjali Mehta,Chennai,Delhi,West,Clothing,Women,,7.0,3179.86,0.05,431.67
ORD102857,2025-02-28,CUST1457,Pooja Singh,Chennai,Karnataka,North,Clothing,Men,Men Product 9,1.0,765.6,0.1,177.14
ORD101948,2024-12-26,CUST1748,Neha Verma,Delhi,West Bengal,West,Clothing,Footwear,Footwear Product 29,5.0,722.56,0.05,108.79
ORD101459,2025-01-31,CUST1259,Aman Sharma,Chennai,,East,Furniture,Tables,Tables Product 1,4.0,382.7,0.15,32.36
ORD103312,2024-03-21,CUST1912,Aman Sharma,Ahmedabad,Uttar Pradesh,East,Furniture,Tables,Tables Product 15,3.0,1016.57,0.0,56.16
ORD102851,2025-08-21,CUST1451,Sneha Joshi,Jaipur,Gujarat,West,Home & Kitchen,Decor,Decor Product 23,4.0,758.07,0.05,49.68
ORD102751,2024-06-09,CUST1351,Vikas Yadav,Chennai,West Bengal,South,Sports,Outdoor,Outdoor Product 3,5.0,1314.66,0.2,206.13
ORD104823,2024-09-09,CUST1023,Vikas Yadav,Bengaluru,Karnataka,East,Furniture,Storage,Storage Product 13,4.0,1491.42,0.05,217.16
ORD101587,2024-10-27,CUST1387,Arjun Kumar,Agra,Karnataka,South,Furniture,Beds,Beds Product 9,3.0,2345.56,0.1,241.31
ORD103721,2024-08-14,CUST1121,Priya Gupta,Jaipur,Maharashtra,West,Clothing,Kids,Kids Product 4,2.0,832.4,0.15,161.68
ORD101731,2024-07-26,CUST1531,Arjun Kumar,Chennai,Karnataka,West,Furniture,Storage,Storage Product 10,7.0,240.71,0.05,30.22
ORD104972,2024-02-19,CUST1172,Anjali Mehta,Mumbai,Gujarat,North,Sports,Fitness,Fitness Product 30,6.0,,0.15,75.3
ORD104458,2025-07-02,CUST1858,Anjali Mehta,Chennai,West Bengal,North,Sports,Cricket,Cricket Product 17,7.0,1927.59,0.15,53.02
ORD104883,2025-12-22,CUST1083,Sneha Joshi,Delhi,Gujarat,East,Furniture,Chairs,Chairs Product 5,3.0,533.14,0.2,44.52
ORD101791,2025-11-02,CUST1591,Sneha Joshi,Delhi,Karnataka,South,Electronics,Phones,Phones Product 21,4.0,1032.92,0.15,42.68
ORD102355,2024-07-24,CUST2155,Neha Verma,Chennai,Tamil Nadu,East,Sports,Cricket,Cricket Product 19,7.0,3274.06,0.0,681.75
ORD101940,2024-10-13,CUST1740,Neha Verma,Agra,Gujarat,West,Electronics,Accessories,Accessories Product 6,4.0,2448.58,0.0,641.09
ORD100702,2025-06-23,CUST1702,Anjali Mehta,Ahmedabad,Uttar Pradesh,West,Furniture,Chairs,Chairs Product 21,2.0,1941.6,0.2,322.72
ORD102442,2024-07-01,CUST1042,Arjun Kumar,Delhi,Uttar Pradesh,South,Furniture,Chairs,Chairs Product 1,3.0,1444.18,0.2,253.69
ORD104784,2025-06-17,CUST2184,Aman Sharma,Jaipur,Rajasthan,East,Sports,Outdoor,Outdoor Product 8,4.0,3870.79,0.15,800.96
ORD100496,2025-10-25,CUST1496,Pooja Singh,Kolkata,Delhi,North,Electronics,Audio,Audio Product 6,2.0,607.73,0.1,55.96
ORD100464,2024-10-11,CUST1464,,Chennai,West Bengal,East,Electronics,Accessories,Accessories Product 1,4.0,1248.11,0.1,22.19
ORD102732,2024-03-16,CUST1332,Sneha Joshi,agra,Karnataka,North,Clothing,Footwear,Footwear Product 21,2.0,738.84,0.05,32.21
ORD104684,2025-09-10,CUST2084,Pooja Singh,Delhi,Rajasthan,North,Electronics,Accessories,Accessories Product 2,1.0,2460.62,0.2,557.56
ORD100172,2024-08-18,CUST1172,Sneha Joshi,Bengaluru,West Bengal,North,Furniture,Beds,Beds Product 28,6.0,3007.68,0.3,530.61
ORD104314,2024-06-02,CUST1714,Anjali Mehta,Delhi,Rajasthan,East,Home & Kitchen,Decor,Decor Product 28,3.0,1036.88,0.1,265.82
ORD104830,2025-08-20,CUST1030,Pooja Singh,Chennai,Tamil Nadu,South,Furniture,Tables,Tables Product 21,4.0,1014.37,0.15,178.83
ORD102540,2025-03-17,CUST1140,Vikas Yadav,Jaipur,Uttar Pradesh,South,Furniture,Chairs,Chairs Product 9,6.0,1155.6,0.2,237.67
ORD103317,2024-12-22,CUST1917,Priya Gupta,Agra,Uttar Pradesh,West,Electronics,Phones,Phones Product 3,6.0,1479.84,0.1,226.61
ORD103000,2025-04-20,CUST1600,Arjun Kumar,Jaipur,Uttar Pradesh,North,Furniture,Beds,Beds Product 3,7.0,1380.8,0.2,163.59
ORD102260,2024-06-20,CUST2060,Arjun Kumar,Jaipur,Uttar Pradesh,East,Home & Kitchen,,Appliances Product 10,1.0,2985.38,0.3,97.44
ORD102112,2024-12-01,CUST1912,Rahul Singh,Kolkata,Karnataka,North,Clothing,Kids,Kids Product 5,2.0,646.19,0.2,144.36
ORD100900,2024-05-05,CUST1900,Anjali Mehta,Kolkata,Karnataka,South,Clothing,Men,Men Product 22,-1.0,1605.03,0.0,110.65
ORD101446,2024-05-31,CUST1246,Neha Verma,Delhi,Delhi,West,Sports,Fitness,Fitness Product 30,1.0,965.45,0.15,110.11
ORD103634,2025-07-17,CUST1034,Rohit Agarwal,Bengaluru,,West,Sports,Cricket,Cricket Product 25,5.0,689.03,0.15,95.4
ORD100741,2025-04-20,CUST1741,Sneha Joshi,Mumbai,Tamil Nadu,North,Home & Kitchen,Bedding,Bedding Product 17,1.0,1242.95,0.1,76.32
ORD102293,2025-09-21,CUST2093,Rahul Singh,Kolkata,Rajasthan,South,Clothing,Men,Men Product 17,4.0,5089.6,0.2,867.94
ORD102452,2025-02-26,CUST1052,Anjali Mehta,Delhi,Gujarat,East,Sports,Cycling,Cycling Product 14,5.0,1586.09,0.05,379.38
ORD103751,2024-09-08,CUST1151,Anjali Mehta,Agra,Maharashtra,East,Clothing,Footwear,Footwear Product 14,5.0,428.41,0.15,8.38
ORD101744,2024-07-17,CUST1544,Vikas Yadav,Delhi,Uttar Pradesh,East,Electronics,Accessories,Accessories Product 5,7.0,1663.7,0.2,150.05
ORD101206,2025-01-05,CUST1006,Sneha Joshi,Jaipur,Rajasthan,South,Electronics,Audio,Audio Product 21,7.0,1106.89,0.1,216.15
ORD100509,2025-07-09,CUST1509,Aman Sharma,Kolkata,Uttar Pradesh,North,Furniture,Tables,Tables Product 20,5.0,2777.19,0.15,61.21
ORD104184,2024-03-16,CUST1584,Rohit Agarwal,Kolkata,Gujarat,West,Electronics,Accessories,Accessories Product 13,6.0,1534.09,0.2,-0.08
ORD103526,2024-12-14,CUST2126,Vikas Yadav,Delhi,Gujarat,East,Furniture,Beds,Beds Product 8,2.0,359.53,0.3,68.39
ORD102850,2024-05-10,CUST1450,Neha Verma,Jaipur,Tamil Nadu,North,Furniture,Beds,Beds Product 29,3.0,1465.35,0.1,340.44
ORD104825,2025-11-29,CUST1025,,Chennai,Karnataka,West,Furniture,Tables,Tables Product 3,5.0,7287.5,0.05,552.63
ORD101549,2024-08-03,CUST1349,Neha Verma,Jaipur,West Bengal,West,Furniture,Beds,Beds Product 29,7.0,1715.26,0.05,441.64
ORD103322,2024-08-10,CUST1922,Vikas Yadav,Kolkata,Uttar Pradesh,East,Furniture,Tables,Tables Product 30,1.0,5316.95,0.1,258.79
ORD102202,2025-03-07,CUST2002,Anjali Mehta,Kolkata,Gujarat,South,Clothing,Footwear,Footwear Product 10,6.0,756.97,0.05,129.7
ORD102566,2025-01-04,CUST1166,Pooja Singh,Mumbai,Tamil Nadu,West,Electronics,Audio,Audio Product 21,6.0,1458.22,0.1,174.43
ORD104427,2024-11-14,CUST1827,Vikas Yadav,Kolkata,Tamil Nadu,South,Furniture,Beds,Beds Product 27,7.0,2370.72,0.1,154.89
ORD102044,2025-12-04,CUST1844,Aman Sharma,Jaipur,Rajasthan,North,Clothing,Women,Women Product 25,3.0,605.2,0.15,120.32
ORD100767,2024-06-02,CUST1767,Sneha Joshi,Kolkata,Uttar Pradesh,West,Furniture,Chairs,Chairs Product 17,2.0,1380.38,0.0,167.99
ORD104907,2025-03-09,CUST1107,Sneha Joshi,Ahmedabad,Delhi,South,Home & Kitchen,Bedding,Bedding Product 10,1.0,652.76,0.05,163.27
ORD103800,2025-10-26,CUST1200,Priya Gupta,Delhi,Tamil Nadu,North,Home & Kitchen,Cookware,Cookware Product 20,3.0,1141.0,0.15,277.24
ORD100421,2024-04-12,CUST1421,Rohit Agarwal,Chennai,West Bengal,East,Electronics,Audio,Audio Product 8,2.0,1222.18,0.2,54.93
ORD100123,2025-07-27,CUST1123,Vikas Yadav,Agra,West Bengal,East,Clothing,Footwear,Footwear Product 2,2.0,657.97,0.1,52.05
ORD104192,2025-06-27,CUST1592,Neha Verma,Mumbai,Maharashtra,North,Furniture,Chairs,Chairs Product 12,5.0,3936.35,0.0,1169.21
ORD102673,2025-01-27,CUST1273,Vikas Yadav,Jaipur,Gujarat,North,Clothing,Men,Men Product 8,7.0,1322.89,0.1,199.71
ORD100819,2025-01-08,CUST1819,Sneha Joshi,Kolkata,Karnataka,West,Clothing,Men,Men Product 6,2.0,969.71,0.3,139.39
ORD101403,2024-08-03,CUST1203,Neha Verma,Chennai,Tamil Nadu,North,Home & Kitchen,Decor,Decor Product 6,2.0,639.17,0.3,66.21
ORD101382,2024-01-25,CUST1182,Vikas Yadav,Delhi,Gujarat,West,Furniture,Beds,Beds Product 29,1.0,2357.63,0.1,315.41
ORD102148,2025-08-05,CUST1948,Priya Gupta,,Uttar Pradesh,North,Clothing,Women,Women Product 2,1.0,1254.94,0.15,40.42
ORD101575,2024-02-07,CUST1375,Rahul Singh,Agra,,North,Clothing,Men,Men Product 10,4.0,940.42,0.15,-1.39
ORD101638,2025-06-08,CUST1438,Pooja Singh,Kolkata,Delhi,West,Home & Kitchen,Appliances,Appliances Product 3,6.0,942.03,0.3,108.87
ORD101795,2024-03-26,CUST1595,Vikas Yadav,Mumbai,West Bengal,West,Home & Kitchen,Bedding,Bedding Product 17,2.0,1445.43,0.0,277.19
ORD104849,2024-03-08,CUST1049,Anjali Mehta,Delhi,Delhi,West,Furniture,Tables,Tables Product 30,7.0,1451.3,0.1,99.72
ORD100399,2025-12-27,CUST1399,Priya Gupta,Mumbai,Uttar Pradesh,South,Furniture,Beds,Beds Product 28,7.0,1664.23,0.1,38.23
ORD102310,2025-04-25,CUST2110,Vikas Yadav,Ahmedabad,Tamil Nadu,North,Furniture,Chairs,Chairs Product 7,2.0,3246.31,0.2,700.75
ORD100882,2024-01-07,CUST1882,Neha Verma,Mumbai,Delhi,North,Sports,Cycling,Cycling Product 27,5.0,1929.58,0.15,359.21
ORD102413,2024-03-20,CUST1013,Rohit Agarwal,Ahmedabad,Rajasthan,South,Home & Kitchen,Appliances,Appliances Product 4,4.0,5532.06,0.1,1207.69
ORD103375,2024-11-20,CUST1975,Vikas Yadav,Mumbai,Delhi,East,Sports,Outdoor,Outdoor Product 8,3.0,972.03,0.1,150.18
ORD101352,2024-11-05,CUST1152,Aman Sharma,Ahmedabad,Rajasthan,East,Home & Kitchen,Cookware,Cookware Product 21,3.0,2332.53,0.15,460.92
ORD102788,2025-08-24,CUST1388,Rohit Agarwal,Chennai,Karnataka,South,Furniture,Beds,Beds Product 13,6.0,999.79,0.2,11.31
ORD104581,2024-12-28,CUST1981,Anjali Mehta,Kolkata,Delhi,West,Electronics,Laptops,Laptops Product 13,1.0,902.9,0.0,185.06
ORD102130,2024-05-23,CUST1930,Vikas Yadav,Mumbai,Maharashtra,North,Home & Kitchen,Cookware,Cookware Product 22,5.0,2268.61,0.0,501.65
ORD100982,2024-11-15,CUST1982,Vikas Yadav,Delhi,Tamil Nadu,South,Sports,Cricket,Cricket Product 16,5.0,5417.89,0.1,1121.25
ORD100456,2025-08-03,CUST1456,,Jaipur,Gujarat,South,Clothing,Women,Women Product 21,1.0,1481.16,,50.39
ORD103774,2024-01-17,CUST1174,Sneha Joshi,Mumbai,Maharashtra,North,Furniture,Beds,Beds Product 3,6.0,382.67,0.1,76.3
ORD101079,2024-06-07,CUST2079,Arjun Kumar,Bengaluru,Gujarat,West,Furniture,Tables,Tables Product 16,3.0,1059.61,0.3,-25.95
ORD101950,2024-05-12,CUST1750,Pooja Singh,Jaipur,West Bengal,South,Sports,Cricket,Cricket Product 20,1.0,1687.52,0.3,155.31
ORD104345,2025-03-27,CUST1745,Rohit Agarwal,Bengaluru,Rajasthan,East,Furniture,Beds,Beds Product 13,2.0,1417.93,0.3,-60.64
ORD100689,2024-12-23,CUST1689,Pooja Singh,Agra,Karnataka,West,Home & Kitchen,Appliances,Appliances Product 27,7.0,407.39,0.3,61.11
ORD102429,2025-04-29,CUST1029,Vikas Yadav,Jaipur,Karnataka,East,Clothing,Men,Men Product 11,6.0,620.57,0.0,163.71
ORD100641,2024-08-07,CUST1641,Aman Sharma,Agra,Tamil Nadu,South,Home & Kitchen,Decor,Decor Product 2,4.0,543.06,0.05,92.49
ORD102392,2025-10-24,CUST2192,Priya Gupta,Bengaluru,Gujarat,South,Sports,Cricket,Cricket Product 30,7.0,3352.04,0.0,232.63
ORD101953,2025-05-27,CUST1753,Anjali Mehta,Ahmedabad,Delhi,South,Clothing,Men,Men Product 16,3.0,1603.94,0.2,199.07
ORD102794,2025-09-03,CUST1394,Rohit Agarwal,Kolkata,Uttar Pradesh,West,Home & Kitchen,Bedding,Bedding Product 13,4.0,5412.85,0.05,666.24
ORD102812,2024-09-26,CUST1412,Pooja Singh,Ahmedabad,Gujarat,East,Clothing,Women,Women Product 15,5.0,1305.1,0.1,110.06
ORD103492,2024-04-11,CUST2092,Sneha Joshi,Agra,Delhi,East,Home & Kitchen,Bedding,Bedding Product 26,6.0,559.52,0.2,88.06
ORD103393,2024-06-03,CUST1993,Vikas Yadav,Mumbai,Rajasthan,East,Electronics,Laptops,Laptops Product 27,5.0,1968.35,0.0,314.49
ORD104800,2024-04-13,CUST1000,Vikas Yadav,,Maharashtra,West,Clothing,Footwear,Footwear Product 3,6.0,2715.54,0.1,131.03
ORD102980,2024-04-18,CUST1580,Pooja Singh,Kolkata,Uttar Pradesh,South,Electronics,Laptops,Laptops Product 16,2.0,590.4,0.3,54.05
ORD101884,2025-06-15,CUST1684,Sneha Joshi,Delhi,Gujarat,North,Furniture,Chairs,Chairs Product 18,5.0,2750.28,0.1,134.59
ORD100389,2025-11-15,CUST1389,Priya Gupta,Chennai,Tamil Nadu,North,Clothing,Footwear,Footwear Product 25,3.0,2774.46,0.1,495.94
ORD102494,2025-07-25,CUST1094,Sneha Joshi,Delhi,West Bengal,North,Sports,Outdoor,Outdoor Product 18,7.0,3918.9,0.15,141.34
ORD103435,2025-07-16,CUST2035,Neha Verma,Jaipur,West Bengal,North,Furniture,Beds,Beds Product 23,1.0,1821.46,0.15,280.84
ORD102940,2025-08-08,CUST1540,Sneha Joshi,Delhi,Tamil Nadu,West,Clothing,Footwear,Footwear Product 22,4.0,1375.5,0.1,109.87
ORD100845,2025-06-29,CUST1845,Vikas Yadav,Delhi,Maharashtra,West,Clothing,Kids,Kids Product 19,6.0,1573.18,0.1,243.95
ORD100542,2024-04-05,CUST1542,Arjun Kumar,Chennai,,North,Home & Kitchen,Appliances,Appliances Product 16,1.0,2361.02,0.15,498.9
ORD100091,2024-08-04,CUST1091,Priya Gupta,Chennai,Maharashtra,North,Sports,Fitness,Fitness Product 27,7.0,893.7,0.0,261.69
ORD103954,2025-06-03,CUST1354,Rahul Singh,Kolkata,West Bengal,South,Clothing,Footwear,Footwear Product 3,5.0,1358.87,0.2,20.19
ORD101979,2024-02-04,CUST1779,Pooja Singh,Kolkata,Rajasthan,West,Home & Kitchen,Decor,Decor Product 5,5.0,930.89,0.1,38.23
ORD102860,2025-09-20,CUST1460,Rohit Agarwal,Kolkata,West Bengal,South,Sports,Outdoor,Outdoor Product 12,6.0,3064.11,0.3,-140.82
ORD104120,2024-07-03,CUST1520,Priya Gupta,Chennai,Gujarat,South,Electronics,Phones,Phones Product 25,4.0,808.23,0.2,42.3
ORD102951,2024-08-25,CUST1551,Pooja Singh,Ahmedabad,Gujarat,North,Home & Kitchen,Bedding,Bedding Product 14,5.0,2732.09,0.2,466.75
ORD102529,2024-12-31,CUST1129,Pooja Singh,Chennai,Delhi,East,Furniture,Tables,Tables Product 30,5.0,1414.96,0.1,63.77
ORD101676,2024-07-28,CUST1476,Aman Sharma,Bengaluru,Rajasthan,South,Home & Kitchen,Cookware,Cookware Product 20,6.0,2023.33,0.2,221.95
ORD101048,2025-09-07,CUST2048,Rahul Singh,Bengaluru,Maharashtra,South,Sports,Cycling,Cycling Product 17,3.0,996.47,0.2,113.84
ORD101960,2024-07-22,CUST1760,Rahul Singh,Jaipur,Uttar Pradesh,West,Clothing,Kids,Kids Product 17,3.0,1435.64,0.3,34.04
ORD102530,2024-08-15,CUST1130,Aman Sharma,Bengaluru,West Bengal,West,Sports,Fitness,Fitness Product 13,7.0,1357.35,0.05,213.28
ORD102829,2025-11-20,CUST1429,Arjun Kumar,Kolkata,Uttar Pradesh,South,Furniture,Chairs,Chairs Product 9,7.0,453.87,0.15,99.88
ORD100237,2025-05-25,CUST1237,Priya Gupta,Agra,Tamil Nadu,North,Furniture,Beds,Beds Product 17,6.0,1456.92,0.05,391.79
ORD103016,2024-08-13,CUST1616,Pooja Singh,Agra,Delhi,East,Sports,Cricket,Cricket Product 20,7.0,759.14,0.2,29.53
ORD103894,2025-07-26,CUST1294,Vikas Yadav,Chennai,Gujarat,South,Sports,Outdoor,Outdoor Product 13,5.0,2965.36,0.0,651.76
ORD101133,2024-12-11,CUST2133,Anjali Mehta,Mumbai,Gujarat,South,Electronics,Audio,Audio Product 17,2.0,1114.96,0.1,90.65
ORD101805,2025-10-27,CUST1605,Arjun Kumar,Jaipur,Maharashtra,East,Sports,Cycling,Cycling Product 29,2.0,741.79,0.3,123.6
ORD104173,2024-03-13,CUST1573,Aman Sharma,Jaipur,Delhi,East,Clothing,Kids,Kids Product 29,5.0,927.9,0.2,173.76
ORD100163,2024-01-28,CUST1163,Anjali Mehta,Jaipur,Rajasthan,East,Sports,Cycling,Cycling Product 5,3.0,2115.82,0.3,37.59
ORD103551,2025-08-01,CUST2151,Neha Verma,Ahmedabad,Gujarat,North,Furniture,Beds,Beds Product 2,7.0,1932.37,0.15,379.43
ORD104742,2025-08-28,CUST2142,Rohit Agarwal,Bengaluru,Rajasthan,West,Furniture,Chairs,Chairs Product 18,6.0,1343.93,0.1,223.8
ORD103400,2024-05-04,CUST2000,Pooja Singh,Agra,Gujarat,South,Home & Kitchen,Cookware,Cookware Product 27,3.0,1146.4,0.05,224.73
ORD104861,2024-07-29,CUST1061,Pooja Singh,Mumbai,Rajasthan,South,Home & Kitchen,Decor,Decor Product 27,2.0,3082.01,0.1,422.82
ORD103254,2024-11-27,CUST1854,Priya Gupta,Delhi,West Bengal,East,Furniture,Tables,Tables Product 25,4.0,1651.28,0.3,263.75
ORD104873,2024-06-18,CUST1073,Rahul Singh,Jaipur,Delhi,South,Furniture,Storage,Storage Product 29,4.0,638.1,0.0,112.49
ORD104004,2025-02-07,CUST1404,Rahul Singh,Ahmedabad,Gujarat,East,Sports,Fitness,Fitness Product 5,6.0,1443.12,0.0,133.18
ORD101811,2024-05-01,CUST1611,,Bengaluru,Rajasthan,South,Clothing,Kids,Kids Product 24,1.0,447.52,0.0,123.66
ORD103162,2024-01-08,CUST1762,Pooja Singh,Kolkata,Gujarat,West,Clothing,Women,Women Product 19,4.0,568.69,0.2,10.2
ORD102586,2025-09-17,CUST1186,Rohit Agarwal,Chennai,Rajasthan,North,Electronics,Laptops,Laptops Product 19,7.0,966.6,0.15,57.25
ORD101428,2024-11-30,CUST1228,Rohit Agarwal,Jaipur,Tamil Nadu,North,Furniture,Chairs,Chairs Product 14,4.0,1211.15,0.4,-50.66
ORD104026,2024-09-22,CUST1426,Neha Verma,Kolkata,Tamil Nadu,South,Electronics,Accessories,Accessories Product 25,1.0,2459.21,0.0,546.06
ORD102847,2024-01-21,CUST1447,Vikas Yadav,Delhi,Uttar Pradesh,North,Home & Kitchen,Appliances,Appliances Product 21,6.0,1892.99,0.15,299.23
ORD103453,2024-09-29,CUST2053,Neha Verma,Delhi,Tamil Nadu,West,Sports,Cricket,Cricket Product 6,4.0,1168.29,0.0,240.77
ORD104554,2025-10-23,CUST1954,Priya Gupta,Kolkata,Karnataka,South,Clothing,Footwear,Footwear Product 6,3.0,803.65,0.15,8.5
ORD104681,2025-07-25,CUST2081,Aman Sharma,Mumbai,Maharashtra,East,Clothing,Women,Women Product 16,7.0,576.83,0.05,88.72
ORD103901,2025-07-27,CUST1301,Rahul Singh,Delhi,Karnataka,North,Home & Kitchen,Bedding,Bedding Product 15,3.0,3952.02,0.3,594.69
ORD101452,2024-07-01,CUST1252,Aman Sharma,Delhi,Gujarat,West,Clothing,Men,Men Product 10,4.0,1495.14,0.15,288.68
ORD100593,2024-06-11,CUST1593,Rohit Agarwal,Bengaluru,,South,Clothing,Women,Women Product 22,1.0,2465.15,0.1,117.93
ORD102725,2024-07-06,CUST1325,Vikas Yadav,Mumbai,Delhi,South,Electronics,Laptops,Laptops Product 6,6.0,2317.58,0.15,217.75
ORD100041,2025-07-20,CUST1041,Neha Verma,Kolkata,Uttar Pradesh,East,Clothing,Men,Men Product 28,4.0,1838.67,0.0,439.59
ORD100560,25/06/2024,CUST1560,Sneha Joshi,Mumbai,Delhi,South,Furniture,Storage,Storage Product 5,2.0,1490.81,0.3,108.76
ORD102985,2024-09-16,CUST1585,Pooja Singh,Bengaluru,Tamil Nadu,North,Home & Kitchen,Decor,Decor Product 9,7.0,2505.43,0.1,365.97
ORD104842,2025-05-29,CUST1042,Arjun Kumar,Kolkata,Delhi,West,Clothing,Women,Women Product 18,2.0,1716.99,0.15,383.72
ORD100243,2024-11-21,CUST1243,Arjun Kumar,Delhi,West Bengal,West,Clothing,Men,Men Product 26,2.0,1771.41,0.2,316.95
ORD101339,2025-12-05,CUST1139,Sneha Joshi,Chennai,Gujarat,East,Sports,Cycling,Cycling Product 13,1.0,1592.51,0.1,162.45
ORD102827,2025-06-16,CUST1427,Arjun Kumar,Ahmedabad,West Bengal,North,Sports,Fitness,Fitness Product 8,4.0,2187.76,0.3,403.82
ORD103011,2025-03-25,CUST1611,Pooja Singh,Delhi,Maharashtra,North,Home & Kitchen,Cookware,Cookware Product 8,7.0,1437.49,0.1,220.56
ORD103861,2025-05-21,CUST1261,Aman Sharma,Delhi,Karnataka,East,Sports,Cycling,Cycling Product 22,1.0,1397.59,0.15,185.2
ORD101442,2025-09-06,CUST1242,Priya Gupta,Bengaluru,Gujarat,West,Home & Kitchen,Cookware,Cookware Product 26,4.0,1592.76,0.1,387.39
ORD100261,2024-10-24,CUST1261,Rohit Agarwal,Ahmedabad,Maharashtra,South,Sports,Fitness,Fitness Product 15,6.0,2853.99,0.0,354.78
ORD102810,2024-06-11,CUST1410,Pooja Singh,Chennai,Uttar Pradesh,East,Home & Kitchen,Cookware,Cookware Product 16,7.0,773.39,0.4,-49.14
ORD101689,2024-02-02,CUST1489,Pooja Singh,Delhi,Delhi,North,Electronics,Audio,Audio Product 22,2.0,564.43,0.2,39.15
ORD101725,2025-06-10,CUST1525,Vikas Yadav,Chennai,Delhi,East,Clothing,Footwear,Footwear Product 8,2.0,1029.29,0.1,151.86
ORD101203,2024-01-19,CUST1003,Sneha Joshi,Bengaluru,West Bengal,West,Furniture,Beds,Beds Product 3,1.0,1975.24,0.2,300.47
ORD100834,2025-04-10,CUST1834,Sneha Joshi,Ahmedabad,Maharashtra,North,Sports,Cricket,Cricket Product 14,6.0,2254.74,0.0,633.79
ORD101866,2024-12-17,CUST1666,Anjali Mehta,Agra,Karnataka,East,Furniture,Beds,Beds Product 29,7.0,4684.71,0.15,516.2
ORD102496,2024-01-29,CUST1096,Rahul Singh,Agra,West Bengal,West,Sports,Outdoor,Outdoor Product 5,2.0,2792.38,0.05,691.87
ORD102010,2025-01-09,CUST1810,Priya Gupta,Agra,Gujarat,East,Home & Kitchen,Decor,Decor Product 21,3.0,790.37,0.15,28.11
ORD100340,2024-01-17,CUST1340,Pooja Singh,Bengaluru,Maharashtra,East,Home & Kitchen,Appliances,Appliances Product 24,2.0,1117.79,0.15,43.31
ORD103039,2024-10-15,CUST1639,Arjun Kumar,Delhi,Delhi,North,Sports,Cricket,Cricket Product 29,6.0,450.93,0.0,26.68
ORD101601,2024-12-01,CUST1401,Vikas Yadav,Kolkata,Maharashtra,West,Furniture,Tables,Tables Product 7,1.0,1376.11,0.15,296.43
ORD104025,2025-09-19,CUST1425,Rohit Agarwal,Kolkata,West Bengal,East,Furniture,Chairs,Chairs Product 21,5.0,670.22,0.2,150.78
ORD104726,2025-05-04,CUST2126,Priya Gupta,Delhi,Uttar Pradesh,West,Home & Kitchen,Appliances,Appliances Product 3,5.0,3009.8,0.05,735.29
ORD100480,2024-01-23,CUST1480,Priya Gupta,Kolkata,Gujarat,South,Electronics,Accessories,Accessories Product 30,6.0,1453.18,0.15,19.13
ORD102873,2025-11-11,CUST1473,Sneha Joshi,Agra,Rajasthan,South,Clothing,Kids,Kids Product 8,4.0,1356.47,0.1,264.43
ORD103965,2024-07-05,CUST1365,Pooja Singh,Chennai,Gujarat,South,Clothing,Kids,Kids Product 12,5.0,2791.8,0.15,261.09
ORD103665,2024-07-27,CUST1065,Aman Sharma,Agra,Delhi,North,Clothing,Footwear,Footwear Product 24,1.0,766.11,0.15,4.03
ORD104670,2024-08-08,CUST2070,Pooja Singh,Ahmedabad,Tamil Nadu,South,Electronics,Phones,Phones Product 23,1.0,1312.63,0.2,127.0
ORD103097,2024-03-23,CUST1697,Rahul Singh,Kolkata,Gujarat,West,Electronics,Phones,Phones Product 8,1.0,3153.94,0.05,306.5
ORD104729,2025-07-27,CUST2129,Sneha Joshi,Delhi,Uttar Pradesh,West,Clothing,Women,Women Product 9,7.0,1502.79,0.2,308.61
ORD101766,2024-03-04,CUST1566,Pooja Singh,Kolkata,Tamil Nadu,North,Furniture,Tables,Tables Product 23,5.0,6353.11,0.2,1384.18
ORD104504,2024-06-01,CUST1904,Rohit Agarwal,Bengaluru,West Bengal,East,Clothing,Women,Women Product 15,7.0,366.94,0.0,24.25
ORD102453,2024-03-05,CUST1053,Vikas Yadav,Mumbai,Rajasthan,South,Electronics,Laptops,Laptops Product 15,4.0,1568.26,0.3,-29.83
ORD104774,2025-01-22,CUST2174,Aman Sharma,Ahmedabad,Maharashtra,North,Electronics,Phones,Phones Product 25,2.0,4889.49,0.0,531.87
ORD103878,2025-11-30,CUST1278,Priya Gupta,Jaipur,Uttar Pradesh,East,Furniture,Chairs,Chairs Product 24,1.0,4481.2,0.1,915.04
ORD104083,2025-04-15,CUST1483,Vikas Yadav,Agra,Rajasthan,West,Clothing,Men,Men Product 11,2.0,1235.52,0.1,194.25
ORD104709,2025-12-21,CUST2109,Anjali Mehta,Chennai,Delhi,East,Clothing,Footwear,Footwear Product 25,2.0,1126.95,0.3,115.32
ORD103741,2024-01-03,CUST1141,Arjun Kumar,Mumbai,Maharashtra,North,Home & Kitchen,,Bedding Product 28,1.0,1355.95,0.4,54.3
ORD101271,2025-06-15,CUST1071,Rohit Agarwal,Ahmedabad,Maharashtra,West,Electronics,Laptops,Laptops Product 13,2.0,1892.23,0.0,200.09
ORD103129,2024-03-08,CUST1729,Anjali Mehta,Chennai,Rajasthan,West,Clothing,Kids,Kids Product 17,7.0,4680.85,0.2,519.44
ORD104532,2025-04-01,CUST1932,Priya Gupta,Ahmedabad,Delhi,West,Clothing,Men,Men Product 21,7.0,1108.07,0.05,292.66
ORD104591,2025-03-24,CUST1991,Rohit Agarwal,Jaipur,Tamil Nadu,South,Clothing,Kids,Kids Product 11,5.0,1037.74,0.2,210.84
ORD104172,2025-04-21,CUST1572,Vikas Yadav,Agra,Rajasthan,North,Furniture,Tables,Tables Product 3,3.0,686.38,0.1,87.81
ORD100347,2025-06-01,CUST1347,Aman Sharma,Kolkata,Maharashtra,North,Furniture,Storage,Storage Product 18,7.0,913.59,0.0,273.19
ORD103946,2025-07-24,CUST1346,Anjali Mehta,Chennai,Rajasthan,East,Home & Kitchen,Decor,Decor Product 30,5.0,996.0,0.15,229.59
ORD104655,2025-10-09,CUST2055,Pooja Singh,Delhi,Gujarat,North,Electronics,Phones,Phones Product 9,6.0,2785.8,0.4,119.18
ORD102562,2024-08-04,CUST1162,Aman Sharma,Jaipur,Tamil Nadu,West,Clothing,Footwear,Footwear Product 29,6.0,822.44,0.1,142.75
ORD104621,2024-07-25,CUST2021,Aman Sharma,Chennai,Rajasthan,East,Sports,Cycling,Cycling Product 26,1.0,622.14,0.05,146.13
ORD101423,2025-12-11,CUST1223,Vikas Yadav,Delhi,Maharashtra,North,Furniture,Beds,Beds Product 12,2.0,-808.13,0.05,404.68
ORD100656,2025-02-12,CUST1656,Sneha Joshi,Jaipur,Delhi,East,Furniture,Storage,Storage Product 18,2.0,471.86,0.0,30.63
ORD102102,2024-10-26,CUST1902,Rohit Agarwal,Delhi,Karnataka,West,Furniture,Chairs,Chairs Product 7,6.0,3573.24,0.15,343.42
ORD100632,2024-06-15,CUST1632,Pooja Singh,Chennai,Delhi,North,Electronics,Laptops,Laptops Product 8,6.0,1504.21,0.05,230.49
ORD104790,2025-05-31,CUST2190,Pooja Singh,Delhi,Maharashtra,South,Sports,,Fitness Product 11,1.0,322.03,0.15,41.51
ORD102493,2024-05-09,CUST1093,Aman Sharma,Chennai,Rajasthan,North,Sports,Cricket,Cricket Product 16,6.0,2605.25,0.05,199.27
ORD102665,2024-01-10,CUST1265,Aman Sharma,Delhi,Karnataka,North,Sports,Outdoor,Outdoor Product 24,5.0,1142.32,0.2,175.79
ORD103270,2025-10-31,CUST1870,Rahul Singh,Bengaluru,Rajasthan,North,Electronics,Phones,Phones Product 2,3.0,1079.58,0.3,206.72
ORD103724,2024-01-13,CUST1124,Vikas Yadav,Jaipur,West Bengal,West,Electronics,Audio,Audio Product 6,7.0,2707.55,0.1,203.69
ORD103362,2024-07-11,CUST1962,Arjun Kumar,Jaipur,Karnataka,East,Furniture,Chairs,Chairs Product 1,7.0,1748.74,0.05,401.39
ORD103148,2025-04-13,CUST1748,Vikas Yadav,Delhi,Delhi,West,Furniture,Tables,Tables Product 25,-1.0,1986.2,0.15,295.63
ORD103656,2025-12-16,CUST1056,Anjali Mehta,Bengaluru,Karnataka,West,Home & Kitchen,Bedding,Bedding Product 8,3.0,1308.96,0.15,42.78
ORD102500,2024-08-19,CUST1100,Arjun Kumar,Bengaluru,Gujarat,South,Home & Kitchen,Cookware,Cookware Product 21,2.0,813.73,0.15,91.67
ORD101465,2024-04-17,CUST1265,Neha Verma,Mumbai,Uttar Pradesh,East,Clothing,Men,Men Product 19,4.0,1724.98,0.3,-45.68
ORD102882,2025-07-30,CUST1482,Pooja Singh,Agra,Delhi,West,Home & Kitchen,Decor,Decor Product 16,6.0,1818.08,0.4,192.53
ORD100115,2024-02-10,CUST1115,Arjun Kumar,Chennai,Uttar Pradesh,South,Furniture,Storage,Storage Product 8,1.0,1161.46,0.15,110.43
ORD101821,2024-08-10,CUST1621,Anjali Mehta,Kolkata,Rajasthan,North,Clothing,Footwear,Footwear Product 22,4.0,925.84,0.1,200.81
ORD101494,2024-05-21,CUST1294,Anjali Mehta,Mumbai,West Bengal,South,Electronics,Laptops,Laptops Product 5,4.0,990.47,0.4,102.68
ORD102401,2024-09-09,CUST1001,Rahul Singh,Mumbai,Tamil Nadu,North,Electronics,Laptops,Laptops Product 19,4.0,796.94,0.2,146.4
ORD101232,2024-08-26,CUST1032,Neha Verma,Delhi,Delhi,South,Sports,Cricket,Cricket Product 8,5.0,385.57,0.3,56.54
ORD102661,2025-04-27,CUST1261,Priya Gupta,Ahmedabad,Delhi,East,Clothing,Women,Women Product 10,4.0,1777.42,0.3,28.11
ORD102817,2025-12-29,CUST1417,Rohit Agarwal,Chennai,Tamil Nadu,West,Furniture,Beds,Beds Product 19,2.0,2653.05,0.2,113.26
ORD102921,2024-02-27,CUST1521,Pooja Singh,Mumbai,Delhi,North,Home & Kitchen,Appliances,Appliances Product 14,4.0,1074.74,0.15,185.1
ORD104604,2024-10-08,CUST2004,Anjali Mehta,Kolkata,Karnataka,South,Electronics,Phones,Phones Product 29,4.0,388.04,0.3,66.24
ORD101153,2024-03-15,CUST2153,Arjun Kumar,Delhi,Maharashtra,North,Home & Kitchen,,Appliances Product 3,5.0,843.99,0.15,199.07
ORD103912,2025-06-03,CUST1312,Priya Gupta,Kolkata,Karnataka,East,Sports,Outdoor,Outdoor Product 28,2.0,1474.64,0.0,306.8
ORD100057,2024-12-05,CUST1057,Sneha Joshi,Bengaluru,Gujarat,North,Electronics,Phones,Phones Product 22,7.0,872.26,0.15,31.15
ORD103995,2024-09-03,CUST1395,Neha Verma,Bengaluru,Delhi,East,Home & Kitchen,Bedding,Bedding Product 28,7.0,1270.9,0.15,293.62
ORD104319,2025-05-09,CUST1719,Vikas Yadav,Agra,Uttar Pradesh,West,Clothing,Women,Women Product 23,1.0,1493.72,0.2,29.82
ORD104980,2024-10-22,CUST1180,Priya Gupta,Ahmedabad,Karnataka,North,Clothing,Men,Men Product 17,1.0,724.88,0.05,68.2
ORD101735,2025-03-05,CUST1535,Anjali Mehta,Chennai,Delhi,North,Sports,Cricket,Cricket Product 25,6.0,813.67,0.15,139.12
ORD102823,2025-09-10,CUST1423,Priya Gupta,Bengaluru,Gujarat,North,Sports,Outdoor,Outdoor Product 28,1.0,432.45,0.1,15.91
ORD102196,2024-04-17,CUST1996,Sneha Joshi,Bengaluru,Uttar Pradesh,West,Home & Kitchen,Cookware,Cookware Product 6,6.0,2946.4,0.1,111.71
ORD103612,2025-07-18,CUST1012,Priya Gupta,Jaipur,Delhi,South,Clothing,Kids,Kids Product 13,3.0,1836.26,0.2,-12.01
ORD102475,2025-07-17,CUST1075,Arjun Kumar,Jaipur,Rajasthan,West,Home & Kitchen,Bedding,Bedding Product 21,4.0,3395.22,0.0,738.99
ORD102564,2024-04-28,CUST1164,Pooja Singh,Chennai,West Bengal,East,Sports,Cricket,Cricket Product 2,5.0,3364.73,0.15,284.13
ORD103716,2025-07-06,CUST1116,Vikas Yadav,Mumbai,Karnataka,North,Sports,Cricket,Cricket Product 17,4.0,1378.45,0.1,274.42
ORD102608,2024-08-25,CUST1208,Priya Gupta,Ahmedabad,Rajasthan,North,Furniture,Beds,Beds Product 28,3.0,2009.83,0.3,
ORD103717,2024-12-20,CUST1117,Pooja Singh,Jaipur,Uttar Pradesh,South,Furniture,Chairs,Chairs Product 12,4.0,771.61,0.0,109.09
ORD100707,2024-07-19,CUST1707,Neha Verma,Chennai,Gujarat,East,Furniture,Storage,Storage Product 23,4.0,1515.68,0.3,151.89
ORD104311,2025-08-08,CUST1711,Sneha Joshi,Mumbai,Maharashtra,South,Home & Kitchen,Bedding,Bedding Product 6,2.0,610.91,0.2,24.67
ORD101093,2024-04-04,CUST2093,Vikas Yadav,Delhi,Maharashtra,East,Home & Kitchen,Bedding,Bedding Product 16,3.0,423.93,0.05,91.49
ORD103621,2024-10-07,CUST1021,Anjali Mehta,Mumbai,Tamil Nadu,East,Electronics,Accessories,Accessories Product 20,2.0,6902.57,0.15,1579.93
ORD101376,2024-01-17,CUST1176,Neha Verma,Delhi,Karnataka,East,Sports,Outdoor,Outdoor Product 20,5.0,1855.58,0.2,53.07
ORD104948,2024-06-27,CUST1148,Arjun Kumar,Ahmedabad,West Bengal,West,Electronics,Laptops,Laptops Product 21,5.0,2087.88,0.05,83.21
ORD100072,2025-04-21,CUST1072,Sneha Joshi,Bengaluru,Rajasthan,West,Home & Kitchen,Decor,Decor Product 2,4.0,2779.4,0.0,295.29
ORD101922,2025-09-14,CUST1722,Rohit Agarwal,Bengaluru,Rajasthan,East,Furniture,Beds,Beds Product 22,7.0,4651.97,0.05,152.36
ORD103227,2024-12-06,CUST1827,Pooja Singh,Delhi,West Bengal,North,Electronics,Phones,Phones Product 3,6.0,4734.23,0.2,391.97
ORD101764,2025-08-06,CUST1564,Anjali Mehta,Mumbai,Gujarat,South,Sports,Cycling,Cycling Product 8,7.0,222.0,0.0,14.68
ORD100743,2025-10-06,CUST1743,Sneha Joshi,Agra,Gujarat,East,Clothing,Men,Men Product 23,4.0,2731.95,0.1,451.76
ORD102927,2024-04-06,CUST1527,Sneha Joshi,Bengaluru,Rajasthan,East,Furniture,Storage,Storage Product 29,5.0,2603.73,0.1,437.19
ORD101005,2025-08-03,CUST2005,Anjali Mehta,Mumbai,Tamil Nadu,West,Clothing,Women,Women Product 27,6.0,5353.82,0.1,935.3
ORD102668,2024-08-18,CUST1268,Aman Sharma,Ahmedabad,Gujarat,West,Clothing,Footwear,Footwear Product 28,6.0,1293.27,0.0,66.82
ORD101190,2024-08-02,CUST2190,Sneha Joshi,Agra,West Bengal,North,Sports,Outdoor,Outdoor Product 18,1.0,1428.24,0.15,147.48
ORD103244,2025-05-08,CUST1844,Anjali Mehta,Bengaluru,Gujarat,North,Home & Kitchen,,Bedding Product 14,4.0,1381.27,0.15,263.52
ORD102601,2025-06-13,CUST1201,Pooja Singh,Jaipur,Gujarat,West,Home & Kitchen,Appliances,Appliances Product 13,6.0,885.11,0.1,165.65
ORD101125,2024-01-29,CUST2125,Neha Verma,Bengaluru,Rajasthan,West,Electronics,Laptops,Laptops Product 2,4.0,1770.58,0.0,443.65
ORD101241,2024-03-28,CUST1041,Rahul Singh,Mumbai,Maharashtra,West,Clothing,,Women Product 10,2.0,1087.27,0.4,12.03
ORD104224,2025-03-03,CUST1624,Neha Verma,Agra,Delhi,South,Sports,Cricket,Cricket Product 24,,1016.37,0.0,110.66
ORD104160,2025-02-26,CUST1560,Neha Verma,Delhi,Uttar Pradesh,West,Sports,Cricket,Cricket Product 15,5.0,1286.44,0.15,161.12
ORD103499,2025-12-04,CUST2099,Anjali Mehta,Bengaluru,Gujarat,South,Electronics,Accessories,Accessories Product 26,3.0,3265.41,0.2,664.57
ORD100998,2024-11-14,CUST1998,Pooja Singh,Chennai,Rajasthan,South,Home & Kitchen,Bedding,Bedding Product 2,4.0,3417.43,0.15,285.51
ORD103443,2025-05-13,CUST2043,Rahul Singh,Bengaluru,Karnataka,East,Clothing,Women,Women Product 23,7.0,1058.06,0.2,187.96
ORD102684,2025-02-21,CUST1284,Aman Sharma,Jaipur,Gujarat,East,Clothing,Men,Men Product 15,1.0,2914.02,0.15,207.29
ORD101577,2024-09-07,CUST1377,Pooja Singh,Delhi,Rajasthan,North,Clothing,Women,Women Product 7,7.0,784.66,0.0,43.46
ORD104824,2025-04-03,CUST1024,Sneha Joshi,Jaipur,Delhi,East,Electronics,Accessories,Accessories Product 6,3.0,1409.64,0.1,195.28
ORD101826,2024-09-20,CUST1626,Sneha Joshi,Agra,Maharashtra,East,Furniture,Storage,Storage Product 23,2.0,1922.74,0.05,159.57
ORD103347,2024-12-25,CUST1947,Sneha Joshi,Chennai,Delhi,South,Sports,Fitness,Fitness Product 24,2.0,2663.91,0.05,130.64
ORD104767,2025-11-15,CUST2167,Priya Gupta,Chennai,Gujarat,South,Electronics,Phones,Phones Product 21,2.0,1774.14,0.0,153.7
ORD103595,2024-07-06,CUST2195,Anjali Mehta,Mumbai,Tamil Nadu,North,Electronics,Laptops,Laptops Product 26,6.0,1797.64,0.0,530.43
ORD100440,2025-01-27,CUST1440,Neha Verma,Agra,Tamil Nadu,North,Sports,Cycling,Cycling Product 17,4.0,296.65,0.2,-3.08
ORD104986,2024-04-02,CUST1186,Rahul Singh,Chennai,Maharashtra,North,Home & Kitchen,,Appliances Product 25,4.0,5441.46,0.1,627.4
ORD101100,2024-09-10,CUST2100,Rahul Singh,Jaipur,Karnataka,West,Clothing,Kids,Kids Product 20,6.0,2661.2,0.2,594.14
ORD104077,2024-06-12,CUST1477,Sneha Joshi,Bengaluru,Tamil Nadu,North,Clothing,Footwear,Footwear Product 12,2.0,1080.34,0.0,272.83
ORD103711,2024-10-19,CUST1111,Vikas Yadav,Kolkata,Uttar Pradesh,West,Furniture,Beds,Beds Product 3,4.0,1429.54,0.0,131.04
ORD100649,2025-01-21,CUST1649,,Mumbai,Uttar Pradesh,East,Sports,Cycling,Cycling Product 30,4.0,1598.13,0.3,-23.29
ORD101546,2025-11-20,CUST1346,Rohit Agarwal,Chennai,Tamil Nadu,,Electronics,Audio,Audio Product 24,7.0,2195.17,0.05,259.47
ORD103755,2024-11-08,CUST1155,Rohit Agarwal,Agra,Karnataka,West,Clothing,Men,Men Product 6,7.0,2597.15,0.0,583.78
ORD103856,2024-12-27,CUST1256,Vikas Yadav,Jaipur,Karnataka,North,Home & Kitchen,Bedding,Bedding Product 6,3.0,738.13,0.1,120.7
ORD103928,2025-08-02,CUST1328,Rahul Singh,Ahmedabad,Rajasthan,East,Electronics,Phones,Phones Product 22,6.0,6571.39,0.2,172.2
ORD103240,2024-02-10,CUST1840,Arjun Kumar,Delhi,Maharashtra,North,Sports,Outdoor,Outdoor Product 20,7.0,1085.7,0.1,167.93
ORD103803,2025-06-02,CUST1203,Arjun Kumar,Bengaluru,Uttar Pradesh,South,Sports,Cycling,Cycling Product 12,2.0,-1662.91,0.0,83.05
ORD100630,2025-03-20,CUST1630,Priya Gupta,Kolkata,Tamil Nadu,West,Sports,Cycling,Cycling Product 27,7.0,2629.79,0.4,381.37
ORD100672,2025-06-15,CUST1672,Neha Verma,Chennai,Gujarat,West,Home & Kitchen,Cookware,Cookware Product 3,4.0,3615.66,0.2,425.25
ORD101249,2024-06-30,CUST1049,Rohit Agarwal,Chennai,Karnataka,South, Furniture ,Beds,Beds Product 20,3.0,1697.67,0.3,288.04
ORD100482,2024-04-09,CUST1482,Rohit Agarwal,Ahmedabad,Karnataka,East,Sports,Fitness,Fitness Product 3,7.0,3581.93,0.1,578.1
ORD101584,2025-08-15,CUST1384,Priya Gupta,Ahmedabad,Delhi,North,Sports,Cycling,Cycling Product 14,2.0,1042.08,0.05,88.98
ORD103126,2024-08-09,CUST1726,Rohit Agarwal,Ahmedabad,Tamil Nadu,South,Sports,Fitness,Fitness Product 27,3.0,497.64,0.0,137.91
ORD104878,2024-10-14,CUST1078,Pooja Singh,Jaipur,Karnataka,East,Sports,Cricket,Cricket Product 9,2.0,1741.43,0.1,46.86
ORD103089,2025-08-18,CUST1689,Rohit Agarwal,Mumbai,Karnataka,West,Sports,Cricket,Cricket Product 22,5.0,815.99,0.1,200.78
ORD101462,2024-01-16,CUST1262,Vikas Yadav,Chennai,Tamil Nadu,West,Sports,Fitness,Fitness Product 26,3.0,1631.93,0.2,323.46
ORD103994,2025-03-13,CUST1394,Sneha Joshi,Bengaluru,Karnataka,North,Clothing,Men,Men Product 13,6.0,998.83,0.15,42.87
ORD103683,2024-03-23,CUST1083,Sneha Joshi,Kolkata,Tamil Nadu,North,Clothing,Footwear,Footwear Product 14,1.0,2839.35,0.0,394.16
ORD102578,2025-06-06,CUST1178,Vikas Yadav,Chennai,Rajasthan,North,Sports,Cycling,Cycling Product 27,2.0,218.74,0.1,21.51
ORD104730,2025-11-12,CUST2130,Neha Verma,Chennai,West Bengal,East,Electronics,Accessories,Accessories Product 3,5.0,1740.06,0.3,210.99
ORD100049,2024-09-30,CUST1049,Vikas Yadav,Agra,,West,Home & Kitchen,Appliances,Appliances Product 9,2.0,1731.66,0.15,398.63
ORD104320,2024-08-17,CUST1720,Arjun Kumar,Delhi,West Bengal,South,Sports,Cycling,Cycling Product 19,3.0,1332.37,0.0,383.21
ORD104817,2025-03-26,CUST1017,Pooja Singh,Chennai,Tamil Nadu,North,Furniture,Beds,Beds Product 17,5.0,948.4,0.2,157.07
ORD100858,2025-07-26,CUST1858,Priya Gupta,Ahmedabad,Uttar Pradesh,West,Furniture,Storage,Storage Product 13,1.0,949.45,0.1,175.57
ORD101072,2024-09-10,CUST2072,Neha Verma,Agra,Uttar Pradesh,South,Furniture,Chairs,Chairs Product 1,6.0,1689.97,0.05,403.56
ORD100719,2024-08-29,CUST1719,Vikas Yadav,Jaipur,Karnataka,South,Furniture,Chairs,Chairs Product 23,5.0,1890.61,0.15,442.59
ORD103671,2025-10-29,CUST1071,Priya Gupta,bengaluru,Tamil Nadu,East,Electronics,Accessories,,1.0,1980.74,0.2,131.63
ORD102631,2025-04-05,CUST1231,Pooja Singh,Bengaluru,Maharashtra,East,Home & Kitchen,Decor,Decor Product 4,3.0,2922.94,0.1,186.77
ORD104908,2024-04-21,CUST1108,Aman Sharma,Kolkata,Karnataka,East,Clothing,Men,Men Product 16,6.0,706.88,0.0,135.91
ORD101660,2024-08-09,CUST1460,Sneha Joshi,Agra,Tamil Nadu,West,Home & Kitchen,Decor,Decor Product 11,4.0,2421.72,0.2,49.44
ORD101656,2024-08-11,CUST1456,Pooja Singh,Jaipur,Tamil Nadu,East,Clothing,Men,Men Product 10,6.0,1284.99,0.05,81.43
ORD102425,2025-02-25,CUST1025,Anjali Mehta,Ahmedabad,Uttar Pradesh,East,Home & Kitchen,Bedding,Bedding Product 29,5.0,2819.21,0.05,712.95
ORD104022,2024-02-27,CUST1422,Priya Gupta,mumbai,Delhi,North,Sports,Cricket,Cricket Product 19,2.0,1152.21,0.3,-60.29
ORD104259,2024-01-19,CUST1659,Priya Gupta,Mumbai,Gujarat,East,Electronics,Audio,Audio Product 2,6.0,1617.62,0.0,294.26
ORD101600,2024-05-26,CUST1400,Priya Gupta,Kolkata,Rajasthan,South,Clothing,Women,Women Product 9,2.0,766.49,0.1,188.46
ORD103364,2024-05-27,CUST1964,Aman Sharma,Agra,Uttar Pradesh,East,Electronics,Accessories,Accessories Product 6,5.0,5040.55,0.15,286.13
ORD104507,2025-07-20,CUST1907,Rohit Agarwal,Bengaluru,Karnataka,North,Furniture,Tables,Tables Product 6,7.0,1158.99,0.0,173.33
ORD103360,2025-02-24,CUST1960,Priya Gupta,Bengaluru,Delhi,North,Clothing,Women,Women Product 19,2.0,1228.01,0.05,190.78
ORD104785,2024-03-10,CUST2185,Anjali Mehta,,Rajasthan,West,Electronics,,Phones Product 10,1.0,1191.99,0.05,191.78
ORD104362,2024-01-07,CUST1762,Rohit Agarwal,Delhi,West Bengal,South,Sports,Cricket,Cricket Product 16,3.0,561.58,0.3,-18.35
ORD102606,2024-10-28,CUST1206,Pooja Singh,Mumbai,Rajasthan,West,Clothing,Kids,Kids Product 21,,3836.16,0.05,938.22
ORD101385,2025-05-12,CUST1185,Rohit Agarwal,Delhi,Delhi,South,Sports,Fitness,Fitness Product 5,5.0,-335.35,0.05,30.14
ORD103898,2025-03-28,CUST1298,Sneha Joshi,Agra,Rajasthan,East,Sports,Outdoor,Outdoor Product 1,7.0,758.06,0.0,142.8
ORD101399,2025-05-11,CUST1199,Rohit Agarwal,Mumbai,Uttar Pradesh,South,Furniture,Chairs,Chairs Product 5,5.0,404.17,0.0,
ORD101195,2025-10-31,CUST2195,Rahul Singh,Mumbai,Gujarat,East,Sports,Cycling,Cycling Product 23,3.0,3424.22,0.2,-50.87
ORD101408,2025-04-29,CUST1208,Priya Gupta,Jaipur,Maharashtra,North,Sports,Fitness,Fitness Product 17,7.0,1060.97,0.05,228.06
ORD103887,2024-12-26,CUST1287,Aman Sharma,Agra,Uttar Pradesh,West,Sports,Fitness,Fitness Product 18,5.0,644.98,0.15,128.36
ORD101798,2025-11-03,CUST1598,Priya Gupta,Chennai,Gujarat,East,Home & Kitchen,Decor,Decor Product 4,6.0,2186.58,0.15,124.12
ORD101475,2025-08-30,CUST1275,Aman Sharma,Bengaluru,Rajasthan,East,Furniture,Chairs,Chairs Product 14,7.0,700.35,0.2,70.55
ORD103271,2025-03-06,CUST1871,Anjali Mehta,Mumbai,Karnataka,South,Clothing,Men,Men Product 14,1.0,482.81,0.1,122.92
ORD100035,2025-11-12,CUST1035,Aman Sharma,Agra,Rajasthan,North,Clothing,Men,Men Product 21,3.0,652.18,0.15,71.28
ORD104113,2024-11-01,CUST1513,Pooja Singh,Bengaluru,Karnataka,East,Electronics,Audio,Audio Product 6,7.0,767.66,0.05,49.19
ORD102345,2024-03-07,CUST2145,,Ahmedabad,Rajasthan,West,Sports,Fitness,Fitness Product 6,3.0,832.86,0.1,146.13
ORD103231,2024-12-28,CUST1831,Anjali Mehta,Ahmedabad,Delhi,South,Clothing,Men,Men Product 12,5.0,3982.97,0.15,631.84
ORD102359,2024-10-15,CUST2159,Pooja Singh,Mumbai,Karnataka,East,Home & Kitchen,Bedding,Bedding Product 10,5.0,516.63,0.0,54.23
ORD102206,2024-06-08,CUST2006,Sneha Joshi,Agra,Maharashtra,North,Electronics,Audio,Audio Product 16,5.0,641.2,0.1,114.36
ORD103829,2024-06-05,CUST1229,Sneha Joshi,,Gujarat,South,Clothing,Women,Women Product 23,7.0,3623.16,0.2,443.7
ORD101286,2024-05-07,CUST1086,Rahul Singh,Chennai,Rajasthan,East,Furniture,Beds,Beds Product 15,1.0,2664.36,0.05,641.18
ORD100349,2024-02-06,CUST1349,Sneha Joshi,Chennai,Tamil Nadu,South,Electronics,Laptops,Laptops Product 11,1.0,1229.07,0.15,224.1
ORD102137,2025-10-05,CUST1937,Arjun Kumar,Agra,Rajasthan,North,Sports,,Outdoor Product 17,5.0,729.71,0.2,33.01
ORD102691,2024-04-10,CUST1291,Rahul Singh,Delhi,Karnataka,North,Furniture,Chairs,Chairs Product 27,3.0,916.7,0.15,214.95
ORD103742,2024-01-28,CUST1142,Aman Sharma,Delhi,Tamil Nadu,West,Electronics,Accessories,Accessories Product 20,2.0,1371.13,0.0,201.35
ORD103790,2025-05-16,CUST1190,Pooja Singh,Ahmedabad,Gujarat,North,Clothing,Kids,Kids Product 29,6.0,1129.34,0.4,-33.48
ORD101681,2024-10-11,CUST1481,Arjun Kumar,Mumbai,Delhi,East,Furniture,Storage,Storage Product 21,7.0,877.65,0.1,63.56
ORD104088,2025-08-03,CUST1488,Aman Sharma,Kolkata,Maharashtra,South,Sports,Outdoor,Outdoor Product 18,6.0,1202.65,0.3,-59.96
ORD101443,2024-09-29,CUST1243,Sneha Joshi,Bengaluru,Delhi,West,Electronics,Phones,Phones Product 22,5.0,1749.8,0.2,74.41
ORD103298,2025-01-11,CUST1898,Priya Gupta,Chennai,Delhi,West,Sports,Cricket,Cricket Product 17,1.0,465.36,0.15,76.14
ORD101671,2025-02-04,CUST1471,Rohit Agarwal,Bengaluru,West Bengal,West,Sports,Cricket,Cricket Product 5,5.0,1228.45,0.15,248.42
ORD103361,2025-07-21,CUST1961,Priya Gupta,Ahmedabad,Delhi,South,Furniture,Tables,Tables Product 12,5.0,944.02,0.15,118.75
ORD101179,2025-11-19,CUST2179,Aman Sharma,Ahmedabad,Delhi,East,Furniture,,Storage Product 27,3.0,4160.74,0.05,510.31
ORD102798,2024-07-06,CUST1398,Sneha Joshi,Kolkata,Karnataka,West,Electronics,Laptops,Laptops Product 2,7.0,3138.47,0.0,330.29
ORD101692,2025-04-03,CUST1492,Neha Verma,Ahmedabad,Rajasthan,East,Sports,Fitness,Fitness Product 25,1.0,679.51,0.0,97.17
ORD103939,2024-09-30,CUST1339,Aman Sharma,Ahmedabad,Gujarat,West,Clothing,Footwear,Footwear Product 25,6.0,1930.46,0.0,391.17
ORD100372,2025-10-24,CUST1372,Pooja Singh,Jaipur,West Bengal,North,Electronics,Accessories,Accessories Product 29,1.0,1209.63,0.15,108.28
ORD104664,2025-11-15,CUST2064,Sneha Joshi,Agra,Uttar Pradesh,,Home & Kitchen,Appliances,Appliances Product 2,5.0,1702.04,0.1,374.08
ORD101916,2025-01-09,CUST1716,Pooja Singh,Jaipur,Maharashtra,South,Sports,Cricket,Cricket Product 30,2.0,1417.19,0.0,263.4
ORD101357,2025-02-09,CUST1157,Pooja Singh,Agra,Maharashtra,East,Sports,Fitness,Fitness Product 17,2.0,2109.4,0.05,105.1
ORD101825,2025-12-16,CUST1625,Pooja Singh,Jaipur,Uttar Pradesh,North,Furniture,Chairs,Chairs Product 22,7.0,1037.97,0.1,75.96
ORD100786,2025-02-25,CUST1786,Arjun Kumar,Chennai,Karnataka,South,Home & Kitchen,Bedding,Bedding Product 6,1.0,2300.37,0.0,235.45
ORD100469,2025-03-28,CUST1469,Rohit Agarwal,Jaipur,Maharashtra,West,Electronics,Laptops,Laptops Product 8,5.0,1552.37,0.15,297.44
ORD100140,2025-04-05,CUST1140,Rohit Agarwal,Jaipur,Uttar Pradesh,West,Clothing,Women,Women Product 24,7.0,1385.21,0.15,174.17
ORD100788,2024-11-01,CUST1788,Rahul Singh,Bengaluru,Gujarat,South,Sports,Fitness,Fitness Product 29,6.0,1412.74,0.2,1.01
ORD100323,2024-12-30,CUST1323,Pooja Singh,Bengaluru,Rajasthan,South,Electronics,Laptops,Laptops Product 15,4.0,3391.16,0.2,303.46
ORD100050,2025-01-22,CUST1050,Vikas Yadav,Kolkata,Tamil Nadu,East,Furniture,Storage,Storage Product 24,5.0,1339.02,0.0,311.71
ORD100714,2025-08-16,CUST1714,Anjali Mehta,Chennai,Gujarat,South,Electronics,Accessories,Accessories Product 21,4.0,348.29,0.15,59.59
ORD104519,2025-06-30,CUST1919,Arjun Kumar,Agra,Gujarat,East,Clothing,Women,Women Product 18,3.0,4549.68,0.4,-374.26
ORD102840,2025-03-01,CUST1440,Neha Verma,Bengaluru,Rajasthan,North,Furniture,Beds,Beds Product 9,2.0,1766.08,0.2,258.64
ORD102446,2025-02-08,CUST1046,Anjali Mehta,Ahmedabad,Rajasthan,East,Home & Kitchen,Cookware,Cookware Product 22,4.0,1000.7,0.15,8.21
ORD104847,2024-12-04,CUST1047,Aman Sharma,Delhi,Karnataka,North,Sports,Cricket,Cricket Product 7,6.0,513.66,0.2,102.95
ORD104450,2024-12-28,CUST1850,Aman Sharma,Bengaluru,Tamil Nadu,East,Sports,Cycling,Cycling Product 12,7.0,2748.2,0.05,112.76
ORD104627,2024-01-25,CUST2027,Rohit Agarwal,Delhi,Uttar Pradesh,East,Furniture,Beds,Beds Product 8,,1292.7,0.2,113.74
ORD103066,2025-02-04,CUST1666,Vikas Yadav,Chennai,Delhi,North,Furniture,Tables,Tables Product 29,6.0,1983.54,0.1,363.37
ORD102666,2025-02-08,CUST1266,Aman Sharma,Chennai,West Bengal,West,Home & Kitchen,Decor,Decor Product 8,6.0,1431.43,0.15,152.91
ORD100406,2024-05-29,CUST1406,Pooja Singh,Chennai,Maharashtra,West,Electronics,Accessories,Accessories Product 4,3.0,1547.46,0.15,237.69
ORD103537,2025-06-30,CUST2137,Vikas Yadav,Mumbai,Delhi,East,Home & Kitchen,Cookware,Cookware Product 5,4.0,683.02,0.0,145.56
ORD101004,2024-04-04,CUST2004,Anjali Mehta,Delhi,Gujarat,North,Clothing,Men,Men Product 9,3.0,1968.21,0.05,200.87
ORD104229,2024-11-08,CUST1629,Pooja Singh,Kolkata,Rajasthan,South,Home & Kitchen,Appliances,Appliances Product 2,3.0,652.84,0.15,116.58
ORD100890,2024-07-10,CUST1890,Aman Sharma,Mumbai,Maharashtra,North,Clothing,Kids,Kids Product 24,5.0,698.78,0.1,66.86
ORD102411,2025-05-08,CUST1011,Rahul Singh,Agra,Maharashtra,South,Electronics,Laptops,Laptops Product 15,7.0,390.4,0.1,37.95
ORD102545,2024-11-15,CUST1145,Rahul Singh,Ahmedabad,Karnataka,West,Electronics,Audio,Audio Product 14,3.0,1590.74,0.1,237.24
ORD103493,2025-08-09,CUST2093,Anjali Mehta,Bengaluru,Gujarat,South,Furniture,Storage,Storage Product 9,1.0,2449.9,0.05,306.08
ORD102390,2024-05-09,CUST2190,Anjali Mehta,Bengaluru,Tamil Nadu,West,Clothing,Kids,Kids Product 28,3.0,958.98,0.1,134.3
ORD104005,2025-09-20,CUST1405,Arjun Kumar,Bengaluru,Tamil Nadu,North,Electronics,Phones,Phones Product 22,4.0,-1030.43,0.05,1015.23
ORD100042,2024-08-31,CUST1042,Rohit Agarwal,Mumbai,Tamil Nadu,West,Furniture,Beds,Beds Product 15,6.0,1859.13,0.4,65.26
ORD102830,2025-06-02,CUST1430,Rohit Agarwal,Chennai,Gujarat,North,Sports,Outdoor,Outdoor Product 5,5.0,1973.66,0.05,272.22
ORD103365,2025-10-30,CUST1965,Neha Verma,Agra,Karnataka,West,Home & Kitchen,Appliances,Appliances Product 3,4.0,1891.82,0.3,-92.01
ORD100303,2025-11-11,CUST1303,Arjun Kumar,Mumbai,Tamil Nadu,East,Home & Kitchen,Cookware,Cookware Product 4,5.0,1873.16,0.0,294.04
ORD104544,2025-02-04,CUST1944,Anjali Mehta,Ahmedabad,Tamil Nadu,South,Home & Kitchen,Cookware,Cookware Product 7,5.0,868.39,0.15,46.09
ORD103809,2025-01-07,CUST1209,Vikas Yadav,Ahmedabad,Rajasthan,South,Furniture,Tables,Tables Product 22,4.0,641.19,0.15,131.66
ORD100664,2024-05-28,CUST1664,Rohit Agarwal,Chennai,Tamil Nadu,West,Clothing,Footwear,Footwear Product 19,7.0,1047.35,0.2,10.98
ORD101177,2024-03-24,CUST2177,Anjali Mehta,Mumbai,Karnataka,South,Clothing,Men,Men Product 29,,1350.28,0.1,286.98
ORD102676,2024-08-21,CUST1276,Pooja Singh,Mumbai,Tamil Nadu,South,Clothing,Women,Women Product 1,2.0,1611.88,0.1,189.56
ORD101947,2025-08-27,CUST1747,Aman Sharma,Chennai,Maharashtra,East,Sports,Fitness,Fitness Product 5,5.0,1153.62,0.05,55.08
ORD102501,2024-10-10,CUST1101,Vikas Yadav,Kolkata,Delhi,East,Electronics,Accessories,Accessories Product 29,5.0,5294.84,0.3,
ORD101473,2024-09-30,CUST1273,Neha Verma,Delhi,Uttar Pradesh,East,Furniture,Chairs,Chairs Product 16,7.0,1298.09,0.05,77.46
ORD103542,2024-06-11,CUST2142,Rohit Agarwal,Bengaluru,Uttar Pradesh,East,Sports,Outdoor,Outdoor Product 2,3.0,2065.56,0.2,41.81
ORD104385,2024-09-27,CUST1785,Arjun Kumar,Delhi,Gujarat,West,Home & Kitchen,Bedding,Bedding Product 30,7.0,1204.39,0.0,63.28
ORD102132,2025-02-23,CUST1932,Anjali Mehta,Mumbai,Maharashtra,South,Home & Kitchen,Appliances,Appliances Product 20,1.0,1745.96,0.3,257.18
ORD101026,2024-03-18,CUST2026,Aman Sharma,Delhi,Karnataka,West,Electronics,Accessories,Accessories Product 7,2.0,2280.23,0.05,613.42
ORD102989,2024-09-03,CUST1589,Aman Sharma,Mumbai,Delhi,South,Furniture,Chairs,Chairs Product 23,7.0,444.62,0.0,98.08
ORD100961,2025-03-16,CUST1961,Arjun Kumar,Delhi,West Bengal,North,Sports,Outdoor,Outdoor Product 6,5.0,774.7,0.15,126.09
ORD102889,2024-04-07,CUST1489,Arjun Kumar,Jaipur,Karnataka,South,Electronics,Laptops,Laptops Product 20,4.0,760.52,0.15,188.04
ORD103187,2025-02-09,CUST1787,,Kolkata,Tamil Nadu,East,Sports,Outdoor,Outdoor Product 24,4.0,696.09,0.15,151.85
ORD102009,2024-12-01,CUST1809,Aman Sharma,Jaipur,Karnataka,North,Sports,Outdoor,Outdoor Product 30,7.0,1308.71,0.4,-111.72
ORD102149,2024-11-07,CUST1949,Priya Gupta,Chennai,West Bengal,East,Home & Kitchen,Decor,Decor Product 21,2.0,2175.96,0.05,235.99
ORD103379,2025-03-15,CUST1979,Priya Gupta,ahmedabad,Rajasthan,East,Electronics,Accessories,Accessories Product 11,6.0,723.87,0.2,158.99
ORD102338,2025-08-16,CUST2138,Arjun Kumar,Bengaluru,Delhi,East,Clothing,Men,Men Product 20,4.0,2809.57,0.15,374.88
ORD103953,2024-09-03,CUST1353,Aman Sharma,Kolkata,Uttar Pradesh,North,Electronics,Phones,Phones Product 5,3.0,2080.0,0.05,474.46
ORD100304,09/06/2024,CUST1304,Pooja Singh,Kolkata,West Bengal,West,Electronics,Laptops,,5.0,2048.78,0.1,110.35
ORD101440,2025-03-18,CUST1240,Neha Verma,Bengaluru,Uttar Pradesh,East,Furniture,,Beds Product 3,2.0,1059.26,0.15,119.85
ORD101496,2025-10-31,CUST1296,Sneha Joshi,Kolkata,Tamil Nadu,West,Electronics,Audio,Audio Product 8,1.0,2984.56,0.0,850.2
ORD102652,2024-12-27,CUST1252,Arjun Kumar,Ahmedabad,Karnataka,North,Clothing,Kids,Kids Product 27,1.0,2788.84,0.2,492.16
ORD102875,2025-08-20,CUST1475,Aman Sharma,Agra,Rajasthan,East,Electronics,Phones,Phones Product 26,1.0,1600.46,0.4,128.34
ORD100916,2024-02-03,CUST1916,Priya Gupta,Mumbai,Delhi,North,Furniture,Chairs,Chairs Product 27,1.0,2305.46,0.3,102.9
ORD104212,2025-06-08,CUST1612,Vikas Yadav,Mumbai,Maharashtra,West,Furniture,Storage,Storage Product 4,4.0,1655.91,0.4,-115.3
ORD103783,2024-04-28,CUST1183,Rahul Singh,Chennai,Gujarat,North,Home & Kitchen,Bedding,Bedding Product 9,5.0,1159.25,0.3,203.32
ORD102772,2025-09-16,CUST1372,Rohit Agarwal,Kolkata,Tamil Nadu,North,Clothing,Footwear,Footwear Product 26,2.0,1008.48,0.1,252.24
ORD101624,2025-01-28,CUST1424,Vikas Yadav,Bengaluru,Uttar Pradesh,South,Sports,Fitness,Fitness Product 20,3.0,1065.86,0.2,78.3
ORD104562,2025-09-25,CUST1962,Neha Verma,Bengaluru,Tamil Nadu,West,Clothing,Footwear,Footwear Product 23,1.0,2774.16,0.2,504.27
ORD100821,2024-12-25,CUST1821,Vikas Yadav,Chennai,Rajasthan,South,Electronics,Accessories,Accessories Product 8,1.0,2425.59,0.15,194.99
ORD103355,2024-10-16,CUST1955,Anjali Mehta,Mumbai,Karnataka,East,Home & Kitchen,Bedding,Bedding Product 4,5.0,427.94,0.1,41.09
ORD101354,2024-02-24,CUST1154,Vikas Yadav,Chennai,West Bengal,West,Home & Kitchen,Decor,Decor Product 24,4.0,1188.02,0.1,145.64
ORD104528,2024-03-16,CUST1928,Sneha Joshi,Jaipur,Delhi,East,Electronics,Audio,Audio Product 27,7.0,279.04,0.4,-24.34
ORD100850,2024-02-16,CUST1850,Rohit Agarwal,Mumbai,Gujarat,East,Sports,Outdoor,Outdoor Product 17,7.0,524.86,0.2,83.22
ORD101000,2024-11-24,CUST2000,Sneha Joshi,Ahmedabad,Rajasthan,North,Sports,Cricket,Cricket Product 25,4.0,2044.62,0.1,89.39
ORD103434,2024-04-18,CUST2034,Pooja Singh,Bengaluru,Gujarat,South,Clothing,Footwear,Footwear Product 27,4.0,1447.24,0.3,274.17
ORD100018,2025-10-23,CUST1018,Pooja Singh,Delhi,Gujarat,East,Clothing,Men,Men Product 26,2.0,656.91,0.1,21.87
ORD101637,2024-08-11,CUST1437,Aman Sharma,Chennai,Delhi,North,Electronics,Audio,Audio Product 1,7.0,1323.2,0.1,222.76
ORD101667,2025-12-31,CUST1467,Anjali Mehta,Chennai,Tamil Nadu,South,Electronics,Laptops,Laptops Product 3,7.0,514.56,0.3,23.09
ORD100493,2025-05-11,CUST1493,Rahul Singh,Delhi,Maharashtra,South,Electronics,Accessories,Accessories Product 28,7.0,1293.61,0.0,205.26
ORD101347,2025-05-26,CUST1147,Rahul Singh,Jaipur,Uttar Pradesh,East,Clothing,Kids,Kids Product 14,5.0,1124.19,0.15,213.9
ORD103018,2025-08-10,CUST1618,Rahul Singh,Jaipur,Karnataka,South,Home & Kitchen,Bedding,Bedding Product 23,6.0,731.22,0.0,166.49
ORD103789,2025-11-28,CUST1189,Arjun Kumar,Jaipur,Gujarat,South,Sports,Fitness,Fitness Product 17,5.0,2037.42,0.2,123.17
ORD104031,2024-07-11,CUST1431,Rahul Singh,Bengaluru,Gujarat,South,Clothing,Kids,Kids Product 1,6.0,2335.66,0.2,322.46
ORD103676,2025-10-20,CUST1076,Rohit Agarwal,Ahmedabad,West Bengal,East,Furniture,Storage,Storage Product 23,3.0,2044.02,0.05,228.84
ORD103540,2024-02-26,CUST2140,Anjali Mehta,Bengaluru,Karnataka,South,Home & Kitchen,Bedding,Bedding Product 8,1.0,1728.67,0.2,227.48
ORD100687,2024-01-12,CUST1687,Anjali Mehta,Chennai,West Bengal,North,Electronics,Audio,Audio Product 12,5.0,1754.59,0.1,324.61
ORD103793,2025-11-29,CUST1193,Sneha Joshi,Bengaluru,West Bengal,West,Furniture,Tables,Tables Product 20,6.0,414.64,0.15,76.97
ORD101608,2024-12-28,CUST1408,Vikas Yadav,Jaipur,Rajasthan,North,Sports,Cricket,Cricket Product 21,1.0,1124.07,0.05,117.48
ORD104121,2025-01-16,CUST1521,Rohit Agarwal,Jaipur,Rajasthan,North,Home & Kitchen,,Cookware Product 3,2.0,1334.33,0.1,101.82
ORD103459,2025-06-03,CUST2059,Vikas Yadav,Chennai,Delhi,West,Sports,Outdoor,Outdoor Product 15,5.0,1462.04,0.0,187.05
ORD101009,2025-01-10,CUST2009,Priya Gupta,Agra,Rajasthan,North,Electronics,Accessories,Accessories Product 7,4.0,2483.72,0.0,346.32
ORD102408,2024-11-24,CUST1008,Priya Gupta,Chennai,Maharashtra,East,Sports,Fitness,Fitness Product 3,2.0,2611.4,0.15,374.77
ORD101092,2025-02-14,CUST2092,Neha Verma,Ahmedabad,Gujarat,East,Furniture,Chairs,Chairs Product 25,3.0,1350.87,0.05,92.68
ORD101327,2025-09-01,CUST1127,Neha Verma,Delhi,,East,Clothing,Footwear,,1.0,2698.41,0.3,37.69
ORD101677,2024-11-01,CUST1477,Arjun Kumar,Agra,Tamil Nadu,South,Electronics,Phones,Phones Product 2,4.0,1417.35,0.05,258.18
ORD101999,2024-07-02,CUST1799,Arjun Kumar,Jaipur,West Bengal,East,Electronics,Accessories,Accessories Product 7,3.0,1368.61,0.1,247.1
ORD101310,2024-02-11,CUST1110,Aman Sharma,Chennai,Uttar Pradesh,North,Home & Kitchen,Decor,Decor Product 20,3.0,1234.87,0.1,76.95
ORD103313,2024-09-24,CUST1913,Neha Verma,Chennai,Gujarat,West,Clothing,Kids,Kids Product 24,1.0,509.21,0.05,136.14
ORD101987,2025-05-04,CUST1787,Vikas Yadav,Jaipur,Uttar Pradesh,West,Furniture,Tables,Tables Product 15,1.0,1375.21,0.05,194.84
ORD103710,2025-10-13,CUST1110,Rohit Agarwal,Delhi,Maharashtra,West,Furniture,Storage,Storage Product 27,3.0,3237.27,0.15,244.49
ORD100344,2025-04-21,CUST1344,Sneha Joshi,Jaipur,Maharashtra,East,Furniture,Beds,Beds Product 30,3.0,1366.11,0.2,217.95
ORD104216,2025-12-16,CUST1616,Sneha Joshi,Jaipur,Delhi,South,Home & Kitchen,Decor,Decor Product 2,5.0,,0.4,-99.45
ORD100986,2024-09-15,CUST1986,Sneha Joshi,Bengaluru,Gujarat,East,Furniture,Beds,Beds Product 19,7.0,3319.71,0.2,254.05
ORD103915,2024-08-22,CUST1315,Neha Verma,Ahmedabad,Maharashtra,North,Sports,Outdoor,Outdoor Product 15,7.0,1117.17,0.0,233.41
ORD103869,2024-03-08,CUST1269,Anjali Mehta,Delhi,Maharashtra,South,Clothing,Footwear,,1.0,1450.95,0.2,185.57
ORD104343,2024-09-14,CUST1743,Vikas Yadav,Kolkata,Tamil Nadu,West,Sports,Fitness,Fitness Product 4,1.0,1239.37,0.1,237.32
ORD104069,2024-09-27,CUST1469,Anjali Mehta,Ahmedabad,Maharashtra,West,Clothing,Women,Women Product 12,7.0,787.37,0.1,66.25
ORD103143,2024-09-24,CUST1743,Neha Verma,Ahmedabad,West Bengal,North,Sports,Cricket,Cricket Product 1,6.0,1124.85,0.0,171.75
ORD104657,2025-06-01,CUST2057,Rohit Agarwal,Kolkata,Delhi,East,Home & Kitchen,Decor,Decor Product 7,7.0,1727.08,0.1,257.87
ORD101142,2024-11-04,CUST2142,Rohit Agarwal,Mumbai,Rajasthan,West,Furniture,Storage,Storage Product 5,1.0,1199.88,0.15,192.52
ORD102358,2024-09-09,CUST2158,Sneha Joshi,Ahmedabad,West Bengal,North,Home & Kitchen,Decor,Decor Product 26,1.0,908.37,0.15,220.63
ORD101198,2025-03-04,CUST2198,Anjali Mehta,Jaipur,Tamil Nadu,East,Clothing,Women,Women Product 25,7.0,1163.6,0.1,52.98
ORD100085,2025-12-02,CUST1085,Arjun Kumar,Chennai,Delhi,West,Sports,Cycling,Cycling Product 29,1.0,2313.74,0.1,325.88
ORD101518,2024-06-01,CUST1318,Aman Sharma,Jaipur,Rajasthan,East,Furniture,Storage,Storage Product 4,6.0,2112.91,0.15,17.17
ORD100516,2025-05-13,CUST1516,Rohit Agarwal,Ahmedabad,West Bengal,South,Clothing,Footwear,Footwear Product 22,2.0,492.83,0.1,127.3
ORD101381,2024-02-11,CUST1181,Priya Gupta,Jaipur,Delhi,West,Furniture,Storage,Storage Product 3,2.0,1717.63,0.15,156.44
ORD102716,2024-12-01,CUST1316,Neha Verma,Bengaluru,Karnataka,South,Furniture,Beds,Beds Product 21,1.0,3552.82,0.1,410.44
ORD104443,2025-11-24,CUST1843,Anjali Mehta,Delhi,Maharashtra,North,Home & Kitchen,Bedding,Bedding Product 29,1.0,645.93,0.05,113.79
ORD101014,2025-05-27,CUST2014,Vikas Yadav,Delhi,Uttar Pradesh,West,Furniture,Chairs,Chairs Product 25,3.0,1554.84,0.15,188.4
ORD100128,2025-06-30,CUST1128,Vikas Yadav,Delhi,Uttar Pradesh,South,Furniture,Beds,Beds Product 19,5.0,1853.05,0.0,369.11
ORD101364,2024-08-31,CUST1164,Aman Sharma,Chennai,Maharashtra,North,Clothing,,Women Product 10,7.0,2364.93,0.05,447.04
ORD103685,2024-07-16,CUST1085,Anjali Mehta,Delhi,Uttar Pradesh,East,Clothing,Footwear,Footwear Product 23,5.0,1827.86,0.15,446.59
ORD104145,2025-07-13,CUST1545,Anjali Mehta,Chennai,Delhi,North,Electronics,Phones,Phones Product 22,7.0,2174.08,0.15,392.46
ORD100891,2025-09-22,CUST1891,Priya Gupta,Kolkata,Gujarat,,Furniture,Storage,Storage Product 23,5.0,812.69,0.05,39.19
ORD102793,2024-11-08,CUST1393,Neha Verma,Delhi,Tamil Nadu,North,Electronics,Laptops,Laptops Product 29,6.0,3501.54,0.0,690.97
ORD104238,2025-05-14,CUST1638,Sneha Joshi,Kolkata,Uttar Pradesh,West,Clothing,Kids,Kids Product 26,5.0,939.66,0.4,-54.0
ORD101359,2024-11-07,CUST1159,Aman Sharma,Kolkata,Tamil Nadu,South,Electronics,Accessories,Accessories Product 20,1.0,1814.57,0.1,252.42
ORD100307,2024-10-03,CUST1307,Arjun Kumar,Kolkata,Uttar Pradesh,East,Furniture,Beds,Beds Product 24,7.0,2820.74,0.15,470.97
ORD101661,2024-02-06,CUST1461,Rohit Agarwal,Agra,Gujarat,South,Furniture,Tables,Tables Product 6,1.0,658.72,0.05,146.52
ORD102431,2025-12-03,CUST1031,Rohit Agarwal,Bengaluru,Rajasthan,East,Sports,Outdoor,Outdoor Product 18,1.0,471.41,0.1,52.59
ORD103999,2024-05-08,CUST1399,Sneha Joshi,Agra,Gujarat,East,Sports,Fitness,Fitness Product 21,6.0,1333.79,0.1,80.13
ORD101317,2025-01-12,CUST1117,Anjali Mehta,,Rajasthan,West,Sports,Fitness,Fitness Product 17,4.0,1564.82,0.1,285.22
ORD104334,2024-03-13,CUST1734,Neha Verma,Chennai,Tamil Nadu,North,Furniture,Tables,Tables Product 29,4.0,1201.84,0.2,248.56
ORD102474,2025-06-29,CUST1074,,Agra,Maharashtra,North,Furniture,Beds,Beds Product 10,7.0,497.49,0.1,123.57
ORD102542,2024-12-15,CUST1142,Rohit Agarwal,Mumbai,Karnataka,East,Electronics,Laptops,Laptops Product 29,2.0,624.08,0.3,
ORD101246,2025-03-27,CUST1046,Arjun Kumar,Chennai,West Bengal,North,Electronics,Laptops,Laptops Product 23,1.0,2241.41,0.1,425.09
ORD101208,2024-07-12,CUST1008,Vikas Yadav,Jaipur,Rajasthan,South,Electronics,Audio,Audio Product 13,1.0,1096.13,0.15,205.51
ORD100216,2024-08-12,CUST1216,Neha Verma,Jaipur,Karnataka,North,Clothing,Men,Men Product 24,4.0,564.47,0.15,14.31
ORD104323,2024-05-27,CUST1723,Anjali Mehta,Mumbai,Uttar Pradesh,South,Home & Kitchen,Bedding,Bedding Product 23,3.0,901.45,0.1,19.56
ORD103114,2025-03-12,CUST1714,Anjali Mehta,Jaipur,Karnataka,North,Electronics,Accessories,Accessories Product 21,2.0,869.29,0.3,-12.56
ORD101239,2025-02-21,CUST1039,Rohit Agarwal,Kolkata,Maharashtra,West,Furniture,Tables,Tables Product 13,4.0,3295.53,,121.05
ORD102289,2024-10-05,CUST2089,Rohit Agarwal,Mumbai,Gujarat,South,Electronics,Accessories,Accessories Product 24,1.0,1018.71,0.2,192.15
ORD102740,2024-12-15,CUST1340,Priya Gupta,Kolkata,Rajasthan,East,Home & Kitchen,Bedding,Bedding Product 26,6.0,1099.83,0.05,68.69
ORD100275,2024-01-09,CUST1275,Pooja Singh,Jaipur,West Bengal,East,Furniture,Tables,Tables Product 22,6.0,1781.43,0.2,177.06
ORD100489,2025-05-30,CUST1489,Pooja Singh,Jaipur,Uttar Pradesh,South,Home & Kitchen,Cookware,Cookware Product 13,6.0,1355.82,0.1,108.96
ORD101035,2024-10-21,CUST2035,Rohit Agarwal,Kolkata,Rajasthan,North,Home & Kitchen,Bedding,Bedding Product 7,7.0,1862.16,0.15,137.64
ORD101229,2025-03-18,CUST1029,Arjun Kumar,Ahmedabad,Delhi,East,Sports,Cricket,Cricket Product 15,2.0,1319.43,0.05,81.44
ORD104616,2025-06-12,CUST2016,Sneha Joshi,Kolkata,West Bengal,South,Furniture,Storage,Storage Product 6,4.0,2683.24,0.0,633.91
ORD101008,2024-11-29,CUST2008,Priya Gupta,Jaipur,Karnataka,North,Electronics,Laptops,Laptops Product 27,7.0,1175.94,0.05,290.84
ORD104739,2024-02-09,CUST2139,Sneha Joshi,Agra,Gujarat,West,Sports,Fitness,Fitness Product 22,4.0,128.38,0.15,23.51
ORD104719,2024-09-21,CUST2119,Priya Gupta,Chennai,Tamil Nadu,West,Clothing,Men,Men Product 1,2.0,1367.05,0.1,115.14
ORD104531,2025-12-26,CUST1931,Arjun Kumar,Bengaluru,Tamil Nadu,East,Sports,Outdoor,Outdoor Product 7,5.0,2804.02,0.1,502.15
ORD102532,2025-03-11,CUST1132,Vikas Yadav,Chennai,Tamil Nadu,West,Sports,Cricket,Cricket Product 12,3.0,4860.63,0.05,229.72
ORD104802,2024-08-17,CUST1002,Rahul Singh,Bengaluru,Tamil Nadu,South,Home & Kitchen,Cookware,Cookware Product 10,7.0,1121.94,0.1,145.19
ORD101058,2025-05-14,CUST2058,Pooja Singh,Agra,Karnataka,West,Sports,Cricket,Cricket Product 10,5.0,1370.45,0.15,207.42
ORD102166,2024-08-07,CUST1966,Pooja Singh,Agra,Karnataka,East,Sports,Outdoor,Outdoor Product 21,3.0,1248.17,0.15,197.72
ORD104129,2024-07-31,CUST1529,Rohit Agarwal,Ahmedabad,Maharashtra,East,Sports,Cricket,Cricket Product 5,6.0,3535.59,0.1,728.05
ORD103693,2024-08-05,CUST1093,Anjali Mehta,Bengaluru,Maharashtra,North,Clothing,Women,Women Product 22,2.0,2777.26,0.05,313.96
ORD100281,2025-02-07,CUST1281,Rohit Agarwal,Jaipur,Uttar Pradesh,East,Clothing,Men,Men Product 16,7.0,933.87,0.2,20.34
ORD103625,2024-07-01,CUST1025,Sneha Joshi,Mumbai,Uttar Pradesh,East,Furniture,Beds,Beds Product 1,4.0,780.49,0.05,177.95
ORD101316,2024-06-01,CUST1116,Sneha Joshi,Jaipur,Uttar Pradesh,East,Electronics,Phones,Phones Product 1,7.0,573.07,0.3,17.87
ORD100794,2024-09-05,CUST1794,Rahul Singh,Agra,Karnataka,East,Electronics,Phones,Phones Product 30,1.0,1533.56,0.05,198.55
ORD100968,2024-10-26,CUST1968,,Mumbai,Uttar Pradesh,North,Furniture,Beds,Beds Product 26,7.0,627.75,0.1,92.54
ORD103179,2025-07-03,CUST1779,Sneha Joshi,Kolkata,Tamil Nadu,South,Furniture,Chairs,Chairs Product 16,4.0,1045.34,0.15,228.27
ORD103985,2025-08-25,CUST1385,Rohit Agarwal,Kolkata,Tamil Nadu,West,Furniture,Beds,Beds Product 22,1.0,1136.36,0.4,44.26
ORD103220,2024-02-18,CUST1820,Sneha Joshi,Delhi,Uttar Pradesh,West,Clothing,Kids,Kids Product 18,4.0,1637.11,0.3,253.48
ORD103848,2025-06-23,CUST1248,Rohit Agarwal,Mumbai,Maharashtra,East,Furniture,Storage,Storage Product 4,4.0,4797.86,0.1,986.74
ORD100619,2024-12-07,CUST1619,Pooja Singh,Ahmedabad,West Bengal,North,Sports,Fitness,Fitness Product 29,1.0,2154.28,0.15,317.42
ORD103289,2024-02-10,CUST1889,Arjun Kumar,Agra,Tamil Nadu,North,Electronics,Audio,Audio Product 14,4.0,1221.46,0.0,340.6
ORD101742,2025-11-16,CUST1542,Pooja Singh,Jaipur,Tamil Nadu,East,Electronics,Accessories,Accessories Product 7,3.0,3202.46,0.15,295.83
ORD101390,2025-04-22,CUST1190,Aman Sharma,,Maharashtra,West,Furniture,Tables,Tables Product 5,2.0,526.26,0.05,40.38
ORD104610,2025-03-26,CUST2010,Rohit Agarwal,Jaipur,West Bengal,North,Electronics,Phones,Phones Product 10,4.0,1034.93,0.15,3.69
ORD101847,2024-03-27,CUST1647,Arjun Kumar,Mumbai,Karnataka,East,Clothing,Kids,Kids Product 27,5.0,3471.7,,758.43
ORD101579,2025-08-24,CUST1379,Aman Sharma,Kolkata,Tamil Nadu,South,Furniture,Chairs,Chairs Product 22,6.0,1074.18,0.15,247.74
ORD101655,2024-08-20,CUST1455,Aman Sharma,Agra,Gujarat,North,Sports,Cricket,Cricket Product 26,4.0,2900.39,0.15,558.61
ORD102352,2025-07-31,CUST2152,Vikas Yadav,Jaipur,West Bengal,East,Sports,Outdoor,Outdoor Product 10,6.0,366.21,0.15,-0.47
ORD102212,2025-03-16,CUST2012,Neha Verma,Mumbai,Karnataka,West,Home & Kitchen,Decor,Decor Product 15,5.0,1873.24,0.05,253.06
ORD102020,2024-06-23,CUST1820,Anjali Mehta,Bengaluru,Maharashtra,South,Furniture,Beds,Beds Product 24,6.0,1210.27,0.2,243.67
ORD102468,2025-12-03,CUST1068,Sneha Joshi,Agra,West Bengal,North,Home & Kitchen,Bedding,Bedding Product 9,2.0,611.93,0.1,153.82
ORD101956,2024-10-10,CUST1756,Pooja Singh,Jaipur,Maharashtra,East,Clothing,Women,Women Product 4,3.0,3390.81,0.3,580.75
ORD101307,2024-03-15,CUST1107,Priya Gupta,Jaipur,Tamil Nadu,West,Clothing,Women,Women Product 4,7.0,1415.49,0.15,179.28
ORD102003,2025-03-03,CUST1803,Vikas Yadav,Kolkata,Uttar Pradesh,North,Home & Kitchen,Cookware,Cookware Product 10,3.0,226.85,0.0,20.96
ORD104486,2025-03-30,CUST1886,Rahul Singh,Agra,Rajasthan,South,Clothing,Women,Women Product 30,2.0,1119.0,0.05,222.86
ORD100575,2024-04-08,CUST1575,Sneha Joshi,Delhi,Tamil Nadu,South,Sports,Outdoor,Outdoor Product 30,6.0,866.14,0.05,105.93
ORD102360,2024-06-12,CUST2160,Rahul Singh,Chennai,Tamil Nadu,West,Clothing,Women,Women Product 4,2.0,1501.39,0.2,219.91
ORD104232,2025-01-09,CUST1632,Rohit Agarwal,Jaipur,Rajasthan,West,Furniture,Storage,Storage Product 18,6.0,1838.36,0.2,268.23
ORD104467,2024-07-03,CUST1867,Pooja Singh,Kolkata,Maharashtra,East,Sports,Cycling,Cycling Product 17,5.0,6091.84,0.0,489.43
ORD101706,2024-05-09,CUST1506,Priya Gupta,Mumbai,Karnataka,South,Clothing,Kids,Kids Product 9,1.0,930.07,0.05,252.47
ORD103804,2025-09-29,CUST1204,Sneha Joshi,Kolkata,Uttar Pradesh,South,Home & Kitchen,Decor,Decor Product 15,3.0,1322.83,0.0,345.95
ORD103529,2025-07-19,CUST2129,Vikas Yadav,Chennai,Maharashtra,North,Home & Kitchen,Appliances,Appliances Product 18,4.0,1238.35,,36.35
ORD101280,2025-08-15,CUST1080,Neha Verma,Mumbai,West Bengal,North,Home & Kitchen,Appliances,Appliances Product 23,4.0,2328.13,0.15,165.98
ORD100861,2024-09-13,CUST1861,Rahul Singh,Ahmedabad,West Bengal,East,Furniture,Storage,Storage Product 16,2.0,1090.38,,146.31
ORD104487,2025-09-12,CUST1887,Pooja Singh,Jaipur,West Bengal,East,Home & Kitchen,Bedding,Bedding Product 30,5.0,2536.09,0.1,378.15
ORD101801,2024-01-02,CUST1601,Vikas Yadav,Jaipur,Karnataka,South,Sports,Cycling,Cycling Product 22,1.0,1128.66,0.1,202.14
ORD101628,2025-10-31,CUST1428,Sneha Joshi,Kolkata,Maharashtra,West,Electronics,Phones,Phones Product 30,2.0,1376.03,0.15,100.46
ORD101993,2024-05-05,CUST1793,Rohit Agarwal,Chennai,Karnataka,East,Clothing,Men,Men Product 13,1.0,867.73,0.0,233.12
ORD102639,2025-12-03,CUST1239,Rohit Agarwal,Chennai,Rajasthan,East,Electronics,Accessories,Accessories Product 26,3.0,1127.36,0.05,305.53
ORD100269,2024-10-30,CUST1269,Priya Gupta,Ahmedabad,Gujarat,East,Sports,Outdoor,Outdoor Product 4,5.0,1829.09,0.2,220.4
ORD100629,2025-02-18,CUST1629,Anjali Mehta,Chennai,Karnataka,East,Electronics,Audio,Audio Product 16,3.0,834.59,0.05,134.97
ORD103081,2024-05-21,CUST1681,Priya Gupta,Kolkata,Gujarat,West, Home & Kitchen ,Cookware,Cookware Product 21,7.0,4443.67,0.15,87.18
ORD102334,2024-08-26,CUST2134,Aman Sharma,Mumbai,Karnataka,South,Furniture,Tables,Tables Product 2,3.0,1828.08,0.4,212.25
ORD102966,2024-05-08,CUST1566,Anjali Mehta,Agra,Gujarat,North,Furniture,Tables,Tables Product 24,3.0,649.61,0.1,27.4
ORD100300,2025-12-06,CUST1300,Aman Sharma,Kolkata,Tamil Nadu,South,Electronics,Accessories,Accessories Product 29,2.0,2239.67,0.1,190.26
ORD100459,2024-06-02,CUST1459,Anjali Mehta,Delhi,West Bengal,South,Electronics,Accessories,Accessories Product 23,2.0,1517.4,0.15,164.7
ORD101447,2025-09-11,CUST1247,Vikas Yadav,Delhi,Karnataka,East,Clothing,Men,Men Product 14,2.0,423.12,0.0,94.83
ORD101472,2024-05-20,CUST1272,Anjali Mehta,Kolkata,West Bengal,East,Electronics,Audio,Audio Product 5,5.0,930.25,0.2,115.1
ORD102046,2025-08-07,CUST1846,Anjali Mehta,Ahmedabad,Uttar Pradesh,South,Furniture,Beds,Beds Product 2,4.0,2861.65,0.15,205.25
ORD104258,2025-05-03,CUST1658,,Delhi,Delhi,West,Electronics,Phones,Phones Product 17,2.0,1195.34,0.2,64.11
ORD103826,2025-09-07,CUST1226,Sneha Joshi,Ahmedabad,Uttar Pradesh,East,Clothing,Men,Men Product 3,3.0,803.93,0.1,152.76
ORD102113,2024-04-26,CUST1913,Neha Verma,Kolkata,Rajasthan,West,Home & Kitchen,Bedding,Bedding Product 25,2.0,731.39,0.0,53.28
ORD100027,2025-04-04,CUST1027,Rohit Agarwal,Bengaluru,Gujarat,West,Furniture,Storage,Storage Product 16,3.0,2225.73,0.1,247.38
ORD103902,2025-08-20,CUST1302,Anjali Mehta,Kolkata,Rajasthan,West,Furniture,Storage,Storage Product 29,1.0,2671.44,0.1,352.93
ORD104553,2025-08-28,CUST1953,Neha Verma,Mumbai,Maharashtra,North,Sports,Fitness,Fitness Product 3,2.0,1912.0,0.3,111.19
ORD100837,2025-06-17,CUST1837,Priya Gupta,Delhi,Gujarat,North,Furniture,Chairs,Chairs Product 4,5.0,680.87,0.05,144.05
ORD103889,2024-09-04,CUST1289,Rohit Agarwal,Bengaluru,Maharashtra,West,Furniture,Beds,Beds Product 25,2.0,905.62,0.1,83.88
ORD103422,2024-03-08,CUST2022,Rahul Singh,Chennai,Maharashtra,East,Clothing,Kids,Kids Product 26,2.0,1317.19,0.3,250.45
ORD102008,2024-11-03,CUST1808,Sneha Joshi,Agra,Karnataka,South,Clothing,Kids,Kids Product 20,5.0,1454.41,0.15,232.33
ORD104942,2024-06-29,CUST1142,Vikas Yadav,Kolkata,Maharashtra,West,Home & Kitchen,Cookware,Cookware Product 8,6.0,3184.16,0.3,-170.52
ORD100503,2025-09-04,CUST1503,Aman Sharma,Ahmedabad,Delhi,South,Electronics,Phones,Phones Product 6,7.0,1388.15,0.0,310.3
ORD104696,2025-05-18,CUST2096,Sneha Joshi,Delhi,Maharashtra,East,Sports,Fitness,Fitness Product 4,7.0,2175.77,0.05,544.34
ORD104335,2025-04-25,CUST1735,Rahul Singh,Bengaluru,Rajasthan,West,Electronics,Accessories,Accessories Product 19,1.0,1049.6,0.05,89.52
ORD100380,2024-06-24,CUST1380,Rohit Agarwal,Jaipur,Delhi,South,Electronics,Accessories,Accessories Product 9,7.0,525.74,0.2,3.35
ORD101851,2024-08-30,CUST1651,Pooja Singh,Chennai,Maharashtra,South,Sports,Cricket,Cricket Product 5,4.0,3138.96,0.3,-158.22
ORD101525,2024-11-05,CUST1325,Rahul Singh,Bengaluru,Tamil Nadu,East,Home & Kitchen,Appliances,Appliances Product 13,1.0,707.49,0.1,155.89
ORD102365,2025-01-15,CUST2165,Neha Verma,Delhi,Delhi,East,Sports,Outdoor,Outdoor Product 26,5.0,2337.83,0.3,-97.11
ORD104321,2024-01-20,CUST1721,Vikas Yadav,Chennai,Rajasthan,East,Furniture,Beds,Beds Product 12,3.0,850.58,0.1,223.9
ORD103052,2025-10-01,CUST1652,Vikas Yadav,Agra,West Bengal,North,Clothing,Men,Men Product 13,4.0,1920.01,0.1,423.19
ORD102884,2025-05-28,CUST1484,Arjun Kumar,Jaipur,Maharashtra,East,Electronics,Audio,Audio Product 12,7.0,1114.97,0.0,96.81
ORD102340,2024-06-06,CUST2140,Pooja Singh,Mumbai,West Bengal,East,Electronics,Audio,Audio Product 24,5.0,2001.29,0.3,302.7
ORD100374,2024-06-03,CUST1374,Sneha Joshi,Mumbai,Gujarat,East,Electronics,Accessories,Accessories Product 8,6.0,3660.66,0.1,73.1
ORD104575,2024-05-26,CUST1975,Rahul Singh,Agra,West Bengal,West,Clothing,Men,Men Product 22,5.0,905.81,0.15,124.43
ORD102381,2025-10-14,CUST2181,Aman Sharma,Bengaluru,Maharashtra,West,Furniture,Beds,Beds Product 12,4.0,2984.61,0.2,272.6
ORD104340,2024-04-09,CUST1740,Rohit Agarwal,Chennai,Delhi,West,Home & Kitchen,Appliances,Appliances Product 11,4.0,1797.75,0.0,479.24
ORD100939,2024-12-15,CUST1939,Pooja Singh,Delhi,West Bengal,South,Furniture,Chairs,Chairs Product 16,3.0,993.09,0.2,155.36
ORD103914,2025-05-07,CUST1314,Anjali Mehta,Agra,Gujarat,North,Sports,Outdoor,Outdoor Product 4,1.0,4569.76,0.05,1204.82
ORD104195,2025-01-03,CUST1595,Rahul Singh,Chennai,Maharashtra,North,Home & Kitchen,Bedding,Bedding Product 22,5.0,1135.88,0.1,
ORD102799,2025-07-22,CUST1399,Anjali Mehta,Ahmedabad,Rajasthan,East, Furniture ,Beds,Beds Product 19,3.0,1054.0,0.15,19.43
ORD102147,2024-06-07,CUST1947,Priya Gupta,Ahmedabad,West Bengal,South,Sports,Cycling,Cycling Product 3,1.0,1196.21,0.05,306.73
ORD103880,2025-07-12,CUST1280,Sneha Joshi,Kolkata,Delhi,South,Home & Kitchen,Cookware,Cookware Product 17,4.0,321.13,0.05,35.19
ORD104571,2025-11-09,CUST1971,Neha Verma,Jaipur,Tamil Nadu,North,Furniture,Chairs,Chairs Product 8,6.0,892.83,0.0,246.31
ORD104246,2024-10-09,CUST1646,Priya Gupta,Ahmedabad,West Bengal,South,Furniture,Storage,Storage Product 22,4.0,2402.7,0.4,-154.66
ORD102068,2024-12-30,CUST1868,Arjun Kumar,Chennai,Gujarat,South,Clothing,Footwear,Footwear Product 28,6.0,1508.04,0.2,226.17
ORD100529,2024-03-15,CUST1529,Anjali Mehta,Mumbai,Gujarat,East,Electronics,Accessories,Accessories Product 18,6.0,569.9,0.4,16.85
ORD103792,2025-11-12,CUST1192,Aman Sharma,Jaipur,Delhi,North,Electronics,Audio,Audio Product 15,3.0,1162.5,0.1,59.02
ORD100636,2024-02-08,CUST1636,Rahul Singh,Chennai,Delhi,North,Electronics,Accessories,Accessories Product 14,4.0,6407.31,0.0,
ORD101269,2024-04-28,CUST1069,Aman Sharma,Agra,Tamil Nadu,North,Electronics,Accessories,Accessories Product 29,2.0,1002.0,,88.68
ORD100185,2025-10-10,CUST1185,Vikas Yadav,Bengaluru,Tamil Nadu,North,Home & Kitchen,Bedding,Bedding Product 15,2.0,1226.01,0.05,267.09
ORD103881,2024-06-07,CUST1281,Pooja Singh,,Uttar Pradesh,South,Sports,Fitness,Fitness Product 8,7.0,1159.22,0.15,36.62
ORD103405,2024-05-04,CUST2005,Pooja Singh,Bengaluru,West Bengal,East,Electronics,Audio,Audio Product 12,1.0,1026.47,0.15,196.64
ORD104614,2024-07-11,CUST2014,Rohit Agarwal,Agra,West Bengal,East,Sports,Cycling,Cycling Product 27,2.0,1892.53,0.15,103.82
ORD101797,2025-10-21,CUST1597,Sneha Joshi,Jaipur,Uttar Pradesh,South,Clothing,Men,Men Product 25,5.0,1341.09,0.1,119.38
ORD102979,2025-07-28,CUST1579,Rahul Singh,Mumbai,Rajasthan,South,Clothing,Kids,Kids Product 13,4.0,2354.56,0.0,667.21
ORD101441,2025-05-04,CUST1241,Rohit Agarwal,Kolkata,Tamil Nadu,East,Home & Kitchen,Cookware,Cookware Product 1,2.0,450.25,0.05,83.14
ORD103484,2025-06-12,CUST2084,Rohit Agarwal,Jaipur,West Bengal,South,Home & Kitchen,Cookware,Cookware Product 6,7.0,719.41,0.2,147.73
ORD104909,2025-01-09,CUST1109,Rohit Agarwal,Agra,Karnataka,West,Furniture,Beds,Beds Product 22,5.0,1072.16,0.05,92.97
ORD101535,2025-05-31,CUST1335,Pooja Singh,Jaipur,Gujarat,East,Electronics,Laptops,Laptops Product 1,3.0,780.71,0.2,170.88
ORD103688,2025-11-21,CUST1088,Neha Verma,Jaipur,Tamil Nadu,East,Electronics,Audio,Audio Product 13,6.0,880.27,0.15,110.86
ORD103188,2024-03-16,CUST1788,Pooja Singh,Jaipur,West Bengal,East,Home & Kitchen,Decor,Decor Product 21,2.0,3528.06,0.1,119.64
ORD101273,2024-09-12,CUST1073,Vikas Yadav,Ahmedabad,West Bengal,East,Sports,Fitness,Fitness Product 15,7.0,1785.41,0.2,312.85
ORD102467,2025-01-29,CUST1067,Sneha Joshi,Kolkata,Maharashtra,South,Home & Kitchen,Bedding,Bedding Product 21,7.0,4407.67,0.1,791.21
ORD100607,2024-06-18,CUST1607,Neha Verma,Ahmedabad,Gujarat,North,Furniture,Tables,Tables Product 9,2.0,3189.92,0.3,109.95
ORD104762,2024-07-13,CUST2162,Arjun Kumar,Chennai,Karnataka,West,Sports,Outdoor,Outdoor Product 20,4.0,1457.69,0.15,155.85
ORD101712,2025-12-07,CUST1512,Neha Verma,Bengaluru,Karnataka,East,Electronics,Laptops,Laptops Product 3,6.0,1231.29,0.0,106.86
ORD102199,2025-09-22,CUST1999,Vikas Yadav,Chennai,Gujarat,West,Clothing,Footwear,Footwear Product 1,3.0,1965.05,0.1,153.59
ORD100955,2024-01-04,CUST1955,Sneha Joshi,Bengaluru,Gujarat,East,Furniture,Tables,Tables Product 7,4.0,1572.05,0.05,374.23
ORD102579,2025-06-05,CUST1179,Arjun Kumar,Chennai,Maharashtra,South,Sports,Cricket,Cricket Product 19,4.0,2677.32,0.05,557.98
ORD104093,2025-11-30,CUST1493,Rohit Agarwal,Delhi,Karnataka,East,Electronics,Laptops,Laptops Product 4,3.0,2841.46,0.1,76.64
ORD104456,2024-09-08,CUST1856,Aman Sharma,Agra,Gujarat,West,Sports,Cricket,Cricket Product 10,6.0,447.82,0.2,55.22
ORD103437,2024-12-06,CUST2037,Anjali Mehta,Jaipur,West Bengal,South,Sports,Outdoor,Outdoor Product 16,4.0,1447.2,0.15,208.67
ORD103747,2025-03-13,CUST1147,Anjali Mehta,Kolkata,Rajasthan,South,Furniture,Beds,Beds Product 6,3.0,1155.91,0.15,224.33
ORD100403,2025-07-28,CUST1403,Priya Gupta,Ahmedabad,Rajasthan,West,Electronics,Phones,Phones Product 19,1.0,1314.39,0.0,376.21
ORD102071,2024-12-09,CUST1871,Arjun Kumar,,West Bengal,East,Home & Kitchen,Appliances,Appliances Product 24,3.0,956.48,0.15,112.71
ORD104789,2025-08-13,CUST2189,Neha Verma,Agra,Tamil Nadu,East,Electronics,Phones,Phones Product 17,3.0,1067.45,0.05,273.63
ORD101977,2024-01-01,CUST1777,Pooja Singh,Mumbai,Tamil Nadu,North,Electronics,Accessories,Accessories Product 19,1.0,1624.92,0.2,336.3
ORD100158,2025-07-31,CUST1158,Aman Sharma,Ahmedabad,Maharashtra,,Sports,Cycling,Cycling Product 10,6.0,2535.67,0.15,324.12
ORD101748,2025-06-19,CUST1548,Rohit Agarwal,Delhi,Karnataka,East,Electronics,Laptops,Laptops Product 3,6.0,2154.32,0.3,243.05
ORD102909,2025-01-17,CUST1509,Vikas Yadav,Kolkata,Tamil Nadu,East,Clothing,Men,Men Product 12,1.0,2297.71,0.4,61.33
ORD103593,2025-10-17,CUST2193,Anjali Mehta,Chennai,West Bengal,North,Furniture,Beds,Beds Product 8,4.0,4215.09,0.05,1148.48
ORD100902,2024-05-24,CUST1902,Rahul Singh,Kolkata,Maharashtra,South,Electronics,Laptops,Laptops Product 26,4.0,2649.27,0.3,-85.91
ORD100352,2025-05-11,CUST1352,Sneha Joshi,Bengaluru,Uttar Pradesh,South,Furniture,Chairs,Chairs Product 4,1.0,692.53,0.15,122.18
ORD101230,2024-11-23,CUST1030,Priya Gupta,Agra,Karnataka,East,Electronics,Accessories,Accessories Product 21,1.0,742.41,0.2,163.27
ORD104702,2024-09-06,CUST2102,Pooja Singh,Agra,West Bengal,West,Clothing,Men,Men Product 18,1.0,1310.62,0.0,391.58
ORD102140,2024-12-15,CUST1940,Arjun Kumar,Mumbai,West Bengal,East,Sports,Cycling,Cycling Product 10,3.0,516.43,0.05,59.94
ORD100444,2025-05-27,CUST1444,Arjun Kumar,Agra,Uttar Pradesh,East,Electronics,Accessories,Accessories Product 19,6.0,959.9,0.15,226.54
ORD104983,2024-12-25,CUST1183,Pooja Singh,Mumbai,Rajasthan,West,Clothing,Kids,Kids Product 25,2.0,1774.76,0.15,28.34
ORD100754,2025-04-01,CUST1754,Anjali Mehta,Chennai,West Bengal,West,Sports,Cycling,Cycling Product 17,7.0,1512.2,0.2,331.33
ORD101737,2025-08-27,CUST1537,Aman Sharma,Jaipur,Delhi,West,Furniture,Tables,Tables Product 9,3.0,947.35,0.1,222.65
ORD102971,2025-09-04,CUST1571,Pooja Singh,Ahmedabad,Gujarat,East,Home & Kitchen,Decor,Decor Product 3,4.0,1366.24,0.15,203.47
ORD103021,2024-06-04,CUST1621,Vikas Yadav,Agra,West Bengal,North,Furniture,Beds,Beds Product 23,4.0,1880.67,0.4,217.83
ORD102920,2025-11-10,CUST1520,Arjun Kumar,Agra,Rajasthan,North,Electronics,Accessories,Accessories Product 21,4.0,1658.3,0.05,456.15
ORD100311,2024-07-13,CUST1311,Rohit Agarwal,Ahmedabad,West Bengal,North,Clothing,Kids,Kids Product 28,1.0,1118.27,0.15,145.81
ORD100548,2025-11-25,CUST1548,Arjun Kumar,Jaipur,Gujarat,North,Home & Kitchen,Bedding,Bedding Product 3,5.0,3453.48,0.4,306.79
ORD100661,2025-11-15,CUST1661,Rohit Agarwal,Kolkata,West Bengal,South,Sports,Cricket,Cricket Product 13,5.0,2098.96,0.2,33.96
ORD104795,2024-02-25,CUST2195,Vikas Yadav,Delhi,Karnataka,South,Clothing,Women,Women Product 26,1.0,1553.22,0.0,434.26
ORD101989,2025-11-23,CUST1789,Pooja Singh,Kolkata,Maharashtra,North,Home & Kitchen,Bedding,Bedding Product 3,7.0,249.91,0.1,25.86
ORD100306,2025-02-01,CUST1306,Vikas Yadav,Mumbai,Karnataka,East,Sports,Outdoor,Outdoor Product 13,4.0,1646.31,0.1,116.23
ORD102335,2025-07-14,CUST2135,Vikas Yadav,Kolkata,Rajasthan,South,Electronics,Audio,Audio Product 27,5.0,2694.05,0.05,598.47
ORD100694,2024-05-01,CUST1694,Pooja Singh,Delhi,Gujarat,North,Sports,Outdoor,Outdoor Product 8,4.0,2231.29,0.3,-60.24
ORD102356,2024-09-22,CUST2156,Sneha Joshi,Kolkata,Uttar Pradesh,East,Sports,Cricket,Cricket Product 9,2.0,2535.7,0.1,356.13
ORD101927,2024-05-09,CUST1727,Anjali Mehta,Jaipur,West Bengal,North,Electronics,Phones,Phones Product 29,2.0,1313.68,0.05,172.88
ORD100684,2024-09-15,CUST1684,Arjun Kumar,Mumbai,Uttar Pradesh,North,Sports,Cricket,Cricket Product 17,5.0,900.88,0.2,84.65
ORD100749,2025-04-02,CUST1749,Aman Sharma,Kolkata,Uttar Pradesh,North,Home & Kitchen,Bedding,Bedding Product 17,-4.0,539.36,0.05,66.0
ORD103548,2024-11-22,CUST2148,Anjali Mehta,Chennai,Tamil Nadu,West,Home & Kitchen,Bedding,Bedding Product 29,2.0,2300.46,0.2,385.35
ORD104538,2025-11-02,CUST1938,Rahul Singh,Kolkata,Maharashtra,East,Electronics,Phones,Phones Product 2,2.0,2452.12,0.4,156.55
ORD101266,2025-01-20,CUST1066,Neha Verma,Kolkata,Rajasthan,East,Furniture,Tables,Tables Product 18,7.0,909.98,0.05,89.19
ORD103340,2025-03-26,CUST1940,Neha Verma,Agra,Gujarat,North,Furniture,Chairs,Chairs Product 15,3.0,908.72,0.05,34.98
ORD103633,2025-07-19,CUST1033,,Mumbai,Maharashtra,South,Home & Kitchen,Decor,Decor Product 23,3.0,2107.08,0.15,516.05
ORD104454,2025-02-23,CUST1854,Sneha Joshi,Delhi,Gujarat,South,Sports,Fitness,Fitness Product 3,4.0,632.72,0.2,72.67
ORD104054,2024-05-11,CUST1454,Sneha Joshi,Delhi,Maharashtra,South,Sports,Cycling,Cycling Product 26,2.0,3315.64,0.0,940.55
ORD103083,2025-05-15,CUST1683,Priya Gupta,Agra,West Bengal,North,Electronics,Laptops,Laptops Product 6,4.0,2002.42,0.1,455.97
ORD103061,2024-11-08,CUST1661,Rahul Singh,Mumbai,Rajasthan,East,Home & Kitchen,Bedding,Bedding Product 23,5.0,3050.71,,581.33
ORD103025,2025-11-05,CUST1625,Anjali Mehta,Jaipur,West Bengal,South,Sports,Outdoor,Outdoor Product 25,5.0,4076.26,0.05,848.11
ORD100970,2024-11-21,CUST1970,Anjali Mehta,Ahmedabad,West Bengal,North,Clothing,Women,Women Product 5,6.0,804.65,0.4,5.87
ORD100013,2024-03-28,CUST1013,Rahul Singh,Jaipur,Maharashtra,North,Electronics,Audio,Audio Product 11,5.0,2718.46,0.15,563.15
ORD100873,2024-01-28,CUST1873,Sneha Joshi,Kolkata,Tamil Nadu,East,Furniture,Tables,Tables Product 12,2.0,499.24,0.15,75.64
ORD100808,2024-03-09,CUST1808,Rahul Singh,Chennai,Maharashtra,South,Electronics,Laptops,Laptops Product 20,1.0,600.46,0.1,48.57
ORD103198,2024-08-01,CUST1798,Aman Sharma,Chennai,Karnataka,North,Sports,Fitness,Fitness Product 18,1.0,2607.35,0.4,343.85
ORD100514,2024-10-28,CUST1514,Pooja Singh,Mumbai,Rajasthan,East,Home & Kitchen,Decor,Decor Product 3,7.0,2318.15,0.4,342.21
ORD104503,2024-02-21,CUST1903,Pooja Singh,Jaipur,Delhi,East,Home & Kitchen,Bedding,Bedding Product 22,3.0,512.06,0.05,20.44
ORD100409,2024-12-07,CUST1409,Sneha Joshi,Delhi,Maharashtra,North,Electronics,Phones,Phones Product 1,7.0,2315.82,0.3,46.76
ORD104509,2025-07-01,CUST1909,Rahul Singh,Agra,Karnataka,West,Furniture,Beds,Beds Product 22,1.0,1328.93,0.15,302.1
ORD104373,2024-06-24,CUST1773,Vikas Yadav,Ahmedabad,Gujarat,North,Electronics,Phones,Phones Product 7,6.0,302.85,0.1,58.33
ORD100207,2025-09-04,CUST1207,Priya Gupta,Ahmedabad,West Bengal,West,Clothing,Footwear,Footwear Product 25,3.0,1333.62,0.0,
ORD104404,2024-02-16,CUST1804,Rahul Singh,Mumbai,Uttar Pradesh,West,Sports,Cricket,Cricket Product 1,6.0,2021.21,0.05,407.08
ORD100458,2024-03-16,CUST1458,Sneha Joshi,Ahmedabad,Maharashtra,West,Clothing,Footwear,Footwear Product 23,6.0,1467.88,0.0,94.0
ORD104235,2025-08-17,CUST1635,Anjali Mehta,Mumbai,Tamil Nadu,East,Electronics,Accessories,Accessories Product 30,1.0,917.67,0.15,94.25
ORD102430,2025-09-19,CUST1030,Rohit Agarwal,Mumbai,Maharashtra,West,Furniture,Storage,Storage Product 19,5.0,924.48,0.15,88.18
ORD101962,2024-10-31,CUST1762,Vikas Yadav,Jaipur,Karnataka,South,Electronics,Audio,Audio Product 22,1.0,1153.75,0.1,92.55
ORD100110,2025-02-22,CUST1110,Vikas Yadav,Agra,Gujarat,East,Furniture,Storage,Storage Product 4,6.0,1067.32,0.1,204.89
ORD103808,2025-07-08,CUST1208,Pooja Singh,Mumbai,West Bengal,East,Clothing,Footwear,Footwear Product 18,5.0,1798.02,0.3,320.51
ORD101107,2024-12-28,CUST2107,Sneha Joshi,Delhi,Delhi,South,Clothing,Women,Women Product 23,1.0,540.36,0.0,83.9
ORD101883,2025-01-16,CUST1683,Sneha Joshi,Bengaluru,Uttar Pradesh,East,Clothing,Kids,Kids Product 9,1.0,678.11,0.1,76.68
ORD101713,2025-01-16,CUST1513,Arjun Kumar,Ahmedabad,Maharashtra,North,Sports,Cricket,Cricket Product 10,7.0,516.56,0.1,101.32
ORD104024,2025-02-07,CUST1424,Priya Gupta,Chennai,Rajasthan,South,Sports,Cycling,Cycling Product 9,2.0,931.19,0.1,190.44
ORD103456,2024-08-01,CUST2056,Vikas Yadav,Mumbai,West Bengal,West,Electronics,Accessories,Accessories Product 24,2.0,879.13,0.4,41.99
ORD100552,2024-09-29,CUST1552,Priya Gupta,Jaipur,Gujarat,East,Electronics,Accessories,Accessories Product 10,7.0,1049.08,0.15,30.37
ORD101439,2025-02-05,CUST1239,Rohit Agarwal,Mumbai,Rajasthan,South,Home & Kitchen,Cookware,Cookware Product 6,6.0,957.75,0.0,139.34
ORD102270,2025-03-28,CUST2070,Arjun Kumar,Chennai,Tamil Nadu,South,Sports,Fitness,Fitness Product 3,1.0,1752.22,0.1,412.95
ORD103144,2024-02-04,CUST1744,Vikas Yadav,Bengaluru,Tamil Nadu,West,Furniture,Chairs,Chairs Product 17,7.0,676.52,0.1,128.28
ORD102821,2024-08-15,CUST1421,Vikas Yadav,Bengaluru,Tamil Nadu,North,Sports,Outdoor,Outdoor Product 26,4.0,1214.91,0.3,158.67
ORD104815,2025-07-26,CUST1015,Rahul Singh,Agra,Karnataka,West,Clothing,Men,Men Product 20,7.0,477.33,0.1,21.61
ORD101925,2024-08-18,CUST1725,Vikas Yadav,Agra,Tamil Nadu,South,Furniture,Chairs,Chairs Product 13,1.0,2621.44,0.0,494.81
ORD100634,2025-12-14,CUST1634,Neha Verma,Mumbai,Tamil Nadu,North,Furniture,Storage,Storage Product 8,4.0,1534.42,0.0,307.86
ORD104839,2024-08-22,CUST1039,Aman Sharma,Delhi,Tamil Nadu,East,Furniture,Storage,Storage Product 1,4.0,1538.34,0.2,154.94
ORD100316,2025-04-04,CUST1316,,Agra,Karnataka,South,Electronics,Audio,Audio Product 26,6.0,1943.95,0.15,117.53
ORD104247,2024-05-19,CUST1647,Rahul Singh,Chennai,West Bengal,West,Home & Kitchen,Decor,Decor Product 27,6.0,961.58,0.05,155.9
ORD104732,2024-09-25,CUST2132,Anjali Mehta,Chennai,Rajasthan,West,Sports,Outdoor,Outdoor Product 6,5.0,4153.33,0.3,27.52
ORD101328,2024-09-24,CUST1128,Rahul Singh,,Gujarat,West,Furniture,Chairs,Chairs Product 28,6.0,1487.49,0.15,182.19
ORD100427,2025-01-04,CUST1427,Arjun Kumar,Kolkata,Maharashtra,North,Clothing,Men,Men Product 5,4.0,1364.83,0.05,209.57
ORD103431,2025-07-07,CUST2031,Rohit Agarwal,Ahmedabad,Tamil Nadu,West,Sports,Cricket,Cricket Product 12,5.0,2753.62,0.1,508.27
ORD100105,2024-05-18,CUST1105,Aman Sharma,Ahmedabad,Karnataka,East,Sports,Cricket,Cricket Product 3,6.0,2527.64,0.05,305.35
ORD103041,2024-09-28,CUST1641,Aman Sharma,Chennai,West Bengal,East,Sports,Cycling,Cycling Product 18,3.0,739.0,0.15,91.02
ORD100142,2025-07-28,CUST1142,Rohit Agarwal,Chennai,Karnataka,West,Sports,Cycling,Cycling Product 22,5.0,1798.01,0.4,146.51
ORD102169,2024-01-10,CUST1969,Rahul Singh,Mumbai,Karnataka,West,Clothing,Kids,Kids Product 19,7.0,224.22,0.1,12.04
ORD101084,2024-06-05,CUST2084,Aman Sharma,Delhi,Gujarat,North,Furniture,Storage,Storage Product 1,1.0,447.18,0.0,22.88
ORD100089,2024-12-03,CUST1089,Arjun Kumar,Chennai,Karnataka,,Clothing,Kids,Kids Product 3,4.0,859.06,0.3,44.86
ORD102918,2025-08-26,CUST1518,Pooja Singh,Delhi,Rajasthan,South, Sports ,Cycling,Cycling Product 22,4.0,802.4,0.15,198.08
ORD103237,2025-06-12,CUST1837,Priya Gupta,Jaipur,Uttar Pradesh,East,Sports,Cycling,Cycling Product 5,4.0,3665.91,0.2,380.11
ORD102241,2025-02-28,CUST2041,Aman Sharma,Jaipur,Uttar Pradesh,West,Sports,Fitness,Fitness Product 24,4.0,1082.26,0.1,37.45
ORD103174,2024-01-26,CUST1774,Rohit Agarwal,Ahmedabad,Tamil Nadu,South,Furniture,Storage,Storage Product 18,6.0,4052.88,,499.43
ORD103469,2024-09-23,CUST2069,Sneha Joshi,Chennai,Tamil Nadu,North,Furniture,Chairs,Chairs Product 19,3.0,1732.78,0.05,403.92
ORD102163,2024-04-27,CUST1963,,Kolkata,Maharashtra,West,Clothing,Men,Men Product 14,6.0,2884.24,0.05,738.15
ORD102636,2024-12-18,CUST1236,Pooja Singh,Delhi,Gujarat,North,Sports,Fitness,Fitness Product 29,6.0,1328.97,0.15,269.56
ORD101949,2024-09-13,CUST1749,Pooja Singh,Ahmedabad,West Bengal,West,Home & Kitchen,Cookware,Cookware Product 30,4.0,,0.15,46.19
ORD101768,2025-12-21,CUST1568,Priya Gupta,Kolkata,West Bengal,North,Home & Kitchen,Appliances,Appliances Product 8,1.0,1543.58,0.1,90.64
ORD103338,2024-07-06,CUST1938,Anjali Mehta,Mumbai,Maharashtra,South,Sports,Fitness,Fitness Product 15,1.0,531.26,0.2,105.16
ORD102272,2024-10-13,CUST2072,Anjali Mehta,Delhi,Gujarat,East,Electronics,Laptops,Laptops Product 11,1.0,1522.02,0.05,428.05
ORD100001,2025-03-11,CUST1001,Sneha Joshi,Chennai,Tamil Nadu,North,Sports,Fitness,Fitness Product 23,1.0,884.63,0.15,12.09
ORD103337,2024-01-30,CUST1937,Sneha Joshi,Chennai,West Bengal,North,Electronics,Accessories,Accessories Product 4,3.0,510.62,0.15,97.37
ORD104992,2024-02-18,CUST1192,Neha Verma,,Delhi,West,Home & Kitchen,Bedding,Bedding Product 16,6.0,,0.3,37.48
ORD101951,2024-10-02,CUST1751,Priya Gupta,Mumbai,Maharashtra,South,Home & Kitchen,Appliances,Appliances Product 12,6.0,4502.22,0.15,664.25
ORD100935,2025-08-04,CUST1935,Arjun Kumar,Mumbai,Delhi,South,Electronics,Audio,Audio Product 25,6.0,3153.37,0.15,712.57
ORD104327,2025-04-27,CUST1727,Sneha Joshi,Kolkata,Gujarat,West,Electronics,Audio,Audio Product 20,6.0,805.31,0.0,98.05
ORD102720,2025-06-19,CUST1320,Anjali Mehta,Chennai,West Bengal,South,Home & Kitchen,Bedding,Bedding Product 21,4.0,1079.16,0.05,232.69
ORD103545,2024-09-20,CUST2145,Vikas Yadav,Jaipur,Tamil Nadu,North,Clothing,Kids,Kids Product 9,5.0,3577.84,0.1,866.87
ORD101109,2024-08-05,CUST2109,Anjali Mehta,Agra,Karnataka,South,Sports,Cycling,Cycling Product 25,2.0,2272.93,0.4,-0.3
ORD103648,2025-04-15,CUST1048,Sneha Joshi,Agra,Delhi,East,Furniture,Storage,Storage Product 24,6.0,1656.73,0.05,
ORD100591,2025-09-25,CUST1591,Neha Verma,Mumbai,Karnataka,East,Electronics,,Phones Product 6,2.0,1593.2,0.05,182.69
ORD101695,2025-04-26,CUST1495,Aman Sharma,Mumbai,Rajasthan,East,Electronics,Accessories,Accessories Product 13,5.0,1274.23,0.3,64.37
ORD104122,2025-05-10,CUST1522,Neha Verma,Delhi,Uttar Pradesh,West,Electronics,Phones,Phones Product 5,1.0,872.5,0.05,245.35
ORD102936,2025-12-09,CUST1536,Aman Sharma,Agra,Uttar Pradesh,South, Furniture ,Beds,Beds Product 22,3.0,3957.32,0.15,775.95
ORD104264,2025-11-09,CUST1664,Vikas Yadav,Delhi,Uttar Pradesh,North,Sports,Cricket,Cricket Product 29,7.0,2739.82,0.1,679.01
ORD103733,2025-04-03,CUST1133,Neha Verma,Ahmedabad,Rajasthan,West,Sports,Fitness,Fitness Product 5,5.0,315.08,0.1,72.23
ORD101576,2024-11-23,CUST1376,Neha Verma,Mumbai,Rajasthan,East,Home & Kitchen,Bedding,Bedding Product 8,1.0,689.39,0.15,51.9
ORD104020,2024-11-19,CUST1420,Anjali Mehta,Mumbai,Delhi,North,Home & Kitchen,Cookware,Cookware Product 19,2.0,4196.42,0.05,352.06
ORD100213,2025-10-03,CUST1213,Anjali Mehta,Kolkata,Uttar Pradesh,South,Electronics,Laptops,Laptops Product 10,2.0,1176.06,0.2,124.85
ORD100778,2025-09-15,CUST1778,Priya Gupta,Mumbai,West Bengal,South,Electronics,Phones,Phones Product 11,5.0,1580.54,0.15,49.03
ORD101415,2024-09-24,CUST1215,Pooja Singh,Ahmedabad,Tamil Nadu,North,Furniture,Chairs,Chairs Product 18,4.0,1688.96,0.0,412.11
ORD103821,2025-03-31,CUST1221,Rahul Singh,Chennai,Delhi,West,Home & Kitchen,Bedding,Bedding Product 27,7.0,4787.64,0.05,896.39
ORD102043,2024-08-07,CUST1843,Arjun Kumar,Jaipur,Rajasthan,North,Clothing,Women,Women Product 13,7.0,716.8,0.2,118.25
ORD102848,2024-03-22,CUST1448,Vikas Yadav,Kolkata,Rajasthan,North,Electronics,Audio,Audio Product 7,4.0,1193.09,0.2,37.46
ORD104568,2025-06-23,CUST1968,Anjali Mehta,Mumbai,Gujarat,South,Clothing,Women,Women Product 27,4.0,1706.59,0.05,397.34
ORD104935,2025-09-19,CUST1135,Aman Sharma,Agra,Uttar Pradesh,South,Sports,Outdoor,Outdoor Product 21,4.0,1467.11,0.2,304.11
ORD103875,2024-04-11,CUST1275,Rahul Singh,Jaipur,Karnataka,,Home & Kitchen,Decor,Decor Product 3,7.0,496.16,0.1,88.46
ORD101567,2025-06-04,CUST1367,Rohit Agarwal,Delhi,Maharashtra,North,Clothing,Footwear,Footwear Product 16,5.0,1757.49,0.15,
ORD100165,2025-07-09,CUST1165,Anjali Mehta,Chennai,Gujarat,South,Clothing,Footwear,Footwear Product 4,3.0,3005.99,0.15,481.58
ORD104747,2024-07-25,CUST2147,Vikas Yadav,Bengaluru,Maharashtra,North,Furniture,Chairs,Chairs Product 15,5.0,1515.26,0.1,294.83
ORD104347,2025-08-17,CUST1747,Rahul Singh,Chennai,Rajasthan,North,Home & Kitchen,Bedding,Bedding Product 12,6.0,2734.09,0.0,471.85
ORD104961,2025-09-22,CUST1161,Sneha Joshi,Agra,Delhi,North,Electronics,Laptops,Laptops Product 10,4.0,983.67,0.15,213.73
ORD101343,2024-01-29,CUST1143,Anjali Mehta,Mumbai,Karnataka,North,Sports,Cycling,Cycling Product 15,3.0,3892.54,0.15,364.27
ORD102013,2024-05-08,CUST1813,Vikas Yadav,,Gujarat,North,Electronics,Accessories,Accessories Product 15,7.0,3019.93,0.15,418.01
ORD100273,2024-02-06,CUST1273,Priya Gupta,Mumbai,Uttar Pradesh,South,Sports,Cricket,Cricket Product 21,5.0,1210.79,0.0,287.43
ORD100071,2024-04-15,CUST1071,Rahul Singh,Jaipur,Rajasthan,South,Home & Kitchen,Decor,Decor Product 15,3.0,843.68,0.4,-65.08
ORD104570,2024-07-24,CUST1970,Rohit Agarwal,Delhi,Rajasthan,West,Electronics,Audio,Audio Product 27,4.0,2277.29,0.05,324.46
ORD101087,2024-06-05,CUST2087,Sneha Joshi,Delhi,Delhi,South,Electronics,Phones,Phones Product 6,4.0,3147.56,0.0,385.73
ORD100394,2025-10-15,CUST1394,Aman Sharma,Chennai,Uttar Pradesh,East,Furniture,Storage,Storage Product 5,6.0,1503.16,0.3,143.61
ORD100583,2025-07-22,CUST1583,Neha Verma,Delhi,Rajasthan,West,Sports,Fitness,Fitness Product 23,3.0,3255.25,0.0,746.68
ORD101367,2024-12-30,CUST1167,Rahul Singh,Jaipur,Delhi,West,Home & Kitchen,Bedding,Bedding Product 17,4.0,574.06,0.0,52.95
ORD101117,2024-12-21,CUST2117,Rohit Agarwal,Ahmedabad,Maharashtra,West,Clothing,Kids,Kids Product 13,5.0,339.8,0.3,48.98
ORD104674,2025-11-24,CUST2074,Pooja Singh,Ahmedabad,Tamil Nadu,South,Furniture,Beds,Beds Product 8,1.0,1858.24,0.2,343.32
ORD102548,2025-09-14,CUST1148,Neha Verma,Delhi,Delhi,East,Sports,Cricket,Cricket Product 18,3.0,1051.97,0.0,173.29
ORD101013,2025-06-30,CUST2013,Anjali Mehta,Mumbai,Rajasthan,East,Electronics,Accessories,Accessories Product 29,5.0,365.62,0.3,64.18
ORD104932,2025-12-21,CUST1132,Aman Sharma,,Delhi,East,Sports,Cricket,Cricket Product 5,5.0,1457.44,0.05,134.36
ORD103003,2025-01-06,CUST1603,Rohit Agarwal,Bengaluru,Delhi,North,Clothing,Kids,Kids Product 28,6.0,486.51,0.05,35.98
ORD104822,2025-02-03,CUST1022,Aman Sharma,Agra,Delhi,East,Home & Kitchen,Cookware,Cookware Product 8,3.0,530.7,0.4,16.64
ORD104788,2025-11-05,CUST2188,Rohit Agarwal,Jaipur,Rajasthan,West,Electronics,Audio,Audio Product 20,5.0,929.42,0.3,-5.27
ORD103591,2024-06-10,CUST2191,Aman Sharma,Ahmedabad,Rajasthan,South,Sports,Outdoor,Outdoor Product 7,7.0,,0.05,123.56
ORD101763,2024-12-09,CUST1563,Aman Sharma,Bengaluru,Rajasthan,South,Sports,Fitness,Fitness Product 11,5.0,2334.51,0.2,329.17
ORD101875,2024-12-18,CUST1675,Vikas Yadav,Kolkata,Delhi,West,Sports,Cricket,Cricket Product 24,6.0,725.08,0.1,153.47
ORD101259,2025-07-01,CUST1059,Arjun Kumar,Ahmedabad,Rajasthan,East,Clothing,Footwear,Footwear Product 9,,2040.46,0.2,278.81
ORD103344,2024-02-10,CUST1944,Vikas Yadav,Kolkata,Uttar Pradesh,North,Sports,Cycling,Cycling Product 16,3.0,827.37,0.0,140.35
ORD104561,2025-05-13,CUST1961,Rahul Singh,Agra,Delhi,West,Clothing,Footwear,Footwear Product 14,6.0,666.51,0.1,152.41
ORD102253,2024-03-07,CUST2053,Neha Verma,Bengaluru,Rajasthan,West,Home & Kitchen,Appliances,Appliances Product 29,3.0,1255.86,0.15,209.28
ORD102781,2024-12-14,CUST1381,Aman Sharma,Bengaluru,Maharashtra,East,Furniture,Chairs,Chairs Product 12,1.0,1803.14,0.4,168.58
ORD103654,2025-09-30,CUST1054,Sneha Joshi,Bengaluru,Tamil Nadu,North,Furniture,Tables,Tables Product 8,4.0,928.15,0.0,
ORD100526,2025-05-15,CUST1526,Anjali Mehta,,Rajasthan,North,Home & Kitchen,Appliances,Appliances Product 20,7.0,1628.96,0.2,355.13
ORD103478,2025-05-31,CUST2078,Anjali Mehta,Chennai,West Bengal,East,Sports,Outdoor,Outdoor Product 19,6.0,1257.35,0.3,120.89
ORD102946,2025-04-29,CUST1546,Pooja Singh,Jaipur,Karnataka,East,Home & Kitchen,Bedding,Bedding Product 16,1.0,1887.29,0.2,364.9
ORD100377,2024-04-13,CUST1377,Neha Verma,Delhi,Karnataka,West,Electronics,Accessories,Accessories Product 12,7.0,2145.77,0.2,233.67
ORD101559,2025-09-08,CUST1359,Arjun Kumar,Mumbai,Maharashtra,South,Sports,Fitness,Fitness Product 25,3.0,3613.84,0.0,933.95
ORD103883,2025-11-16,CUST1283,,Jaipur,Delhi,East,Furniture,Tables,Tables Product 25,6.0,,0.3,110.24
ORD101963,2025-05-11,CUST1763,Sneha Joshi,Mumbai,Delhi,West,Sports,Cricket,Cricket Product 21,5.0,961.4,0.3,5.61
ORD104766,2024-05-08,CUST2166,Rahul Singh,Ahmedabad,Karnataka,East,Home & Kitchen,Decor,Decor Product 17,7.0,747.58,0.1,168.4
ORD100348,2024-04-08,CUST1348,Aman Sharma,Ahmedabad,Delhi,South,Sports,Cricket,Cricket Product 8,6.0,863.55,,37.75
ORD102434,2025-06-02,CUST1034,Pooja Singh,Bengaluru,Maharashtra,West,Clothing,Kids,Kids Product 5,7.0,760.56,0.4,-7.18
ORD102246,2025-03-03,CUST2046,Vikas Yadav,Bengaluru,Karnataka,South,Electronics,Audio,Audio Product 28,7.0,711.57,0.1,91.96
ORD104196,2024-02-12,CUST1596,Rohit Agarwal,Ahmedabad,Rajasthan,North,Furniture,Chairs,Chairs Product 17,2.0,2510.15,0.4,-1.82
ORD101709,2024-01-22,CUST1509,Pooja Singh,Agra,Karnataka,East,Clothing,Men,Men Product 6,3.0,1745.58,0.3,77.34
ORD101050,2024-02-08,CUST2050,Rohit Agarwal,Jaipur,West Bengal,South,Home & Kitchen,Appliances,Appliances Product 18,4.0,1074.95,0.15,93.01
ORD100590,2024-08-10,CUST1590,Priya Gupta,Jaipur,Delhi,North,Electronics,Accessories,Accessories Product 9,6.0,2670.29,0.05,312.21
ORD100519,2024-03-30,CUST1519,Vikas Yadav,Jaipur,Gujarat,South,Furniture,Storage,Storage Product 27,3.0,575.32,0.2,44.06
ORD103380,2024-07-22,CUST1980,Pooja Singh,Jaipur,Karnataka,North,Clothing,Kids,Kids Product 1,4.0,5953.76,0.05,223.87
ORD104524,2024-09-17,CUST1924,Arjun Kumar,Jaipur,Delhi,North,Electronics,Accessories,Accessories Product 11,7.0,1513.96,0.1,227.01
ORD104153,2025-07-16,CUST1553,Sneha Joshi,Kolkata,Delhi,West,Sports,Cricket,Cricket Product 25,4.0,942.73,0.3,20.99
ORD102477,2025-08-16,CUST1077,Priya Gupta,Jaipur,Rajasthan,South,Electronics,Phones,Phones Product 22,3.0,681.75,0.05,46.92
ORD101083,2024-01-15,CUST2083,Rohit Agarwal,Mumbai,Delhi,West,Home & Kitchen,Bedding,Bedding Product 16,1.0,919.29,0.15,158.4
ORD103650,2024-01-12,CUST1050,Neha Verma,Bengaluru,,West,Home & Kitchen,Cookware,Cookware Product 2,3.0,4564.13,0.4,-122.67
ORD104812,2024-10-25,CUST1012,Aman Sharma,Kolkata,Tamil Nadu,South,Clothing,Kids,Kids Product 9,3.0,4268.96,0.15,730.73
ORD104540,2025-01-06,CUST1940,Arjun Kumar,Bengaluru,Tamil Nadu,East,Furniture,Beds,Beds Product 14,6.0,874.24,0.05,78.89
ORD101294,2024-10-07,CUST1094,Aman Sharma,Chennai,Maharashtra,North,Home & Kitchen,Bedding,Bedding Product 26,6.0,444.26,0.15,44.8
ORD101809,2024-03-30,CUST1609,Rohit Agarwal,Chennai,Tamil Nadu,North,Furniture,Chairs,Chairs Product 21,6.0,2937.44,0.15,491.32
ORD100791,2025-03-10,CUST1791,Anjali Mehta,Agra,Gujarat,West,Electronics,Laptops,Laptops Product 19,2.0,1041.49,0.0,282.33
ORD100792,2025-03-22,CUST1792,Pooja Singh,Bengaluru,Gujarat,West,Clothing,Men,Men Product 24,1.0,1111.95,0.15,10.07
ORD104144,2025-05-19,CUST1544,Arjun Kumar,Kolkata,Karnataka,West,Clothing,Men,Men Product 20,4.0,4862.96,0.3,233.13
ORD101855,2024-12-21,CUST1655,Rahul Singh,Delhi,Rajasthan,East,Clothing,Footwear,Footwear Product 23,5.0,864.93,0.2,170.21
ORD104791,2024-04-29,CUST2191,Anjali Mehta,Mumbai,Gujarat,West,Furniture,Tables,Tables Product 16,5.0,985.08,0.3,189.0
ORD101980,2024-07-16,CUST1780,Pooja Singh,Jaipur,West Bengal,West,Home & Kitchen,Appliances,Appliances Product 5,7.0,2877.37,0.15,589.47
ORD103233,2024-08-20,CUST1833,Pooja Singh,Chennai,West Bengal,West,Clothing,Women,Women Product 10,1.0,2245.68,0.15,360.8
ORD103973,2024-03-14,CUST1373,Pooja Singh,Bengaluru,Uttar Pradesh,West,Electronics,Phones,Phones Product 14,,2759.76,0.0,483.33
ORD103442,2024-12-24,CUST2042,Anjali Mehta,Chennai,Karnataka,South,Furniture,Storage,Storage Product 6,3.0,3909.17,0.0,325.03
ORD103328,2025-03-13,CUST1928,Neha Verma,Bengaluru,Delhi,East,Home & Kitchen,Decor,Decor Product 26,2.0,2980.55,0.15,628.21
ORD101530,2024-04-16,CUST1330,Pooja Singh,Jaipur,Rajasthan,South,Furniture,Storage,Storage Product 25,5.0,1086.32,0.3,-29.48
ORD101410,2025-12-10,CUST1210,Arjun Kumar,Ahmedabad,Uttar Pradesh,South,Electronics,Laptops,Laptops Product 25,4.0,3570.91,0.1,518.73
ORD104325,2025-02-06,CUST1725,Priya Gupta,Mumbai,Gujarat,South,Electronics,Audio,Audio Product 17,3.0,1052.06,0.3,48.94
ORD104680,2025-05-21,CUST2080,Aman Sharma,Chennai,Tamil Nadu,West,Furniture,Chairs,Chairs Product 11,4.0,1928.17,0.15,261.8
ORD100083,2025-12-27,CUST1083,Rahul Singh,Bengaluru,Rajasthan,East,Clothing,Kids,Kids Product 10,7.0,7198.54,0.0,1257.69
ORD100868,2025-09-30,CUST1868,Sneha Joshi,Bengaluru,West Bengal,South,Electronics,Accessories,Accessories Product 9,6.0,1943.44,0.3,371.22
ORD102350,2025-02-08,CUST2150,Rohit Agarwal,Ahmedabad,Gujarat,East,Electronics,Audio,Audio Product 29,3.0,704.72,0.05,58.62
ORD100020,2024-12-09,CUST1020,Vikas Yadav,Agra,Tamil Nadu,West,Electronics,Audio,Audio Product 6,2.0,2047.16,0.1,216.97
ORD103481,2025-07-11,CUST2081,Aman Sharma,Delhi,Maharashtra,South,Sports,Cricket,Cricket Product 2,3.0,3947.09,0.0,469.11
ORD102795,2024-06-30,CUST1395,Rohit Agarwal,Ahmedabad,Rajasthan,East,Clothing,Kids,Kids Product 3,7.0,2769.41,0.2,584.57
ORD104603,2025-10-01,CUST2003,Vikas Yadav,Kolkata,Uttar Pradesh,South,Sports,Outdoor,Outdoor Product 24,6.0,2167.94,0.15,143.34
ORD101562,2025-06-24,CUST1362,Pooja Singh,Delhi,Rajasthan,North,Sports,Cricket,Cricket Product 3,3.0,3206.04,0.2,141.71
ORD103093,2024-06-02,CUST1693,Rohit Agarwal,Delhi,Delhi,West,Clothing,Kids,Kids Product 13,7.0,1668.43,0.2,230.03
ORD103155,2025-03-20,CUST1755,Aman Sharma,Jaipur,Maharashtra,South,Furniture,Beds,Beds Product 17,1.0,486.44,0.1,69.12
ORD100973,2025-12-24,CUST1973,Sneha Joshi,Chennai,Rajasthan,South,Electronics,Laptops,Laptops Product 17,5.0,986.27,0.05,113.88
ORD101710,2025-04-03,CUST1510,Pooja Singh,Ahmedabad,Tamil Nadu,West,Furniture,Chairs,Chairs Product 23,3.0,885.41,0.0,246.89
ORD103201,2025-07-26,CUST1801,Priya Gupta,Agra,Tamil Nadu,South,Home & Kitchen,Decor,Decor Product 19,6.0,1004.41,0.15,139.01
ORD104047,2024-10-29,CUST1447,Rohit Agarwal,Delhi,Gujarat,North,Sports,Fitness,Fitness Product 6,4.0,812.45,0.05,174.56
ORD104853,2024-01-19,CUST1053,Arjun Kumar,Mumbai,Karnataka,East,Furniture,Chairs,Chairs Product 16,1.0,1426.18,0.05,400.88
ORD101098,2025-10-21,CUST2098,Arjun Kumar,Kolkata,Tamil Nadu,South,Electronics,Audio,Audio Product 20,3.0,1198.82,0.05,100.55
ORD104918,2025-10-04,CUST1118,Aman Sharma,Chennai,Uttar Pradesh,East,Home & Kitchen,Appliances,Appliances Product 11,6.0,1589.46,0.3,184.9
ORD102844,2024-11-08,CUST1444,Rahul Singh,Jaipur,Tamil Nadu,East,Home & Kitchen,Bedding,Bedding Product 21,3.0,3061.16,0.0,557.02
ORD100886,2025-05-22,CUST1886,Aman Sharma,Ahmedabad,Tamil Nadu,South,Clothing,Footwear,Footwear Product 1,2.0,4962.8,0.05,257.27
ORD104966,2025-06-06,CUST1166,Priya Gupta,Chennai,Uttar Pradesh,East,Electronics,Accessories,Accessories Product 9,2.0,1467.84,0.2,319.5
ORD103740,2024-09-30,CUST1140,Vikas Yadav,Chennai,Delhi,West,Clothing,Men,Men Product 8,7.0,2174.66,0.15,336.02
ORD104630,2025-09-23,CUST2030,Sneha Joshi,Bengaluru,Maharashtra,South,Sports,Cycling,Cycling Product 14,3.0,1013.78,0.3,-27.82
ORD103626,2024-01-23,CUST1026,Pooja Singh,Agra,Gujarat,West,Sports,Fitness,Fitness Product 24,7.0,1710.58,0.05,347.23
ORD104432,2025-08-25,CUST1832,Priya Gupta,Delhi,West Bengal,West,Clothing,Kids,Kids Product 30,7.0,2746.49,0.2,287.38
ORD100515,2024-09-09,CUST1515,Sneha Joshi,Ahmedabad,Gujarat,East,Furniture,Beds,Beds Product 10,2.0,546.44,0.3,103.84
ORD104652,2025-01-18,CUST2052,Aman Sharma,Ahmedabad,Karnataka,South,Furniture,Tables,Tables Product 25,7.0,1624.09,0.3,279.6
ORD100737,2025-05-25,CUST1737,Priya Gupta,Bengaluru,Tamil Nadu,East,Clothing,Women,Women Product 16,1.0,2156.0,0.15,518.47
ORD101453,2024-12-29,CUST1253,Aman Sharma,Chennai,Delhi,East,Sports,Cricket,Cricket Product 13,5.0,1077.65,0.15,113.51
ORD104037,2024-09-12,CUST1437,Aman Sharma,Delhi,Maharashtra,East,Electronics,Laptops,Laptops Product 25,6.0,875.58,0.1,173.94
ORD104733,2024-09-23,CUST2133,Anjali Mehta,Jaipur,Karnataka,West,Furniture,Storage,Storage Product 9,4.0,1215.18,0.2,57.38
ORD102506,2024-06-21,CUST1106,Pooja Singh,Delhi,Karnataka,South,Furniture,Beds,Beds Product 23,1.0,592.2,0.2,83.65
ORD102994,2024-07-14,CUST1594,Rohit Agarwal,Bengaluru,Tamil Nadu,East,Electronics,Audio,Audio Product 12,7.0,990.65,0.05,44.35
ORD102126,2025-10-30,CUST1926,Rohit Agarwal,Bengaluru,Rajasthan,South,Furniture,Tables,Tables Product 1,5.0,1070.88,0.15,28.83
ORD102926,2024-02-13,CUST1526,Arjun Kumar,Jaipur,,East,Home & Kitchen,Cookware,Cookware Product 5,5.0,634.28,0.1,163.35
ORD104958,2024-10-02,CUST1158,Aman Sharma,Bengaluru,Rajasthan,North,Sports,Cricket,Cricket Product 2,1.0,2424.86,0.2,369.09
ORD100906,2025-08-02,CUST1906,Rohit Agarwal,Mumbai,Rajasthan,South,Clothing,Kids,Kids Product 12,3.0,671.88,0.2,110.93
ORD104506,2025-06-27,CUST1906,Vikas Yadav,Delhi,Karnataka,North,Clothing,Kids,Kids Product 12,6.0,1040.66,0.05,189.05
ORD101030,2025-08-23,CUST2030,Anjali Mehta,Bengaluru,Uttar Pradesh,North,Home & Kitchen,Decor,Decor Product 2,6.0,454.66,0.1,116.82
ORD102507,2025-04-11,CUST1107,Pooja Singh,Jaipur,Tamil Nadu,South,Clothing,Kids,Kids Product 11,6.0,1168.67,0.0,195.08
ORD102428,2024-03-03,CUST1028,Vikas Yadav,Delhi,Maharashtra,North,Sports,Cricket,Cricket Product 17,4.0,960.17,0.2,193.53
ORD100947,2024-02-09,CUST1947,Arjun Kumar,Agra,Uttar Pradesh,West,Electronics,Laptops,Laptops Product 15,4.0,1886.74,0.15,305.83
ORD103868,2024-12-25,CUST1268,,Bengaluru,Karnataka,North,Clothing,Men,,4.0,8516.85,0.3,970.3
ORD100762,2024-02-03,CUST1762,Arjun Kumar,Mumbai,West Bengal,,Electronics,Laptops,Laptops Product 13,6.0,1111.52,0.2,-14.61
ORD100715,2024-09-12,CUST1715,Rahul Singh,Kolkata,Rajasthan,North,Clothing,Footwear,Footwear Product 10,7.0,1226.0,0.1,142.26
ORD100284,2024-04-29,CUST1284,Sneha Joshi,Jaipur,Maharashtra,West,Home & Kitchen,Decor,Decor Product 30,5.0,1621.85,0.05,181.51
ORD100686,2025-04-15,CUST1686,Vikas Yadav,Agra,Uttar Pradesh,North,Home & Kitchen,Appliances,Appliances Product 11,3.0,3628.62,0.2,758.58
ORD100703,2024-02-10,CUST1703,Rohit Agarwal,Delhi,Maharashtra,West,Clothing,Women,Women Product 3,6.0,1920.95,0.1,89.73
ORD103341,2024-07-13,CUST1941,Rohit Agarwal,Delhi,Rajasthan,West,Electronics,Laptops,Laptops Product 26,2.0,440.84,0.4,2.81
ORD102353,2024-05-09,CUST2153,Vikas Yadav,Jaipur,Gujarat,South,Sports,Fitness,Fitness Product 28,3.0,1916.07,0.15,253.56
ORD102257,2024-12-07,CUST2057,Arjun Kumar,Delhi,Delhi,South,Sports,Outdoor,Outdoor Product 12,1.0,,0.3,-9.64
ORD103610,2025-09-21,CUST1010,Sneha Joshi,Agra,West Bengal,East,Clothing,Men,Men Product 12,1.0,1191.02,0.15,137.41
ORD100473,2025-03-07,CUST1473,Aman Sharma,Delhi,Karnataka,East,Clothing,Men,Men Product 20,4.0,1749.53,0.2,323.88
ORD100021,2025-05-06,CUST1021,Pooja Singh,Agra,Gujarat,North,Furniture,Chairs,Chairs Product 19,7.0,1327.54,,124.6
ORD102752,2025-02-04,CUST1352,Vikas Yadav,Mumbai,Rajasthan,West,Clothing,Footwear,Footwear Product 11,5.0,1326.4,0.1,296.94
ORD100885,2024-12-28,CUST1885,Aman Sharma,Jaipur,Gujarat,North,Sports,Outdoor,Outdoor Product 11,1.0,1500.51,0.2,237.47
ORD102448,2025-08-13,CUST1048,Pooja Singh,Ahmedabad,Tamil Nadu,North,Furniture,Tables,Tables Product 27,5.0,1149.87,0.4,19.65
ORD100917,2025-09-14,CUST1917,Sneha Joshi,Jaipur,Karnataka,North,Furniture,Chairs,Chairs Product 2,1.0,2551.24,0.2,256.16
ORD103819,2025-12-29,CUST1219,Anjali Mehta,,Delhi,East,Furniture,Chairs,Chairs Product 5,5.0,952.66,0.0,99.61
ORD103813,2025-09-14,CUST1213,,Ahmedabad,Rajasthan,East,Sports,Cricket,Cricket Product 9,4.0,1430.55,0.1,164.27
ORD102239,2024-12-18,CUST2039,Vikas Yadav,delhi,West Bengal,North,Sports,Cycling,Cycling Product 22,4.0,457.24,0.2,15.23
ORD103907,2024-10-28,CUST1307,Neha Verma,Agra,Maharashtra,East,Electronics,Accessories,Accessories Product 30,5.0,623.88,0.2,132.81
ORD103395,2024-12-28,CUST1995,Vikas Yadav,Mumbai,Maharashtra,South,Home & Kitchen,Bedding,Bedding Product 21,7.0,1910.45,0.4,277.92
ORD101265,2025-06-06,CUST1065,Rohit Agarwal,Agra,Uttar Pradesh,West,Furniture,Storage,Storage Product 10,6.0,1213.2,0.4,53.86
ORD100483,2024-06-28,CUST1483,Neha Verma,Ahmedabad,Maharashtra,North,Home & Kitchen,Appliances,Appliances Product 21,7.0,624.94,0.15,93.51
ORD104368,2024-03-13,CUST1768,Aman Sharma,Chennai,Maharashtra,North,Sports,Cricket,Cricket Product 28,2.0,1285.93,0.0,330.36
ORD102963,2024-02-09,CUST1563,Rahul Singh,Chennai,West Bengal,North,Clothing,Women,Women Product 15,7.0,595.42,0.15,93.65
ORD101219,2024-06-10,CUST1019,Rohit Agarwal,Mumbai,Karnataka,East,Clothing,Men,Men Product 12,4.0,1384.73,0.3,239.39
ORD100277,2024-04-08,CUST1277,Priya Gupta,Delhi,Delhi,North,Clothing,Kids,Kids Product 10,4.0,4406.49,0.05,
ORD100988,2025-11-20,CUST1988,Vikas Yadav,Jaipur,Maharashtra,South,Electronics,Accessories,Accessories Product 2,1.0,2303.81,0.2,221.53
ORD102084,2025-05-11,CUST1884,Neha Verma,Ahmedabad,Karnataka,East,Home & Kitchen,Bedding,Bedding Product 25,4.0,2730.73,0.15,162.73
ORD101245,2025-05-05,CUST1045,Anjali Mehta,Bengaluru,Delhi,West,Home & Kitchen,Bedding,Bedding Product 21,1.0,1888.62,0.1,247.06
ORD102382,2025-06-26,CUST2182,Priya Gupta,Agra,Uttar Pradesh,South,Clothing,Footwear,Footwear Product 12,1.0,1889.93,0.1,139.98
ORD100571,2025-05-20,CUST1571,Rohit Agarwal,Kolkata,Tamil Nadu,East,Home & Kitchen,Decor,Decor Product 4,4.0,4290.71,0.4,196.68
ORD101435,2025-04-21,CUST1235,Anjali Mehta,Jaipur,Karnataka,North,Electronics,Audio,Audio Product 29,6.0,2808.84,0.05,364.17
ORD100993,2024-01-13,CUST1993,Vikas Yadav,Delhi,Maharashtra,East,Electronics,Laptops,Laptops Product 26,3.0,474.54,0.2,35.46
ORD103509,17/02/2024,CUST2109,Rohit Agarwal,Chennai,Karnataka,West,Electronics,Laptops,Laptops Product 20,7.0,3052.5,0.3,265.32
ORD103504,2024-03-22,CUST2104,Rahul Singh,Ahmedabad,Uttar Pradesh,East,Home & Kitchen,Decor,Decor Product 15,5.0,-983.45,0.15,23.47
ORD100585,2024-04-18,CUST1585,Priya Gupta,Delhi,Gujarat,West,Home & Kitchen,Bedding,Bedding Product 28,1.0,323.97,0.15,22.63
ORD103720,2025-10-19,CUST1120,Rahul Singh,Kolkata,Delhi,South,Sports,Fitness,Fitness Product 29,6.0,778.03,0.1,50.3
ORD102514,2024-07-18,CUST1114,Neha Verma,Jaipur,West Bengal,East,Clothing,Women,Women Product 9,5.0,5353.65,0.15,113.75
ORD101349,2024-04-22,CUST1149,Sneha Joshi,Delhi,Gujarat,East,Furniture,Chairs,Chairs Product 14,5.0,1005.33,0.0,246.72
ORD101007,2024-08-23,CUST2007,Pooja Singh,Agra,Delhi,East,Furniture,Chairs,Chairs Product 28,1.0,636.97,0.2,105.58
ORD100674,2025-02-05,CUST1674,Vikas Yadav,Delhi,Uttar Pradesh,North,Furniture,Chairs,Chairs Product 27,2.0,1041.08,0.05,83.95
ORD102412,2024-09-19,CUST1012,Aman Sharma,Kolkata,West Bengal,North,Furniture,Tables,Tables Product 21,2.0,1286.21,0.05,195.19
ORD102903,2025-07-14,CUST1503,Vikas Yadav,Agra,Karnataka,East,Furniture,Chairs,Chairs Product 16,5.0,1807.87,0.1,272.48
ORD100447,2024-04-27,CUST1447,Sneha Joshi,Kolkata,Karnataka,East,Sports,Fitness,Fitness Product 6,,1924.94,0.05,482.28
ORD104149,2025-09-26,CUST1549,Pooja Singh,Kolkata,Delhi,North,Clothing,Footwear,Footwear Product 19,3.0,751.26,0.0,199.91
ORD103820,2025-05-18,CUST1220,Anjali Mehta,Chennai,Gujarat,North,Sports,Cricket,Cricket Product 3,6.0,1634.85,0.3,25.7
ORD103765,2025-06-08,CUST1165,,Bengaluru,Maharashtra,North,Home & Kitchen,Bedding,Bedding Product 5,2.0,824.61,0.1,75.81
ORD100359,2024-07-09,CUST1359,Arjun Kumar,Kolkata,Rajasthan,West,Electronics,Accessories,Accessories Product 28,5.0,4914.61,0.15,1143.41
ORD102064,2025-04-26,CUST1864,Rohit Agarwal,Kolkata,Uttar Pradesh,North,Furniture,Beds,Beds Product 14,7.0,1227.57,0.2,48.59
ORD104480,2024-02-07,CUST1880,Vikas Yadav,Mumbai,Tamil Nadu,South,Clothing,Women,Women Product 8,3.0,3835.99,0.15,801.66
ORD103872,2024-02-18,CUST1272,,Agra,Tamil Nadu,North,Electronics,Phones,Phones Product 3,1.0,1888.24,0.2,251.2
ORD101690,2025-10-07,CUST1490,Priya Gupta,Mumbai,Delhi,West,Sports,Cricket,Cricket Product 29,1.0,1159.7,0.0,271.12
ORD104357,2024-01-25,CUST1757,Pooja Singh,Ahmedabad,West Bengal,East,Sports,Outdoor,Outdoor Product 20,4.0,2213.39,0.2,106.65
ORD101548,2024-05-24,CUST1348,Rahul Singh,Kolkata,Delhi,North,Electronics,Laptops,Laptops Product 8,6.0,2233.88,0.15,402.02
ORD101247,2025-05-14,CUST1047,Pooja Singh,Mumbai,Uttar Pradesh,North,Furniture,Tables,Tables Product 1,6.0,2569.64,0.1,564.95
ORD101985,2024-07-24,CUST1785,Neha Verma,Kolkata,Karnataka,South,Home & Kitchen,Cookware,Cookware Product 29,3.0,2376.51,0.0,168.46
ORD100294,2024-04-21,CUST1294,Rahul Singh,Kolkata,Delhi,South,Furniture,Storage,Storage Product 16,3.0,2709.36,0.1,579.89
ORD101547,2024-03-02,CUST1347,Neha Verma,Ahmedabad,Maharashtra,North,Home & Kitchen,Cookware,Cookware Product 26,2.0,378.48,0.2,81.52
ORD102012,2024-12-06,CUST1812,Arjun Kumar,Kolkata,Karnataka,North,Electronics,Laptops,Laptops Product 28,6.0,905.76,0.05,242.26
ORD100588,2024-07-04,CUST1588,Sneha Joshi,,Uttar Pradesh,West,Electronics,Phones,Phones Product 4,5.0,2160.09,0.1,200.77
ORD103329,2024-04-16,CUST1929,Anjali Mehta,Agra,Karnataka,South,Sports,Fitness,Fitness Product 23,4.0,2311.66,0.2,174.41
ORD102403,2025-04-07,CUST1003,Rohit Agarwal,Mumbai,Maharashtra,North,Electronics,Audio,Audio Product 29,7.0,1226.26,0.1,255.45
ORD102129,2025-10-09,CUST1929,Aman Sharma,Jaipur,West Bengal,North,Home & Kitchen,Cookware,Cookware Product 27,3.0,899.86,0.1,216.08
ORD104419,2025-05-17,CUST1819,Anjali Mehta,Mumbai,Delhi,South,Furniture,Chairs,Chairs Product 11,5.0,1712.7,0.0,465.88
ORD103508,2024-06-11,CUST2108,Aman Sharma,Agra,Karnataka,North,Electronics,Audio,Audio Product 26,3.0,1350.03,0.2,170.61
ORD102410,2024-07-08,CUST1010,Aman Sharma,Chennai,Maharashtra,South,Home & Kitchen,Decor,Decor Product 12,7.0,965.68,0.1,241.09
ORD102719,2025-05-14,CUST1319,Aman Sharma,Bengaluru,West Bengal,West,Home & Kitchen,Bedding,Bedding Product 2,3.0,847.35,0.15,44.07
ORD104585,2024-10-15,CUST1985,Anjali Mehta,Jaipur,Rajasthan,West,Clothing,Men,Men Product 22,6.0,2142.62,0.1,103.24
ORD100425,2025-10-17,CUST1425,Neha Verma,Chennai,West Bengal,South,Sports,Cycling,Cycling Product 30,3.0,1149.37,0.2,61.37
ORD102582,2024-07-01,CUST1182,Sneha Joshi,Jaipur,Delhi,South,Sports,Cricket,Cricket Product 22,5.0,823.09,0.05,
ORD101054,2025-01-25,CUST2054,Priya Gupta,Ahmedabad,Maharashtra,East,Home & Kitchen,Bedding,Bedding Product 21,6.0,2928.59,0.2,61.72
ORD104032,2025-02-04,CUST1432,Rohit Agarwal,Kolkata,Tamil Nadu,West,Clothing,Kids,Kids Product 4,5.0,1281.74,0.0,235.06
ORD104593,2025-05-13,CUST1993,Arjun Kumar,Mumbai,Tamil Nadu,South,Clothing,Women,Women Product 22,6.0,766.36,0.2,169.68
ORD100556,2024-12-07,CUST1556,Neha Verma,Ahmedabad,Karnataka,South,Furniture,Chairs,Chairs Product 7,3.0,596.03,0.1,115.27
ORD104855,2025-03-25,CUST1055,Rahul Singh,Delhi,Uttar Pradesh,East,Electronics,Laptops,Laptops Product 7,3.0,1739.19,0.1,321.09
ORD104003,2024-11-22,CUST1403,Aman Sharma,Delhi,Uttar Pradesh,North,Furniture,Beds,Beds Product 23,7.0,1943.56,0.05,344.71
ORD104745,2024-10-26,CUST2145,Arjun Kumar,Ahmedabad,,South,Clothing,Kids,Kids Product 1,3.0,2265.4,0.2,486.91
ORD102469,2024-11-03,CUST1069,Neha Verma,Bengaluru,Gujarat,North,Home & Kitchen,Decor,Decor Product 19,3.0,1212.07,0.0,247.18
ORD104743,2025-12-16,CUST2143,Rahul Singh,Agra,Uttar Pradesh,West,Clothing,Men,Men Product 27,2.0,1919.4,0.2,382.61
ORD100355,2025-08-29,CUST1355,Rahul Singh,Ahmedabad,Tamil Nadu,East,Electronics,Phones,Phones Product 4,2.0,1609.45,0.2,248.04
ORD101193,2024-11-13,CUST2193,Aman Sharma,Ahmedabad,Uttar Pradesh,West,Electronics,Laptops,Laptops Product 24,6.0,876.05,0.05,210.23
ORD101716,2024-01-21,CUST1516,Aman Sharma,Chennai,Karnataka,West,Home & Kitchen,Bedding,Bedding Product 10,3.0,993.53,0.0,152.77
ORD103416,2024-02-28,CUST2016,Rahul Singh,Mumbai,Rajasthan,South,Home & Kitchen,Bedding,Bedding Product 11,3.0,1106.36,0.3,158.61
ORD102604,2025-10-22,CUST1204,Rohit Agarwal,Bengaluru,Gujarat,North,Home & Kitchen,Appliances,Appliances Product 21,7.0,693.82,0.15,62.25
ORD104159,2024-04-05,CUST1559,Rohit Agarwal,Kolkata,Delhi,East,Electronics,Audio,Audio Product 29,5.0,1452.5,0.2,59.39
ORD102828,2024-07-14,CUST1428,Sneha Joshi,Ahmedabad,Maharashtra,North,Electronics,Phones,Phones Product 15,5.0,6043.95,0.05,652.1
ORD101704,2024-06-05,CUST1504,Rahul Singh,Jaipur,Rajasthan,South,Clothing,Footwear,Footwear Product 30,5.0,743.89,0.0,69.79
ORD102863,2024-11-22,CUST1463,Vikas Yadav,Kolkata,West Bengal,East,Electronics,Laptops,Laptops Product 29,2.0,463.13,0.2,38.98
ORD102618,2025-06-17,CUST1218,Sneha Joshi,Ahmedabad,West Bengal,East,Home & Kitchen,Bedding,Bedding Product 13,3.0,1390.65,0.1,278.78
ORD102400,2025-11-20,CUST1000,Sneha Joshi,Bengaluru,West Bengal,South,Electronics,Accessories,Accessories Product 9,6.0,2716.88,0.0,243.56
ORD102139,2024-12-10,CUST1939,Vikas Yadav,Agra,Maharashtra,South,Sports,Fitness,Fitness Product 21,3.0,1322.66,0.15,125.5
ORD103239,2024-07-01,CUST1839,Neha Verma,Delhi,Delhi,West,Furniture,Chairs,Chairs Product 28,6.0,1468.29,0.15,84.35
ORD102383,2025-06-15,CUST2183,Sneha Joshi,Chennai,Rajasthan,North,Electronics,Accessories,,3.0,2073.13,0.05,163.5
ORD103218,2025-10-14,CUST1818,Aman Sharma,Jaipur,Rajasthan,South,Electronics,Audio,Audio Product 27,3.0,2157.06,0.1,287.15
ORD103806,2025-06-11,CUST1206,Vikas Yadav,Agra,Tamil Nadu,West,Clothing,Women,Women Product 25,6.0,1762.08,0.0,411.62
ORD101285,2025-12-27,CUST1085,Sneha Joshi,Delhi,Tamil Nadu,North,Furniture,Beds,Beds Product 30,5.0,604.76,0.1,19.89
ORD103858,2024-01-26,CUST1258,Rohit Agarwal,Agra,Tamil Nadu,South,Clothing,Women,Women Product 2,3.0,3100.27,0.3,568.82
ORD103903,2025-03-21,CUST1303,Priya Gupta,Mumbai,West Bengal,North,Clothing,Women,,7.0,2613.29,0.1,364.39
ORD104810,2024-10-02,CUST1010,Neha Verma,Kolkata,West Bengal,North,Home & Kitchen,Cookware,Cookware Product 30,5.0,1016.64,0.2,71.55
ORD102087,2024-09-23,CUST1887,Vikas Yadav,Kolkata,Delhi,East,Electronics,Audio,Audio Product 24,2.0,1012.58,0.1,180.32
ORD101889,2025-09-08,CUST1689,Pooja Singh,Chennai,Karnataka,South,Furniture,Storage,Storage Product 13,4.0,8574.29,0.1,1331.18
ORD103565,2025-11-06,CUST2165,Sneha Joshi,Chennai,Gujarat,North,Clothing,Men,Men Product 16,3.0,718.03,0.05,163.52
ORD101591,2024-04-24,CUST1391,Neha Verma,Jaipur,Delhi,South,Electronics,Phones,Phones Product 17,6.0,1065.25,0.05,55.09
ORD101346,2024-01-11,CUST1146,Priya Gupta,Delhi,Uttar Pradesh,South,Clothing,Men,Men Product 23,2.0,912.24,0.2,53.79
ORD104462,2024-03-03,CUST1862,Sneha Joshi,Agra,Karnataka,East,Electronics,Audio,Audio Product 2,2.0,504.47,0.15,115.64
ORD102162,2024-05-20,CUST1962,Rohit Agarwal,Kolkata,Tamil Nadu,West,Clothing,Men,,1.0,1586.22,0.0,230.81
ORD102396,2025-04-11,CUST2196,Priya Gupta,Bengaluru,Maharashtra,West,Home & Kitchen,Appliances,Appliances Product 16,4.0,1004.71,0.05,262.81
ORD103705,2025-03-06,CUST1105,Arjun Kumar,Agra,Karnataka,West,Clothing,Men,Men Product 16,5.0,2354.47,0.15,161.86
ORD102271,2025-04-21,CUST2071,Priya Gupta,Ahmedabad,Gujarat,South,Home & Kitchen,Appliances,Appliances Product 23,4.0,1259.99,0.2,101.35
ORD104521,2025-10-23,CUST1921,Priya Gupta,Agra,Uttar Pradesh,North,Electronics,Laptops,Laptops Product 21,2.0,1680.19,0.2,259.61
ORD103111,2025-05-22,CUST1711,Arjun Kumar,Jaipur,Delhi,West,Furniture,Storage,Storage Product 27,4.0,866.29,0.2,95.1
ORD101137,2024-01-01,CUST2137,Pooja Singh,Bengaluru,Karnataka,West,Home & Kitchen,Appliances,Appliances Product 8,1.0,899.12,0.0,164.48
ORD103960,2025-05-09,CUST1360,Vikas Yadav,Jaipur,Maharashtra,East,Clothing,Kids,Kids Product 13,3.0,1043.09,0.15,257.05
ORD100972,2024-04-27,CUST1972,Neha Verma,Kolkata,Uttar Pradesh,North,Clothing,Kids,Kids Product 29,1.0,8438.06,0.05,980.24
ORD100795,2024-06-14,CUST1795,Pooja Singh,Delhi,Maharashtra,West,Home & Kitchen,Bedding,Bedding Product 28,5.0,1194.49,0.05,146.62
ORD103020,2024-10-03,CUST1620,Anjali Mehta,Delhi,Tamil Nadu,North,Furniture,Chairs,Chairs Product 4,5.0,524.9,0.3,16.02
ORD101711,2025-06-22,CUST1511,Aman Sharma,Kolkata,Maharashtra,North,Sports,Cycling,Cycling Product 22,5.0,1122.64,0.15,175.25
ORD103387,2024-12-09,CUST1987,Pooja Singh,Jaipur,Karnataka,,Home & Kitchen,Cookware,Cookware Product 4,,1160.83,0.0,158.73
ORD100036,2025-04-20,CUST1036,Rohit Agarwal,Ahmedabad,Maharashtra,North,Clothing,Kids,Kids Product 1,2.0,-1524.97,0.15,34.2
ORD100453,2024-07-07,CUST1453,Priya Gupta,Ahmedabad,West Bengal,North,Furniture,Tables,Tables Product 15,2.0,1184.82,0.1,174.18
ORD100913,2024-08-15,CUST1913,Pooja Singh,Jaipur,Tamil Nadu,East,Sports,Cricket,Cricket Product 5,7.0,1404.38,,99.26
ORD104119,2024-07-24,CUST1519,Aman Sharma,Chennai,Rajasthan,South,Home & Kitchen,Cookware,Cookware Product 25,2.0,621.28,0.15,121.34
ORD101199,2025-04-21,CUST2199,Vikas Yadav,Bengaluru,Karnataka,West,Electronics,Laptops,Laptops Product 1,7.0,1851.64,0.05,270.56
ORD101274,2024-08-13,CUST1074,Pooja Singh,Kolkata,Tamil Nadu,South,Sports,Cycling,Cycling Product 10,5.0,882.61,0.4,-71.37
ORD102375,2025-08-02,CUST2175,Anjali Mehta,Bengaluru,Tamil Nadu,East,Clothing,Footwear,Footwear Product 30,6.0,1078.69,0.3,78.49
ORD100037,2025-11-30,CUST1037,Anjali Mehta,Bengaluru,West Bengal,North,Home & Kitchen,Bedding,Bedding Product 2,4.0,2464.73,0.1,278.5
ORD100974,2024-08-12,CUST1974,Pooja Singh,Delhi,Tamil Nadu,East,Furniture,Tables,Tables Product 30,5.0,715.72,0.0,201.6
ORD103195,2025-08-06,CUST1795,Pooja Singh,Chennai,Delhi,North,Sports,Cycling,Cycling Product 9,6.0,383.15,0.15,85.52
ORD100983,2025-07-03,CUST1983,Aman Sharma,Kolkata,West Bengal,East,Home & Kitchen,Decor,Decor Product 2,2.0,1978.41,0.0,272.12
ORD104608,2024-11-20,CUST2008,Priya Gupta,Delhi,Karnataka,East,Clothing,Women,Women Product 2,4.0,1013.09,0.0,271.64
ORD104112,2024-12-08,CUST1512,Rohit Agarwal,Ahmedabad,Rajasthan,North,Furniture,Beds,Beds Product 6,2.0,3004.62,0.1,449.77
ORD101418,2025-05-03,CUST1218,Pooja Singh,Bengaluru,Maharashtra,South,Clothing,Men,Men Product 11,1.0,1474.84,0.2,243.96
ORD103332,2025-09-02,CUST1932,Anjali Mehta,Mumbai,,East,Furniture,Tables,Tables Product 17,7.0,1071.14,0.2,26.41
ORD101560,2024-11-18,CUST1360,Sneha Joshi,Mumbai,Delhi,West,Furniture,Storage,Storage Product 11,3.0,1260.04,0.0,337.15
ORD100039,2025-11-17,CUST1039,Pooja Singh,Bengaluru,Maharashtra,East,Home & Kitchen,Cookware,Cookware Product 23,,2501.22,0.15,494.11
ORD101486,2024-09-22,CUST1286,Pooja Singh,Kolkata,Rajasthan,North,Furniture,Tables,Tables Product 26,2.0,2067.04,0.05,192.81
ORD103948,2024-12-19,CUST1348,Sneha Joshi,Bengaluru,West Bengal,East,Home & Kitchen,Cookware,Cookware Product 8,1.0,1635.59,0.05,459.43
ORD100169,2025-05-20,CUST1169,Sneha Joshi,Ahmedabad,Uttar Pradesh,West,Clothing,Footwear,Footwear Product 2,4.0,446.51,0.05,109.51
ORD101355,2025-09-14,CUST1155,Vikas Yadav,Agra,Gujarat,South,Sports,Outdoor,Outdoor Product 4,2.0,2367.72,0.4,-153.55
ORD102785,2024-09-17,CUST1385,Aman Sharma,Mumbai,Uttar Pradesh,South,Home & Kitchen,Appliances,Appliances Product 6,5.0,1178.2,0.0,131.77
ORD103694,2025-12-29,CUST1094,Neha Verma,Mumbai,Uttar Pradesh,South,Sports,Outdoor,Outdoor Product 1,6.0,760.16,0.0,146.6
ORD104782,2025-11-07,CUST2182,Arjun Kumar,Chennai,Uttar Pradesh,West,Sports,Cycling,Cycling Product 11,3.0,1694.91,0.3,327.25
ORD104071,2025-12-07,CUST1471,Priya Gupta,Mumbai,Uttar Pradesh,West,Furniture,Storage,Storage Product 14,4.0,1655.91,0.05,128.76
ORD102682,2024-01-14,CUST1282,Priya Gupta,Mumbai,Delhi,South,Furniture,Tables,Tables Product 21,5.0,2259.04,0.15,265.68
ORD104867,2024-07-09,CUST1067,Arjun Kumar,Delhi,West Bengal,East,Electronics,Laptops,Laptops Product 14,3.0,2489.04,0.05,396.37
ORD104092,2025-05-23,CUST1492,Vikas Yadav,Ahmedabad,Karnataka,South,Furniture,Beds,Beds Product 12,6.0,2625.85,0.3,138.0
ORD101640,2025-10-28,CUST1440,Pooja Singh,Bengaluru,Gujarat,South,Sports,Cricket,Cricket Product 1,6.0,1552.01,0.1,381.17
ORD101290,2025-06-09,CUST1090,Rohit Agarwal,Bengaluru,Maharashtra,South,Electronics,Accessories,Accessories Product 28,1.0,2917.28,0.05,759.86
ORD101380,2025-09-07,CUST1180,Neha Verma,Delhi,Tamil Nadu,North,Clothing,Kids,Kids Product 17,6.0,1214.49,0.0,205.75
ORD101933,2024-09-17,CUST1733,Arjun Kumar,Delhi,Tamil Nadu,North,Sports,Outdoor,Outdoor Product 21,4.0,761.62,0.2,103.38
ORD100579,2025-04-28,CUST1579,Priya Gupta,Mumbai,Uttar Pradesh,South,Clothing,Footwear,Footwear Product 13,7.0,1085.82,0.05,276.15
ORD104250,2025-05-31,CUST1650,Anjali Mehta,Jaipur,Maharashtra,West,Electronics,Accessories,Accessories Product 27,7.0,801.46,0.05,161.23
ORD103160,2025-04-24,CUST1760,Rohit Agarwal,Jaipur,Rajasthan,South,Home & Kitchen,Cookware,Cookware Product 26,6.0,-1608.0,0.2,256.41
ORD102030,2025-10-09,CUST1830,Priya Gupta,Kolkata,Delhi,South,Electronics,Laptops,Laptops Product 8,6.0,4307.0,0.05,740.11
ORD100892,2025-04-29,CUST1892,Sneha Joshi,Jaipur,Maharashtra,South,Electronics,Accessories,Accessories Product 17,2.0,662.21,0.1,83.8
ORD104017,2025-11-23,CUST1417,Neha Verma,Agra,Gujarat,West,Home & Kitchen,Cookware,Cookware Product 22,3.0,3816.51,0.1,618.99
ORD100780,2024-07-25,CUST1780,Sneha Joshi,Bengaluru,Maharashtra,East,Electronics,Accessories,Accessories Product 15,3.0,2937.45,0.15,162.71
ORD100159,2025-11-12,CUST1159,Aman Sharma,Agra,Delhi,South,Sports,Cycling,Cycling Product 11,5.0,3915.56,0.05,245.88
ORD100002,2024-09-27,CUST1002,Anjali Mehta,Kolkata,Uttar Pradesh,West,Electronics,Accessories,Accessories Product 12,7.0,1969.19,0.15,308.0
ORD102263,2024-12-19,CUST2063,Aman Sharma,Mumbai,West Bengal,East,Home & Kitchen,Appliances,Appliances Product 6,5.0,2506.67,0.4,230.65
ORD103216,2025-03-07,CUST1816,Aman Sharma,Delhi,Gujarat,West,Electronics,Phones,Phones Product 6,6.0,738.45,0.2,121.91
ORD102109,2024-01-21,CUST1909,Anjali Mehta,Kolkata,Rajasthan,South,Clothing,Women,Women Product 7,6.0,1479.62,0.15,148.56
ORD100849,2024-09-05,CUST1849,Pooja Singh,Ahmedabad,Delhi,North,Electronics,Audio,Audio Product 20,3.0,1210.69,0.3,200.65
ORD102737,2024-01-19,CUST1337,Priya Gupta,Agra,West Bengal,South,Furniture,Storage,Storage Product 8,6.0,3172.4,0.2,333.44
ORD102466,2025-11-30,CUST1066,Vikas Yadav,,Karnataka,North,Electronics,Phones,Phones Product 3,3.0,820.18,0.2,37.07
ORD103758,2024-02-23,CUST1158,Sneha Joshi,Jaipur,Rajasthan,West,Home & Kitchen,Bedding,Bedding Product 25,1.0,2312.08,0.0,679.14
ORD103712,2024-04-10,CUST1112,Pooja Singh,Bengaluru,West Bengal,North,Home & Kitchen,Cookware,Cookware Product 5,3.0,7950.44,0.0,1994.2
ORD101596,2024-02-09,CUST1396,Pooja Singh,Bengaluru,Maharashtra,North,Home & Kitchen,Appliances,Appliances Product 16,3.0,2369.56,0.1,349.77
ORD101776,2024-06-14,CUST1576,Neha Verma,Chennai,West Bengal,East,Sports,Outdoor,Outdoor Product 6,3.0,3166.48,0.3,-105.7
ORD101913,2025-06-09,CUST1713,Pooja Singh,Jaipur,Tamil Nadu,South,Home & Kitchen,Cookware,Cookware Product 29,5.0,594.68,0.1,19.35
ORD101043,2024-05-22,CUST2043,Arjun Kumar,Mumbai,Gujarat,North,Home & Kitchen,Cookware,Cookware Product 12,6.0,674.03,0.15,32.99
ORD104746,2025-01-29,CUST2146,Pooja Singh,Mumbai,Uttar Pradesh,West,Furniture,Tables,Tables Product 25,7.0,674.84,0.15,155.35
ORD101544,2025-05-04,CUST1344,Vikas Yadav,Agra,Gujarat,West,Clothing,Kids,Kids Product 27,3.0,1483.24,0.1,152.16
ORD102736,2025-12-04,CUST1336,Arjun Kumar,Ahmedabad,Maharashtra,West,Home & Kitchen,Decor,Decor Product 15,2.0,535.42,0.2,71.38
ORD103768,2025-02-01,CUST1168,Vikas Yadav,Delhi,Tamil Nadu,East,Furniture,Beds,Beds Product 16,1.0,2037.4,0.3,80.75
ORD104649,2024-08-19,CUST2049,Neha Verma,Ahmedabad,Delhi,West,Electronics,Laptops,Laptops Product 19,6.0,2925.7,0.15,193.9
ORD100053,2024-01-14,CUST1053,Anjali Mehta,Agra,Delhi,South,Electronics,Audio,Audio Product 13,1.0,2703.29,0.3,520.22
ORD101796,2024-04-01,CUST1596,Rahul Singh,Jaipur,Delhi,South,Clothing,Men,Men Product 19,2.0,2369.92,0.1,333.75
ORD103588,2024-03-06,CUST2188,Aman Sharma,Delhi,West Bengal,West,Furniture,Beds,Beds Product 7,5.0,666.97,0.05,105.51
ORD101911,2025-08-21,CUST1711,Priya Gupta,Mumbai,West Bengal,North,Electronics,Audio,Audio Product 9,6.0,3286.72,0.3,-88.67
ORD102306,2025-07-03,CUST2106,Neha Verma,Mumbai,Rajasthan,East,Sports,Cricket,Cricket Product 3,2.0,767.06,0.3,66.06
ORD102553,2025-10-09,CUST1153,Neha Verma,Bengaluru,Uttar Pradesh,East,Electronics,Audio,Audio Product 19,4.0,4926.73,0.4,643.97
ORD102800,2025-06-26,CUST1400,Pooja Singh,Bengaluru,Rajasthan,South,Furniture,Tables,Tables Product 9,3.0,4318.56,0.2,401.95
ORD100936,2025-05-17,CUST1936,Neha Verma,Bengaluru,Rajasthan,West,Furniture,Tables,Tables Product 21,2.0,451.24,0.15,96.4
ORD104157,2024-07-12,CUST1557,Arjun Kumar,Bengaluru,Maharashtra,South,Electronics,Accessories,Accessories Product 9,7.0,818.47,0.0,159.34
ORD100824,2024-07-13,CUST1824,Rohit Agarwal,Delhi,Gujarat,East,Electronics,Laptops,Laptops Product 16,7.0,1697.62,0.3,143.38
ORD104767,2025-11-15,CUST2167,Priya Gupta,Chennai,Gujarat,South,Electronics,Phones,Phones Product 21,2.0,1774.14,0.0,153.7
ORD103178,2025-06-16,CUST1778,Rahul Singh,Chennai,Delhi,North,Furniture,Beds,Beds Product 8,4.0,3163.13,0.2,147.15
ORD103401,2024-09-01,CUST2001,Rohit Agarwal,Agra,Maharashtra,West,Home & Kitchen,Appliances,Appliances Product 28,1.0,1213.01,0.4,166.47
ORD101389,2025-03-10,CUST1189,Priya Gupta,Kolkata,Delhi,North,Clothing,Footwear,Footwear Product 5,7.0,847.37,0.05,222.24
ORD103564,2024-09-13,CUST2164,Pooja Singh,Ahmedabad,West Bengal,North,Electronics,Accessories,Accessories Product 14,2.0,1390.62,0.2,134.4
ORD104967,2024-04-07,CUST1167,Vikas Yadav,Ahmedabad,Maharashtra,South,Furniture,Beds,Beds Product 14,6.0,726.93,0.05,61.0
ORD100884,2025-09-14,CUST1884,Priya Gupta,Mumbai,West Bengal,South,Home & Kitchen,Appliances,Appliances Product 28,7.0,1644.6,0.1,372.99
ORD103867,2025-03-31,CUST1267,Rohit Agarwal,bengaluru,Uttar Pradesh,South,Home & Kitchen,Decor,Decor Product 24,7.0,931.17,0.3,128.3
ORD103646,2024-07-23,CUST1046,Anjali Mehta,Kolkata,Tamil Nadu,South,Clothing,Women,Women Product 28,2.0,1477.7,0.15,287.67
ORD101607,2025-11-11,CUST1407,Aman Sharma,Jaipur,Rajasthan,South,Electronics,Phones,Phones Product 16,6.0,1832.82,0.05,362.39
ORD101594,2025-07-21,CUST1394,Vikas Yadav,Chennai,Karnataka,East,Furniture,Tables,Tables Product 25,5.0,5601.56,0.3,749.29
ORD100771,2024-04-27,CUST1771,Rahul Singh,Agra,Karnataka,South,Electronics,Phones,Phones Product 2,5.0,1736.74,0.3,207.55
ORD102611,2024-08-23,CUST1211,Arjun Kumar,Jaipur,Karnataka,North,Furniture,Tables,Tables Product 11,3.0,1773.67,0.2,52.14
ORD103918,2025-12-21,CUST1318,Neha Verma,Chennai,West Bengal,South,Furniture,Beds,Beds Product 24,2.0,1354.66,0.2,167.43
ORD102273,2024-10-29,CUST2073,Rohit Agarwal,Mumbai,Gujarat,West,Furniture,Storage,Storage Product 27,1.0,801.58,0.05,29.79
ORD101868,2024-02-28,CUST1668,Pooja Singh,Kolkata,West Bengal,South,Sports,Cricket,Cricket Product 19,4.0,1870.52,0.05,187.98
ORD101085,2025-10-09,CUST2085,Rahul Singh,Agra,Maharashtra,North,Sports,Outdoor,Outdoor Product 22,1.0,1274.34,0.05,64.67
ORD100010,2024-08-02,CUST1010,Pooja Singh,Chennai,Uttar Pradesh,North,Electronics,Phones,Phones Product 24,7.0,2201.28,0.1,326.93
ORD103673,2025-09-24,CUST1073,Pooja Singh,Delhi,Maharashtra,East,Home & Kitchen,Decor,Decor Product 17,6.0,648.54,0.1,134.52
ORD101325,2025-12-31,CUST1125,Pooja Singh,Delhi,Delhi,South,Home & Kitchen,Decor,Decor Product 13,7.0,2845.91,0.3,304.86
ORD103390,2024-03-15,CUST1990,Rahul Singh,Ahmedabad,Delhi,East,Furniture,Tables,Tables Product 10,1.0,2207.81,0.2,114.0
ORD101463,2025-05-07,CUST1263,Priya Gupta,Ahmedabad,Rajasthan,South,Electronics,Accessories,Accessories Product 16,4.0,1765.0,0.1,428.59
ORD100806,2024-11-25,CUST1806,Sneha Joshi,Jaipur,Uttar Pradesh,East,Electronics,Audio,Audio Product 4,3.0,1993.48,0.05,473.2
ORD104379,2025-02-22,CUST1779,Rohit Agarwal,Agra,Gujarat,West,Home & Kitchen,Cookware,Cookware Product 12,6.0,1896.82,0.05,488.33
ORD104051,2025-10-06,CUST1451,Vikas Yadav,Jaipur,Gujarat,South,Electronics,Accessories,Accessories Product 15,6.0,681.4,0.0,149.1
ORD103833,2024-07-23,CUST1233,Pooja Singh,Bengaluru,Uttar Pradesh,East,Sports,Fitness,Fitness Product 24,6.0,855.15,0.2,-1.42
ORD102108,2025-03-02,CUST1908,Anjali Mehta,Chennai,Uttar Pradesh,South,Home & Kitchen,Decor,Decor Product 3,6.0,1364.06,0.4,47.35
ORD104266,2024-10-15,CUST1666,Rahul Singh,Mumbai,Maharashtra,West,Furniture,Storage,,6.0,867.91,0.3,88.06
ORD104991,2025-06-23,CUST1191,Anjali Mehta,Mumbai,Rajasthan,West,Sports,Cricket,Cricket Product 27,3.0,1286.45,0.1,71.86
ORD102234,2024-02-05,CUST2034,Vikas Yadav,Jaipur,Delhi,South,Clothing,Men,Men Product 23,2.0,1195.2,0.05,216.76
ORD103211,2024-04-02,CUST1811,Sneha Joshi,Bengaluru,Gujarat,North,Furniture,Beds,Beds Product 28,4.0,1044.28,0.3,96.51
ORD100963,2025-12-15,CUST1963,Aman Sharma,Ahmedabad,Uttar Pradesh,West,Sports,Outdoor,Outdoor Product 9,4.0,1899.42,0.15,252.62
ORD103415,2024-03-17,CUST2015,Rahul Singh,Bengaluru,Karnataka,West,Clothing,Women,Women Product 25,6.0,,0.0,164.26
ORD103815,2025-04-01,CUST1215,Aman Sharma,Bengaluru,Delhi,East,Clothing,Footwear,Footwear Product 16,5.0,323.15,0.15,10.35
ORD100398,2024-12-19,CUST1398,Rahul Singh,Kolkata,Rajasthan,West,Electronics,Phones,Phones Product 9,6.0,641.57,0.0,98.31
ORD102632,2024-10-04,CUST1232,Vikas Yadav,Delhi,Uttar Pradesh,West,Clothing,Men,Men Product 25,6.0,635.64,0.2,25.87
ORD104885,2024-03-15,CUST1085,Vikas Yadav,Mumbai,Rajasthan,North,Clothing,Men,Men Product 14,1.0,1023.74,0.05,77.5
ORD102996,2025-01-16,CUST1596,Arjun Kumar,Ahmedabad,Tamil Nadu,North,Home & Kitchen,,Bedding Product 22,2.0,4605.23,0.2,717.99
ORD100704,2025-12-04,CUST1704,Aman Sharma,Mumbai,Tamil Nadu,South,Furniture,Chairs,Chairs Product 21,7.0,2356.55,0.05,197.23
ORD100431,2025-10-20,CUST1431,Vikas Yadav,Delhi,Uttar Pradesh,South,Electronics,Audio,Audio Product 20,6.0,532.57,0.4,48.77
ORD100292,2024-09-10,CUST1292,Anjali Mehta,Delhi,Rajasthan,West,Home & Kitchen,Decor,Decor Product 15,1.0,739.67,0.15,12.67
ORD104901,2025-12-21,CUST1101,Rahul Singh,Mumbai,West Bengal,South,Home & Kitchen,Decor,Decor Product 26,1.0,1062.26,0.15,90.96
ORD100145,2024-04-05,CUST1145,Rahul Singh,Delhi,Tamil Nadu,East,Furniture,Chairs,Chairs Product 16,6.0,557.17,0.05,119.83
ORD104176,2024-09-18,CUST1576,Aman Sharma,Ahmedabad,Maharashtra,West,Sports,Fitness,Fitness Product 21,1.0,1390.25,0.3,46.16
ORD102033,2024-12-10,CUST1833,Rahul Singh,Chennai,Uttar Pradesh,,Clothing,Men,Men Product 5,7.0,1205.22,0.1,68.82
ORD104236,2024-06-27,CUST1636,Rahul Singh,Agra,Uttar Pradesh,South,Home & Kitchen,Cookware,Cookware Product 19,6.0,3419.48,0.4,414.11
ORD101165,2024-06-28,CUST2165,Neha Verma,Ahmedabad,Maharashtra,South,Sports,Cricket,Cricket Product 18,2.0,1277.22,0.05,197.04
ORD103500,2025-05-13,CUST2100,Pooja Singh,Ahmedabad,Karnataka,North,Furniture,Chairs,Chairs Product 3,1.0,1333.69,0.1,129.97
ORD102050,2025-11-18,CUST1850,,Ahmedabad,West Bengal,North,Clothing,,Women Product 2,6.0,1107.9,0.2,48.25
ORD102624,2024-10-09,CUST1224,Anjali Mehta,Delhi,Tamil Nadu,East,Sports,Fitness,Fitness Product 18,3.0,1538.73,0.1,395.23
ORD104409,2024-10-22,CUST1809,Aman Sharma,Jaipur,Uttar Pradesh,North,Furniture,Beds,Beds Product 18,7.0,2117.48,0.2,47.64
ORD100339,2025-05-26,CUST1339,Sneha Joshi,Agra,West Bengal,West,Electronics,Phones,Phones Product 4,3.0,3881.35,0.4,49.37
ORD103944,2024-09-16,CUST1344,Anjali Mehta,Delhi,West Bengal,West,Sports,Fitness,Fitness Product 19,3.0,717.39,0.0,166.55
ORD103734,2024-04-09,CUST1134,Vikas Yadav,Mumbai,Maharashtra,West,Home & Kitchen,Bedding,Bedding Product 12,4.0,1618.51,0.0,314.81
ORD102973,2024-12-31,CUST1573,Vikas Yadav,Ahmedabad,Maharashtra,East,Furniture,Chairs,Chairs Product 30,6.0,2003.26,0.1,399.28
ORD100265,2024-12-11,CUST1265,Arjun Kumar,Kolkata,Delhi,East,Electronics,Phones,Phones Product 2,2.0,351.66,0.1,49.56
ORD102424,2024-05-03,CUST1024,Pooja Singh,Kolkata,Rajasthan,North,Home & Kitchen,Bedding,Bedding Product 21,2.0,3956.37,0.1,732.85
ORD101262,2024-03-22,CUST1062,Rahul Singh,Jaipur,Delhi,West,Clothing,Footwear,Footwear Product 16,2.0,541.22,0.0,41.03
ORD101771,2024-11-15,CUST1571,Pooja Singh,Delhi,Maharashtra,North,Home & Kitchen,Appliances,Appliances Product 23,7.0,3056.38,0.2,280.12
ORD103511,2024-11-24,CUST2111,Priya Gupta,Agra,Rajasthan,South,Home & Kitchen,Bedding,Bedding Product 3,1.0,514.47,0.15,34.51
ORD100271,2025-10-13,CUST1271,Arjun Kumar,Ahmedabad,Tamil Nadu,South,Electronics,Accessories,Accessories Product 26,6.0,1071.5,0.0,207.1
ORD100696,2025-11-06,CUST1696,Anjali Mehta,Bengaluru,Rajasthan,West,Furniture,Beds,,5.0,462.61,0.1,25.89
ORD100747,2025-11-07,CUST1747,Anjali Mehta,Kolkata,Maharashtra,South,Home & Kitchen,Appliances,Appliances Product 27,3.0,795.26,0.0,69.59
ORD100244,2025-04-08,CUST1244,Rahul Singh,Jaipur,West Bengal,North,Clothing,Women,Women Product 5,1.0,720.88,0.1,91.01
ORD100317,2025-04-14,CUST1317,Pooja Singh,Bengaluru,Tamil Nadu,East,Sports,Fitness,Fitness Product 24,3.0,2862.03,0.4,258.97
ORD100476,2025-09-03,CUST1476,Vikas Yadav,Kolkata,Uttar Pradesh,North,Furniture,Storage,Storage Product 26,7.0,1494.47,0.1,382.48
ORD102032,2025-08-10,CUST1832,Anjali Mehta,Ahmedabad,Uttar Pradesh,East,Sports,Fitness,Fitness Product 26,5.0,2847.11,0.1,571.33
ORD100957,2024-04-27,CUST1957,Rahul Singh,Delhi,Rajasthan,North,Home & Kitchen,Cookware,Cookware Product 14,3.0,1312.39,0.3,-70.47
ORD103879,2025-07-22,CUST1279,Pooja Singh,Jaipur,Rajasthan,South,Sports,Fitness,Fitness Product 6,3.0,945.46,0.3,90.26
ORD100813,2024-05-05,CUST1813,Pooja Singh,Mumbai,Tamil Nadu,West,Furniture,Beds,Beds Product 8,5.0,1081.5,0.2,10.97
ORD104201,2025-11-04,CUST1601,Rohit Agarwal,Chennai,Gujarat,North,Clothing,Men,Men Product 27,4.0,309.5,0.4,12.53
ORD101914,2024-11-29,CUST1714,Rohit Agarwal,Kolkata,Karnataka,East,Furniture,Storage,Storage Product 22,4.0,730.2,0.15,74.16
ORD104634,2024-12-01,CUST2034,Neha Verma,Agra,Tamil Nadu,North,Sports,Outdoor,Outdoor Product 2,3.0,1182.47,0.0,134.72
ORD103487,2024-10-30,CUST2087,Arjun Kumar,Chennai,Delhi,West,Electronics,Audio,Audio Product 7,6.0,1269.8,0.0,198.33
ORD101297,2024-10-04,CUST1097,Priya Gupta,Mumbai,Karnataka,East,Clothing,Women,Women Product 30,6.0,3417.07,0.3,-131.38
ORD104868,2024-11-10,CUST1068,Pooja Singh,Delhi,Gujarat,West,Electronics,Accessories,Accessories Product 3,5.0,2463.6,0.1,374.52
ORD101804,2024-04-25,CUST1604,Pooja Singh,Mumbai,West Bengal,North,Clothing,Footwear,Footwear Product 9,6.0,758.87,0.1,66.3
ORD100758,2025-12-17,CUST1758,Priya Gupta,Kolkata,Delhi,West,Home & Kitchen,Appliances,Appliances Product 5,7.0,935.19,0.15,223.63
ORD100250,2024-05-26,CUST1250,Pooja Singh,Mumbai,Tamil Nadu,East,Clothing,Men,Men Product 27,4.0,4069.79,0.05,261.36
ORD102461,2024-06-21,CUST1061,Rohit Agarwal,Kolkata,Gujarat,East,Furniture,Storage,Storage Product 23,-3.0,451.92,0.15,11.96
ORD100545,2024-07-08,CUST1545,Priya Gupta,Jaipur,West Bengal,North,Furniture,Storage,Storage Product 2,7.0,715.95,-0.1,81.65
ORD103241,2025-07-04,CUST1841,Pooja Singh,Kolkata,Uttar Pradesh,West,Sports,Cycling,Cycling Product 11,6.0,1647.45,0.3,0.02
ORD100738,2025-01-19,CUST1738,Rahul Singh,Kolkata,Tamil Nadu,East,Sports,Fitness,Fitness Product 27,6.0,2950.34,0.2,585.05
ORD100310,2024-05-14,CUST1310,Arjun Kumar,Jaipur,Tamil Nadu,East,Clothing,Women,Women Product 30,2.0,4942.93,0.05,1313.19
ORD103842,2025-09-22,CUST1242,Aman Sharma,Bengaluru,Delhi,West,Electronics,Accessories,Accessories Product 10,1.0,1319.08,0.15,159.68
ORD102941,2024-01-08,CUST1541,Neha Verma,Chennai,Rajasthan,West,Home & Kitchen,Decor,Decor Product 12,3.0,544.62,0.15,117.14
ORD101131,2025-09-04,CUST2131,Vikas Yadav,Chennai,Rajasthan,North,Sports,Outdoor,Outdoor Product 22,7.0,1158.9,0.15,166.48
ORD101449,2024-04-07,CUST1249,Aman Sharma,Bengaluru,Tamil Nadu,South,Furniture,Beds,Beds Product 2,6.0,2640.07,0.15,544.21
ORD104954,2024-09-20,CUST1154,Priya Gupta,Agra,West Bengal,East,Clothing,Men,Men Product 3,5.0,3715.59,0.0,532.58
ORD100015,2024-04-09,CUST1015,Aman Sharma,Chennai,Rajasthan,West,Clothing,Footwear,Footwear Product 28,1.0,2592.3,0.3,152.74
ORD103232,2025-01-16,CUST1832,Priya Gupta,Mumbai,West Bengal,South,Sports,Cricket,Cricket Product 12,3.0,1027.67,0.15,195.54
ORD102769,2024-05-17,CUST1369,Priya Gupta,Chennai,Uttar Pradesh,North,Clothing,Women,Women Product 16,1.0,1789.66,0.0,266.2
ORD103468,2024-04-26,CUST2068,Neha Verma,Kolkata,Maharashtra,West,Furniture,Storage,Storage Product 1,1.0,1245.98,0.05,
ORD100920,2025-07-07,CUST1920,Neha Verma,Jaipur,Delhi,West,Electronics,Accessories,Accessories Product 28,2.0,1226.91,0.2,-3.94
ORD103029,2024-11-02,CUST1629,Rohit Agarwal,Chennai,Karnataka,North,Clothing,Footwear,Footwear Product 12,3.0,,0.05,16.55
ORD101372,2025-05-15,CUST1172,Anjali Mehta,Bengaluru,Gujarat,South,Furniture,Beds,Beds Product 21,3.0,675.13,0.1,67.73
ORD103587,2025-06-11,CUST2187,Pooja Singh,Jaipur,Tamil Nadu,North,Clothing,Men,Men Product 10,6.0,1853.6,0.1,308.63
ORD102544,2025-06-03,CUST1144,Priya Gupta,Chennai,Tamil Nadu,North,Clothing,Men,Men Product 23,2.0,1224.73,0.1,133.43
ORD103598,2025-04-18,CUST2198,Arjun Kumar,Ahmedabad,West Bengal,South,Sports,Outdoor,Outdoor Product 13,6.0,1435.98,0.15,151.74
ORD100038,2024-07-08,CUST1038,Priya Gupta,Ahmedabad,Karnataka,West,Furniture,Beds,Beds Product 5,4.0,757.06,0.2,44.42
ORD100363,2024-11-18,CUST1363,Arjun Kumar,Jaipur,Uttar Pradesh,East,Electronics,Laptops,Laptops Product 3,2.0,1099.93,0.05,139.39
ORD104711,2025-04-29,CUST2111,Priya Gupta,Mumbai,Tamil Nadu,South,Sports,Outdoor,Outdoor Product 21,5.0,,0.0,166.2
ORD100182,2025-12-10,CUST1182,Neha Verma,Chennai,Maharashtra,West,Home & Kitchen,Bedding,Bedding Product 25,6.0,410.09,0.05,29.91
ORD103033,2024-10-05,CUST1633,Sneha Joshi,Ahmedabad,Uttar Pradesh,West,Home & Kitchen,Bedding,Bedding Product 28,3.0,2452.22,0.2,81.36
ORD102983,2024-09-25,CUST1583,Sneha Joshi,Mumbai,West Bengal,,Sports,Cycling,Cycling Product 17,7.0,2301.57,0.05,388.87
ORD101194,2024-02-01,CUST2194,Pooja Singh,Jaipur,Tamil Nadu,South,Sports,Cycling,Cycling Product 13,3.0,640.77,0.1,158.84
ORD102852,2025-12-30,CUST1452,Rohit Agarwal,Bengaluru,Karnataka,North,Clothing,Kids,Kids Product 8,,620.97,0.0,164.43
ORD103828,2025-05-03,CUST1228,Neha Verma,Kolkata,Rajasthan,South,Home & Kitchen,Cookware,Cookware Product 30,6.0,3099.28,0.15,363.01
ORD101121,2024-04-15,CUST2121,Vikas Yadav,Ahmedabad,Gujarat,East,Home & Kitchen,Decor,Decor Product 8,6.0,861.7,0.3,-24.54
ORD102235,2024-12-18,CUST2035,Sneha Joshi,Chennai,Uttar Pradesh,West,Clothing,Men,Men Product 11,4.0,2236.16,0.1,559.38
ORD102667,2024-10-28,CUST1267,Aman Sharma,Ahmedabad,Maharashtra,South,Furniture,Beds,Beds Product 16,6.0,1554.32,0.05,433.52
ORD103761,2024-02-13,CUST1161,Rahul Singh,Bengaluru,Gujarat,East,Furniture,Tables,Tables Product 5,5.0,2003.47,0.15,333.0
ORD103223,2024-05-15,CUST1823,Rohit Agarwal,Delhi,Tamil Nadu,West,Clothing,Footwear,Footwear Product 13,2.0,680.29,0.3,2.2
ORD101182,2024-12-07,CUST2182,Aman Sharma,Delhi,Karnataka,East,Sports,Cycling,Cycling Product 19,5.0,984.23,0.05,138.78
ORD104214,2025-04-27,CUST1614,Rahul Singh,Mumbai,Gujarat,East,Sports,Cricket,Cricket Product 24,-2.0,1685.18,0.2,122.55
ORD104324,2024-04-17,CUST1724,Sneha Joshi,Ahmedabad,Delhi,East,Electronics,Laptops,Laptops Product 13,1.0,2061.3,1.2,207.54
ORD100614,2025-02-25,CUST1614,Aman Sharma,Jaipur,Delhi,East,Clothing,Women,Women Product 6,3.0,3572.44,0.3,-65.65
ORD104943,2024-08-02,CUST1143,Anjali Mehta,Chennai,Gujarat,South,Electronics,Accessories,Accessories Product 23,5.0,2015.59,0.1,319.95
ORD101466,2025-03-25,CUST1266,Vikas Yadav,Delhi,Tamil Nadu,West,Electronics,Audio,Audio Product 12,3.0,717.05,0.2,138.77
ORD100401,2025-10-26,CUST1401,Pooja Singh,Bengaluru,Karnataka,West,Furniture,Tables,Tables Product 22,3.0,514.48,0.2,82.51
ORD103042,2024-03-06,CUST1642,Arjun Kumar,Delhi,Tamil Nadu,West,Clothing,Women,Women Product 18,6.0,1155.11,0.0,309.78
ORD100934,2025-12-10,CUST1934,Rahul Singh,Chennai,Tamil Nadu,West,Clothing,Kids,Kids Product 15,2.0,1223.67,0.0,357.11
ORD102419,2024-04-10,CUST1019,Pooja Singh,Jaipur,Tamil Nadu,West,Sports,Fitness,Fitness Product 5,6.0,1569.57,0.15,367.25
ORD104096,2024-12-22,CUST1496,Neha Verma,Agra,Delhi,West,Clothing,Men,Men Product 5,3.0,2649.07,0.2,
ORD104545,2024-09-03,CUST1945,Rahul Singh,Chennai,Gujarat,East,Furniture,Tables,Tables Product 6,7.0,246.21,0.0,23.74
ORD102641,2024-01-19,CUST1241,Aman Sharma,Delhi,Rajasthan,East,Electronics,Audio,Audio Product 26,3.0,1541.11,0.1,134.46
ORD104084,2024-06-29,CUST1484,Neha Verma,Mumbai,West Bengal,West,Sports,Cricket,Cricket Product 5,2.0,3316.52,0.2,-16.32
ORD100726,2024-08-11,CUST1726,Priya Gupta,Kolkata,Delhi,East,Clothing,Footwear,Footwear Product 7,6.0,1615.32,0.05,428.35
ORD100826,2025-10-28,CUST1826,Sneha Joshi,Agra,Tamil Nadu,North,Furniture,Beds,Beds Product 10,6.0,1023.83,0.1,164.26
ORD101521,2025-07-24,CUST1321,Rahul Singh,Jaipur,Rajasthan,South,Sports,Cricket,Cricket Product 29,5.0,1566.35,0.0,108.96
ORD104778,2024-07-22,CUST2178,Pooja Singh,Mumbai,Uttar Pradesh,North,Electronics,Accessories,Accessories Product 7,3.0,1018.16,0.05,177.76
ORD102930,2025-11-09,CUST1530,Aman Sharma,Chennai,Delhi,East,Sports,Cycling,Cycling Product 5,3.0,810.38,0.15,45.52
ORD100136,2025-01-27,CUST1136,Arjun Kumar,Mumbai,Uttar Pradesh,West,Sports,Fitness,Fitness Product 19,4.0,673.16,0.0,192.19
ORD103590,2025-01-09,CUST2190,Priya Gupta,Mumbai,Rajasthan,East,Clothing,Women,Women Product 3,6.0,1166.78,0.3,116.68
ORD100628,2024-09-08,CUST1628,Pooja Singh,Delhi,Delhi,East,Clothing,Men,Men Product 5,7.0,975.79,0.0,282.0
ORD100334,2025-10-20,CUST1334,Arjun Kumar,Mumbai,Rajasthan,South,Home & Kitchen,Cookware,Cookware Product 21,1.0,2174.41,0.05,452.91
ORD100390,2024-01-20,CUST1390,Rahul Singh,Jaipur,Gujarat,North,Home & Kitchen,Cookware,Cookware Product 7,7.0,1008.52,0.15,93.6
ORD104418,2024-10-30,CUST1818,Rahul Singh,Kolkata,Uttar Pradesh,South,Electronics,Phones,Phones Product 15,7.0,1889.16,0.0,495.71
ORD104910,2024-02-28,CUST1110,Aman Sharma,Mumbai,Tamil Nadu,North,Clothing,Kids,Kids Product 14,2.0,971.03,0.0,288.78
ORD103895,2024-05-01,CUST1295,Rohit Agarwal,Kolkata,Uttar Pradesh,South,Sports,Outdoor,Outdoor Product 14,3.0,480.23,0.2,108.05
ORD101817,2025-09-26,CUST1617,Rohit Agarwal,Kolkata,Tamil Nadu,South,Furniture,Storage,Storage Product 28,3.0,686.79,0.15,156.13
ORD100400,2024-02-20,CUST1400,Sneha Joshi,Mumbai,Karnataka,South,Sports,Cycling,Cycling Product 22,7.0,1545.64,0.15,354.18
ORD100710,2025-07-11,CUST1710,Vikas Yadav,Kolkata,Rajasthan,South,Sports,Cycling,Cycling Product 24,7.0,1427.0,0.15,85.31
ORD101039,2025-09-28,CUST2039,Priya Gupta,Bengaluru,Maharashtra,West,Clothing,Men,Men Product 16,1.0,1765.18,0.3,213.61
ORD104056,2025-02-02,CUST1456,Neha Verma,Ahmedabad,Uttar Pradesh,West,Home & Kitchen,Decor,Decor Product 1,7.0,2689.06,0.1,252.5
ORD103359,2024-07-14,CUST1959,Anjali Mehta,mumbai,Uttar Pradesh,North,Electronics,Phones,Phones Product 18,7.0,1551.76,0.15,365.87
ORD100046,2025-10-08,CUST1046,Rohit Agarwal,Bengaluru,Rajasthan,East,Clothing,Women,Women Product 18,3.0,1380.15,0.15,86.29
ORD101561,2025-09-26,CUST1361,Anjali Mehta,Kolkata,Karnataka,North,Furniture,Storage,Storage Product 26,5.0,1585.25,0.05,306.28
ORD104833,2025-04-06,CUST1033,Rohit Agarwal,Chennai,Karnataka,North,Clothing,Footwear,Footwear Product 16,7.0,3252.3,0.15,383.97
ORD103642,2024-01-22,CUST1042,Arjun Kumar,Chennai,West Bengal,East,Clothing,Women,Women Product 8,6.0,795.28,0.1,153.11
ORD103726,2025-01-31,CUST1126,Pooja Singh,Kolkata,Tamil Nadu,East,Sports,Fitness,Fitness Product 13,1.0,588.42,0.15,40.18
ORD104877,2025-12-15,CUST1077,Pooja Singh,Delhi,West Bengal,North,Clothing,Women,Women Product 15,7.0,2363.49,0.1,178.69
ORD101112,2024-07-28,CUST2112,Sneha Joshi,Chennai,Delhi,East,Sports,Cycling,Cycling Product 3,4.0,1138.34,0.05,125.74
ORD102513,2024-01-08,CUST1113,Vikas Yadav,Kolkata,Delhi,North,Sports,Outdoor,Outdoor Product 15,4.0,542.8,0.0,50.28
ORD103608,2025-07-20,CUST1008,Vikas Yadav,Jaipur,Gujarat,North,Clothing,Kids,Kids Product 23,-1.0,2057.71,0.1,343.46
ORD101223,2025-04-20,CUST1023,Aman Sharma,Jaipur,Delhi,North,Clothing,Men,Men Product 27,4.0,584.39,0.2,41.91
ORD104904,2025-10-15,CUST1104,Sneha Joshi,Bengaluru,Gujarat,North,Electronics,Laptops,Laptops Product 5,6.0,1014.84,0.15,95.67
ORD103023,2024-07-08,CUST1623,Sneha Joshi,Ahmedabad,Uttar Pradesh,South,Sports,Cycling,Cycling Product 19,6.0,2270.43,0.1,114.97
ORD102421,2025-01-14,CUST1021,Vikas Yadav,Kolkata,Gujarat,East,Furniture,Tables,Tables Product 11,4.0,254.21,0.15,34.01
ORD101508,2024-03-01,CUST1308,Anjali Mehta,Kolkata,Maharashtra,North,Home & Kitchen,Bedding,Bedding Product 7,4.0,1356.4,0.1,53.4
ORD101750,2025-07-11,CUST1550,Pooja Singh,Kolkata,Gujarat,South,Electronics,Audio,Audio Product 20,1.0,972.63,0.0,103.2
ORD104871,2025-07-15,CUST1071,Rahul Singh,Bengaluru,West Bengal,North,Electronics,Laptops,Laptops Product 23,1.0,3738.22,0.1,663.1
ORD104126,2025-06-11,CUST1526,Priya Gupta,Chennai,Rajasthan,South,Furniture,Storage,Storage Product 15,7.0,2738.26,0.0,414.22
ORD101799,2025-12-14,CUST1599,Arjun Kumar,Chennai,Maharashtra,South,Sports,Cycling,Cycling Product 20,3.0,3381.62,0.3,566.77
ORD100338,2024-02-18,CUST1338,Pooja Singh,Bengaluru,Maharashtra,South,Sports,Outdoor,Outdoor Product 29,7.0,2807.41,0.2,397.39
ORD100215,2025-07-19,CUST1215,Pooja Singh,Delhi,Tamil Nadu,North,Clothing,Kids,Kids Product 10,4.0,,0.2,303.42
ORD103663,2025-12-26,CUST1063,Neha Verma,Kolkata,Uttar Pradesh,North,Sports,Cycling,Cycling Product 4,3.0,4697.39,0.0,1056.2
ORD101341,2024-10-18,CUST1141,Rohit Agarwal,Chennai,Karnataka,North,Electronics,Accessories,Accessories Product 24,1.0,401.7,0.1,90.5
ORD100011,2024-11-26,CUST1011,Anjali Mehta,Chennai,Delhi,West,Clothing,Women,Women Product 8,4.0,890.67,0.4,-60.3
ORD101520,2025-07-17,CUST1320,Vikas Yadav,Kolkata,Gujarat,South,Electronics,Accessories,Accessories Product 5,1.0,678.22,0.1,22.61
ORD103640,2024-02-22,CUST1040,Rahul Singh,Chennai,West Bengal,West,Clothing,Men,Men Product 10,4.0,912.44,0.05,43.21
ORD104002,2025-08-27,CUST1402,Arjun Kumar,Kolkata,West Bengal,West,Sports,Cycling,Cycling Product 8,2.0,2375.01,0.0,421.37
ORD103837,2024-08-05,CUST1237,Rahul Singh,Delhi,Gujarat,West,Electronics,Audio,Audio Product 16,2.0,1496.79,0.0,302.68
ORD103004,2025-04-30,CUST1604,Neha Verma,Delhi,Karnataka,North,Clothing,Kids,Kids Product 26,6.0,1007.52,0.05,183.41
ORD102864,2025-08-20,CUST1464,Sneha Joshi,Kolkata,Karnataka,North,Clothing,Footwear,Footwear Product 5,3.0,1086.88,0.05,114.07
ORD103115,2025-11-06,CUST1715,Anjali Mehta,Ahmedabad,Gujarat,North,Clothing,Men,Men Product 18,2.0,3210.29,0.05,628.66
ORD104874,2025-04-12,CUST1074,Rohit Agarwal,Jaipur,Gujarat,East,Sports,Cycling,Cycling Product 20,4.0,2348.03,0.2,180.91
ORD102322,2025-04-10,CUST2122,Vikas Yadav,Bengaluru,Delhi,North,Clothing,Kids,Kids Product 28,7.0,1006.84,0.0,124.9
ORD102571,2025-01-08,CUST1171,Anjali Mehta,Agra,Uttar Pradesh,East,Sports,Cycling,Cycling Product 10,6.0,926.81,0.2,200.91
ORD102913,2025-01-10,CUST1513,Arjun Kumar,Kolkata,Delhi,East,Furniture,Beds,Beds Product 24,2.0,795.7,0.05,41.18
ORD100101,2024-05-08,CUST1101,Sneha Joshi,Agra,Delhi,East,Electronics,Audio,Audio Product 18,6.0,3050.01,0.3,428.61
ORD103549,2025-06-25,CUST2149,Aman Sharma,Chennai,Rajasthan,South,Sports,Fitness,Fitness Product 1,3.0,1307.73,0.15,92.18
ORD101458,2024-12-14,CUST1258,Neha Verma,Agra,Rajasthan,West,Home & Kitchen,Appliances,Appliances Product 22,2.0,1871.01,0.0,370.86
ORD100171,2025-04-17,CUST1171,Rahul Singh,Chennai,Delhi,North,Clothing,Men,Men Product 16,3.0,203.26,0.2,17.85
ORD100107,2025-08-15,CUST1107,Pooja Singh,Agra,,West,Sports,Cycling,Cycling Product 19,4.0,927.56,0.0,83.02
ORD104226,2025-05-28,CUST1626,Sneha Joshi,Delhi,Delhi,South,Home & Kitchen,Cookware,Cookware Product 30,4.0,839.21,0.1,69.81
ORD103569,2024-04-13,CUST2169,Rahul Singh,Delhi,Karnataka,West,Clothing,Women,Women Product 27,6.0,3352.47,0.3,-28.59
ORD104066,2025-05-08,CUST1466,Priya Gupta,Kolkata,Delhi,East,Clothing,Kids,Kids Product 14,1.0,427.94,0.05,117.1
ORD104326,2025-08-18,CUST1726,Aman Sharma,Jaipur,Uttar Pradesh,East,Furniture,Chairs,Chairs Product 2,4.0,4229.23,0.05,
ORD100024,2024-07-10,CUST1024,Neha Verma,Delhi,Karnataka,North,Clothing,Footwear,Footwear Product 10,3.0,,0.05,395.68
ORD104439,2025-01-24,CUST1839,Priya Gupta,Agra,Maharashtra,West,Clothing,Men,Men Product 7,6.0,1483.06,0.05,290.63
ORD104152,2025-12-29,CUST1552,Rahul Singh,Jaipur,Karnataka,West,Furniture,Beds,Beds Product 5,6.0,585.69,0.1,61.39
ORD100938,2025-05-30,CUST1938,Rohit Agarwal,Agra,Tamil Nadu,North,Home & Kitchen,Bedding,Bedding Product 18,4.0,1229.6,0.1,109.97
ORD100060,2025-03-30,CUST1060,Pooja Singh,Delhi,Uttar Pradesh,South,Home & Kitchen,Cookware,Cookware Product 7,6.0,,0.0,345.32
ORD101240,2024-04-05,CUST1040,Arjun Kumar,Agra,Rajasthan,North,Clothing,Women,Women Product 27,4.0,2186.45,0.2,469.26
ORD104669,2025-06-15,CUST2069,Arjun Kumar,Delhi,Uttar Pradesh,South,Sports,Outdoor,Outdoor Product 26,7.0,1268.44,0.0,116.56
ORD101040,2025-02-25,CUST2040,Rohit Agarwal,Mumbai,Rajasthan,South,Home & Kitchen,Decor,Decor Product 30,5.0,666.01,0.0,170.91
ORD104217,2025-08-14,CUST1617,Aman Sharma,Delhi,Rajasthan,South,Sports,Cricket,Cricket Product 16,7.0,4761.64,0.0,1177.18
ORD102760,2024-03-18,CUST1360,Arjun Kumar,Delhi,Karnataka,East,Furniture,Beds,Beds Product 13,1.0,660.5,0.05,113.32
ORD102120,2025-04-14,CUST1920,Priya Gupta,Kolkata,Tamil Nadu,East,Sports,Cycling,Cycling Product 13,5.0,843.27,0.2,121.23
ORD101524,2025-07-28,CUST1324,Vikas Yadav,Delhi,Rajasthan,West,Sports,Outdoor,Outdoor Product 23,-2.0,1528.88,0.15,308.75
ORD103521,2024-10-13,CUST2121,Priya Gupta,Delhi,Uttar Pradesh,East,Home & Kitchen,Appliances,Appliances Product 12,6.0,7271.62,,1514.08
ORD100153,2025-06-08,CUST1153,Aman Sharma,Kolkata,West Bengal,East,Home & Kitchen,Bedding,Bedding Product 6,6.0,2151.78,0.2,480.67
ORD102248,2024-06-08,CUST2048,Pooja Singh,Ahmedabad,Delhi,North,Electronics,Phones,Phones Product 22,2.0,898.58,0.1,130.45
ORD100481,2025-06-05,CUST1481,Vikas Yadav,Kolkata,Gujarat,East,Furniture,Chairs,Chairs Product 1,2.0,1285.22,0.15,137.55
ORD104263,2025-07-12,CUST1663,Pooja Singh,Agra,Delhi,North,Clothing,Kids,Kids Product 20,2.0,1733.66,0.1,157.12
ORD104336,2024-12-17,CUST1736,Pooja Singh,Bengaluru,West Bengal,East,Clothing,Footwear,Footwear Product 3,6.0,1612.89,0.0,331.38
ORD103578,2025-08-06,CUST2178,Sneha Joshi,Mumbai,Karnataka,South,Sports,Cycling,Cycling Product 15,2.0,1344.56,0.0,181.52
ORD104155,2025-05-03,CUST1555,Priya Gupta,Bengaluru,Gujarat,East,Electronics,Phones,Phones Product 21,2.0,657.48,0.4,33.55
ORD103562,2024-07-19,CUST2162,Arjun Kumar,,Maharashtra,West,Clothing,Footwear,Footwear Product 5,2.0,1116.78,0.3,168.15
ORD103315,2024-08-22,CUST1915,Sneha Joshi,Jaipur,Karnataka,West,Clothing,Footwear,Footwear Product 23,6.0,671.89,0.0,93.28
ORD101762,2025-01-20,CUST1562,Pooja Singh,Agra,Maharashtra,North,Home & Kitchen,Cookware,Cookware Product 11,6.0,1151.36,0.05,245.19
ORD103538,2025-11-26,CUST2138,Pooja Singh,Chennai,Delhi,North,Clothing,Kids,Kids Product 30,2.0,2703.75,0.2,608.27
ORD104837,2025-11-25,CUST1037,Priya Gupta,Delhi,Rajasthan,North,Clothing,Kids,Kids Product 27,2.0,1584.03,0.05,437.06
ORD100750,2024-03-23,CUST1750,Priya Gupta,Bengaluru,,West,Home & Kitchen,Cookware,Cookware Product 11,6.0,2224.86,0.05,621.15
ORD103619,2024-02-22,CUST1019,Arjun Kumar,Ahmedabad,Rajasthan,West,Electronics,Audio,Audio Product 16,3.0,798.26,0.0,65.63
ORD101785,2025-11-21,CUST1585,Neha Verma,Bengaluru,Gujarat,North,Electronics,Laptops,Laptops Product 26,6.0,1016.76,0.2,83.53
ORD104301,2025-12-31,CUST1701,Anjali Mehta,Kolkata,West Bengal,East,Sports,Fitness,Fitness Product 16,4.0,1071.61,0.1,28.15
ORD103383,2025-01-22,CUST1983,Vikas Yadav,Delhi,Delhi,North,Sports,Outdoor,Outdoor Product 2,6.0,1882.08,0.15,85.43
ORD104168,2024-11-08,CUST1568,Priya Gupta,Mumbai,West Bengal,West,Furniture,Storage,Storage Product 14,7.0,1888.47,0.1,448.8
ORD100405,2024-05-04,CUST1405,Priya Gupta,Mumbai,Tamil Nadu,East,Furniture,Chairs,Chairs Product 3,3.0,3348.77,0.15,82.4
ORD100757,2025-11-15,CUST1757,Rahul Singh,,Maharashtra,South,Home & Kitchen,Decor,Decor Product 7,5.0,1947.21,0.2,-21.04
ORD102711,2025-05-30,CUST1311,Neha Verma,Bengaluru,Uttar Pradesh,South,Electronics,Laptops,Laptops Product 8,2.0,6316.77,0.0,594.02
ORD102670,2024-03-06,CUST1270,Priya Gupta,Ahmedabad,West Bengal,East,Electronics,Laptops,Laptops Product 16,7.0,2834.4,0.2,130.18
ORD104049,2024-06-02,CUST1449,Vikas Yadav,Ahmedabad,Karnataka,West,Sports,Cricket,Cricket Product 26,1.0,569.6,0.1,11.58
ORD100097,2024-01-15,CUST1097,Aman Sharma,Mumbai,West Bengal,West,Home & Kitchen,Decor,Decor Product 5,3.0,639.61,0.4,89.77
ORD101333,2025-12-02,CUST1133,Sneha Joshi,Chennai,Tamil Nadu,West,Sports,Cycling,Cycling Product 27,2.0,554.76,0.15,5.46
ORD104482,2025-10-06,CUST1882,Vikas Yadav,Delhi,Gujarat,East,Home & Kitchen,Cookware,Cookware Product 15,1.0,1550.71,0.05,115.97
ORD102791,2024-10-21,CUST1391,Priya Gupta,Mumbai,Rajasthan,South,Sports,Cycling,Cycling Product 12,7.0,531.59,0.15,16.02
ORD102854,2025-01-05,CUST1454,Neha Verma,Delhi,Karnataka,North,Sports,Cycling,Cycling Product 21,6.0,437.65,0.0,75.49
ORD100186,2024-11-13,CUST1186,Aman Sharma,Agra,West Bengal,West,Clothing,Kids,Kids Product 28,4.0,935.13,0.05,125.29
ORD104661,2024-11-30,CUST2061,Sneha Joshi,Jaipur,Delhi,North,Furniture,Beds,Beds Product 20,2.0,1610.53,0.2,311.5
ORD102723,2025-08-16,CUST1323,,Ahmedabad,Rajasthan,North,Sports,Outdoor,Outdoor Product 12,4.0,2159.29,0.1,384.16
ORD103583,2025-07-26,CUST2183,Aman Sharma,Mumbai,Karnataka,,Clothing,Men,Men Product 28,3.0,2161.4,0.05,453.85
ORD102058,2024-04-11,CUST1858,Pooja Singh,Mumbai,Rajasthan,West,Electronics,Laptops,Laptops Product 1,2.0,1029.48,0.4,6.58
ORD101319,2025-08-21,CUST1119,Vikas Yadav,Bengaluru,Tamil Nadu,South,Sports,Outdoor,Outdoor Product 16,3.0,3740.36,0.3,450.16
ORD104228,2024-01-22,CUST1628,Anjali Mehta,,Rajasthan,West,Electronics,Laptops,Laptops Product 23,3.0,2935.93,0.0,622.17
ORD100148,2024-08-18,CUST1148,Aman Sharma,Agra,Uttar Pradesh,West,Furniture,Storage,Storage Product 3,1.0,1615.59,0.4,249.3
ORD100028,2024-11-09,CUST1028,Neha Verma,Delhi,Delhi,West,Electronics,Accessories,Accessories Product 12,2.0,5351.88,0.15,1161.57
ORD104281,2025-12-14,CUST1681,Anjali Mehta,Mumbai,Delhi,South,Sports,Fitness,Fitness Product 29,3.0,1397.9,0.0,339.4
ORD104076,2024-07-07,CUST1476,Anjali Mehta,Delhi,Delhi,East,Sports,Cycling,Cycling Product 5,4.0,825.36,0.3,77.39
ORD103363,2025-07-12,CUST1963,Aman Sharma,Delhi,Maharashtra,South,Home & Kitchen,Cookware,Cookware Product 24,3.0,663.41,0.0,148.5
ORD100692,2025-01-07,CUST1692,Anjali Mehta,Ahmedabad,West Bengal,East,Clothing,Women,Women Product 27,1.0,,0.05,668.94
ORD102866,2025-08-15,CUST1466,Vikas Yadav,Agra,Uttar Pradesh,North,Furniture,Beds,Beds Product 19,6.0,627.11,0.15,52.46
ORD103776,2025-06-19,CUST1176,Pooja Singh,Chennai,Tamil Nadu,South,Home & Kitchen,Decor,Decor Product 4,1.0,1103.01,0.2,76.27
ORD101386,2024-08-16,CUST1186,Neha Verma,Kolkata,Rajasthan,South,Furniture,Tables,Tables Product 25,5.0,3473.81,0.2,619.36
ORD101845,2024-01-14,CUST1645,Priya Gupta,Agra,Tamil Nadu,West,Furniture,Beds,Beds Product 23,1.0,1317.9,0.4,109.88
ORD104764,2024-08-09,CUST2164,Arjun Kumar,Agra,West Bengal,East,Electronics,Audio,Audio Product 2,1.0,1328.99,0.15,225.32
ORD100129,2025-09-04,CUST1129,Aman Sharma,Agra,Maharashtra,South,Sports,Cricket,Cricket Product 28,4.0,558.37,0.15,123.72
ORD101599,2024-08-03,CUST1399,Aman Sharma,Chennai,Gujarat,West,Sports,Cricket,Cricket Product 23,2.0,2880.24,0.15,698.63
ORD103629,2024-03-14,CUST1029,Arjun Kumar,Mumbai,Uttar Pradesh,West,Clothing,Footwear,Footwear Product 7,7.0,1383.73,0.2,312.58
ORD104534,2024-08-26,CUST1934,Sneha Joshi,Agra,Uttar Pradesh,East,Furniture,Chairs,Chairs Product 16,1.0,1151.09,0.15,91.54
ORD100701,2024-06-26,CUST1701,Priya Gupta,Ahmedabad,Delhi,West,Electronics,Audio,Audio Product 29,4.0,553.79,0.0,63.8
ORD104048,2024-11-22,CUST1448,Vikas Yadav,Ahmedabad,Delhi,East,Furniture,Tables,Tables Product 27,7.0,955.24,0.2,17.33
ORD103028,2024-02-10,CUST1628,Pooja Singh,Delhi,West Bengal,East,Home & Kitchen,Cookware,Cookware Product 5,7.0,1963.66,0.2,302.7
ORD102969,2025-11-18,CUST1569,Arjun Kumar,Agra,Rajasthan,North,Clothing,Men,Men Product 15,4.0,1094.08,0.15,24.83
ORD104387,2025-08-27,CUST1787,Rohit Agarwal,Chennai,Uttar Pradesh,South,Home & Kitchen,Decor,Decor Product 15,1.0,994.43,0.0,279.18
ORD101708,2024-03-24,CUST1508,Rohit Agarwal,,Tamil Nadu,South,Furniture,Storage,Storage Product 18,4.0,336.26,0.0,27.19
ORD102953,2024-07-28,CUST1553,Vikas Yadav,Chennai,Delhi,East,Clothing,Women,Women Product 4,2.0,742.56,0.05,173.76
ORD100454,2025-12-04,CUST1454,Aman Sharma,Ahmedabad,Tamil Nadu,West,Electronics,Phones,Phones Product 5,6.0,1622.37,0.3,-37.68
ORD102868,2025-07-26,CUST1468,Rahul Singh,Delhi,Uttar Pradesh,West,Home & Kitchen,Bedding,Bedding Product 1,4.0,1241.29,0.05,195.68
ORD102040,2024-03-09,CUST1840,Pooja Singh,Bengaluru,Tamil Nadu,East,Clothing,Kids,Kids Product 4,7.0,731.7,0.1,15.33
ORD101772,2024-12-03,CUST1572,Rohit Agarwal,Bengaluru,Karnataka,South,Furniture,Chairs,Chairs Product 15,6.0,767.11,0.05,201.05
ORD102315,2024-12-06,CUST2115,Rohit Agarwal,Ahmedabad,Tamil Nadu,West,Electronics,Accessories,Accessories Product 17,7.0,1339.88,0.1,139.92
ORD100609,2025-09-25,CUST1609,Anjali Mehta,Jaipur,Maharashtra,,Electronics,Laptops,Laptops Product 6,7.0,892.38,0.0,123.66
ORD100167,2024-11-26,CUST1167,Sneha Joshi,Chennai,West Bengal,South,Clothing,Women,Women Product 6,5.0,1212.77,0.05,93.55
ORD100730,2024-03-03,CUST1730,Arjun Kumar,Ahmedabad,Karnataka,West,Clothing,,Kids Product 10,5.0,239.15,0.3,42.4
ORD104279,2024-01-29,CUST1679,Aman Sharma,Ahmedabad,Gujarat,East,Furniture,Tables,Tables Product 9,5.0,1964.28,0.2,23.93
ORD103358,2024-01-07,CUST1958,Arjun Kumar,Mumbai,West Bengal,North,Sports,Cycling,Cycling Product 18,3.0,895.22,0.3,-32.6
ORD103896,2024-10-03,CUST1296,Pooja Singh,Mumbai,Rajasthan,East,Sports,Outdoor,Outdoor Product 15,5.0,1914.72,0.4,303.51
ORD102074,2025-12-25,CUST1874,Rohit Agarwal,Delhi,Uttar Pradesh,South,Sports,Cycling,Cycling Product 8,5.0,1719.97,0.1,51.46
ORD104101,2024-03-25,CUST1501,Aman Sharma,Ahmedabad,Gujarat,South,Clothing,Men,Men Product 10,3.0,1638.52,0.0,406.58
ORD103700,2024-01-13,CUST1100,Vikas Yadav,Bengaluru,Uttar Pradesh,North,Clothing,Men,Men Product 10,7.0,1953.63,0.05,115.69
ORD101622,2025-06-18,CUST1422,Pooja Singh,Mumbai,Delhi,East,Electronics,Laptops,Laptops Product 19,7.0,1065.86,0.15,107.93
ORD100587,2024-02-11,CUST1587,Arjun Kumar,Kolkata,Tamil Nadu,South,Clothing,Women,Women Product 20,6.0,,0.05,95.97
ORD101401,2024-11-13,CUST1201,Anjali Mehta,Bengaluru,West Bengal,West,Furniture,Storage,Storage Product 15,5.0,739.11,0.2,96.38
ORD103045,2024-06-04,CUST1645,Vikas Yadav,Mumbai,Uttar Pradesh,West,Home & Kitchen,Cookware,Cookware Product 23,1.0,2403.43,0.0,150.87
ORD103224,2025-07-08,CUST1824,Pooja Singh,Delhi,Gujarat,South,Electronics,Phones,Phones Product 20,1.0,1844.75,0.0,425.84
ORD101700,2025-01-31,CUST1500,Anjali Mehta,Chennai,Karnataka,North,Home & Kitchen,Cookware,Cookware Product 9,1.0,963.15,0.1,44.64
ORD103088,2025-05-21,CUST1688,Neha Verma,Ahmedabad,West Bengal,North,Home & Kitchen,Decor,Decor Product 13,2.0,1400.22,0.15,340.17
ORD104421,2024-12-03,CUST1821,Neha Verma,Kolkata,Karnataka,South,Electronics,Laptops,Laptops Product 29,7.0,1053.09,0.2,215.61
ORD102981,2025-06-16,CUST1581,Neha Verma,Delhi,Delhi,South,Home & Kitchen,Cookware,Cookware Product 23,7.0,838.37,0.0,248.99
ORD100040,2025-07-16,CUST1040,Arjun Kumar,Mumbai,Karnataka,West,Clothing,Women,Women Product 19,2.0,1449.46,0.75,110.47
ORD101379,2024-03-01,CUST1179,Sneha Joshi,Jaipur,West Bengal,East,Clothing,Footwear,Footwear Product 13,6.0,850.68,0.2,114.51
ORD102089,2024-01-03,CUST1889,Aman Sharma,Ahmedabad,Delhi,West,Electronics,Audio,Audio Product 10,2.0,4239.46,0.3,-205.86
ORD103924,2025-05-06,CUST1324,Aman Sharma,Chennai,Rajasthan,West,Sports,Fitness,Fitness Product 9,6.0,1518.5,0.15,4.76
ORD102175,2024-05-31,CUST1975,Arjun Kumar,Delhi,Uttar Pradesh,West,Home & Kitchen,Bedding,Bedding Product 27,1.0,4356.8,0.15,414.36
ORD103217,2025-11-19,CUST1817,Vikas Yadav,Chennai,Karnataka,South,Electronics,Phones,Phones Product 1,2.0,1326.79,0.1,85.95
ORD102885,2024-01-22,CUST1485,Priya Gupta,Kolkata,Karnataka,South,Home & Kitchen,Decor,Decor Product 16,2.0,2775.15,0.0,778.03
ORD100074,2025-02-05,CUST1074,Sneha Joshi,Chennai,Gujarat,South,Home & Kitchen,Decor,Decor Product 20,6.0,718.68,0.0,202.71
ORD104595,2024-04-02,CUST1995,Vikas Yadav,Delhi,Maharashtra,West,Sports,Fitness,Fitness Product 25,6.0,3174.01,0.0,837.42
ORD103955,2024-05-20,CUST1355,Rahul Singh,Ahmedabad,Delhi,East,Sports,Fitness,Fitness Product 30,3.0,1139.02,0.15,69.11
ORD102657,2024-09-17,CUST1257,Vikas Yadav,Kolkata,West Bengal,South,Clothing,Women,Women Product 15,7.0,1119.16,0.15,47.73
ORD103180,2025-05-19,CUST1780,Rahul Singh,Bengaluru,West Bengal,South,Electronics,Accessories,Accessories Product 25,1.0,446.99,0.1,50.15
ORD102076,2024-03-05,CUST1876,Neha Verma,Jaipur,Rajasthan,West,Clothing,Men,Men Product 16,2.0,751.73,0.0,215.36
ORD100441,2025-10-02,CUST1441,Anjali Mehta,Bengaluru,Delhi,East,Home & Kitchen,Cookware,Cookware Product 9,1.0,2991.1,0.3,212.44
ORD104108,2024-02-07,CUST1508,Neha Verma,Jaipur,Delhi,South,Furniture,Beds,Beds Product 20,7.0,2142.96,0.05,416.38
ORD102051,2025-08-07,CUST1851,Pooja Singh,Delhi,Delhi,East,Furniture,Tables,Tables Product 12,3.0,1459.21,0.3,251.93
ORD102541,2024-09-17,CUST1141,Aman Sharma,Jaipur,Delhi,South,Clothing,Men,Men Product 1,4.0,1253.45,0.15,144.87
ORD103306,2025-08-27,CUST1906,Pooja Singh,Ahmedabad,Uttar Pradesh,South,Electronics,Audio,Audio Product 10,4.0,735.3,0.0,167.97
ORD101301,2025-10-27,CUST1101,Rohit Agarwal,Kolkata,Gujarat,South,Clothing,Women,Women Product 7,1.0,1492.39,0.15,198.06
ORD101781,2024-04-11,CUST1581,Anjali Mehta,Chennai,West Bengal,North,Home & Kitchen,Bedding,Bedding Product 21,2.0,2173.55,0.15,489.9
ORD104848,2025-06-20,CUST1048,Pooja Singh,Bengaluru,Rajasthan,East,Electronics,Phones,Phones Product 14,4.0,520.06,0.15,80.38
ORD103430,2024-12-08,CUST2030,Neha Verma,Jaipur,Uttar Pradesh,East,Home & Kitchen,Bedding,Bedding Product 28,5.0,1402.85,0.1,63.78
ORD101304,2024-04-18,CUST1104,Rahul Singh,Agra,Maharashtra,South,Clothing,Women,Women Product 30,5.0,1088.81,0.15,157.26
ORD100236,2024-07-16,CUST1236,Pooja Singh,Bengaluru,Maharashtra,South,Electronics,Accessories,Accessories Product 15,2.0,1030.85,0.2,149.69
ORD102599,2025-05-11,CUST1199,Priya Gupta,Chennai,Gujarat,West,Electronics,Phones,Phones Product 20,3.0,1402.71,0.1,102.5
ORD100520,2025-08-27,CUST1520,Sneha Joshi,Agra,Gujarat,West,Electronics,Phones,Phones Product 4,1.0,858.75,0.0,105.05
ORD102573,2024-06-08,CUST1173,Aman Sharma,Bengaluru,Maharashtra,South,Sports,Cycling,Cycling Product 7,5.0,979.4,0.0,75.15
ORD103280,2025-08-16,CUST1880,Rahul Singh,Jaipur,Rajasthan,North,Electronics,Accessories,Accessories Product 11,2.0,1541.47,0.15,12.24
ORD103186,2025-06-23,CUST1786,Priya Gupta,Agra,Karnataka,North,Sports,Fitness,Fitness Product 18,-3.0,3501.14,0.0,326.13
ORD102768,2025-07-26,CUST1368,Rahul Singh,Delhi,Uttar Pradesh,West,Furniture,Tables,Tables Product 21,1.0,887.11,0.3,45.92
ORD100735,2024-04-14,CUST1735,Vikas Yadav,Ahmedabad,Uttar Pradesh,North,Furniture,Beds,Beds Product 12,6.0,2275.68,0.05,88.98
ORD104828,2024-10-30,CUST1028,Priya Gupta,Bengaluru,Uttar Pradesh,East,Electronics,Phones,Phones Product 7,6.0,466.39,0.15,96.43
ORD104964,2024-12-15,CUST1164,Pooja Singh,Bengaluru,Gujarat,East,Furniture,Storage,Storage Product 5,4.0,897.48,0.15,155.22
ORD102106,2025-05-12,CUST1906,Neha Verma,Agra,Gujarat,South,Home & Kitchen,Decor,Decor Product 28,6.0,201.11,0.4,8.75
ORD102679,2025-07-19,CUST1279,Pooja Singh,Jaipur,Uttar Pradesh,West,Clothing,Kids,Kids Product 11,1.0,1266.5,0.1,322.11
ORD103229,2024-11-13,CUST1829,Pooja Singh,Jaipur,Gujarat,North,Furniture,Storage,Storage Product 25,5.0,3637.34,0.2,-0.53
ORD102761,2024-05-03,CUST1361,Neha Verma,Delhi,Delhi,North,Furniture,Beds,Beds Product 19,5.0,3755.9,0.4,142.98
ORD100592,2024-05-12,CUST1592,Pooja Singh,Ahmedabad,West Bengal,West,Home & Kitchen,Appliances,Appliances Product 3,1.0,1462.85,0.2,207.71
ORD101303,2024-01-29,CUST1103,Anjali Mehta,Chennai,Uttar Pradesh,South,Sports,Outdoor,Outdoor Product 22,5.0,3898.08,0.0,1062.21
ORD101387,2024-04-17,CUST1187,Anjali Mehta,Jaipur,Karnataka,South,Electronics,Audio,Audio Product 13,1.0,485.06,0.05,95.23
ORD104727,2025-04-29,CUST2127,Sneha Joshi,Mumbai,Delhi,West,Furniture,Tables,Tables Product 12,4.0,1797.77,0.15,197.13
ORD104557,2025-12-21,CUST1957,Priya Gupta,Jaipur,Tamil Nadu,West,Home & Kitchen,Bedding,Bedding Product 3,4.0,4220.35,0.0,1227.92
ORD104012,2025-12-18,CUST1412,Sneha Joshi,Mumbai,Tamil Nadu,North,Home & Kitchen,Appliances,Appliances Product 23,1.0,4780.14,0.1,816.33
ORD101890,2025-02-23,CUST1690,Sneha Joshi,Chennai,Tamil Nadu,West,Clothing,Kids,Kids Product 14,1.0,560.46,0.15,137.72
ORD102987,2025-05-20,CUST1587,Sneha Joshi,Bengaluru,West Bengal,East,Furniture,Chairs,Chairs Product 6,2.0,725.01,0.0,56.07
ORD104959,2025-01-14,CUST1159,Rohit Agarwal,Bengaluru,Gujarat,North,Home & Kitchen,Cookware,Cookware Product 4,6.0,539.54,0.2,58.99
ORD103297,2025-12-13,CUST1897,Arjun Kumar,Chennai,Maharashtra,North,Clothing,Kids,Kids Product 28,1.0,1827.47,0.2,150.41
ORD100904,2024-07-30,CUST1904,Neha Verma,Jaipur,Maharashtra,West,Home & Kitchen,Cookware,Cookware Product 10,1.0,1776.48,0.0,237.23
ORD104641,2025-02-16,CUST2041,Sneha Joshi,Bengaluru,Delhi,West,Clothing,Women,Women Product 12,4.0,1831.58,0.2,360.14
ORD101279,2024-10-06,CUST1079,Rahul Singh,Jaipur,Gujarat,South,Furniture,Storage,Storage Product 3,1.0,1814.54,0.15,16.64
ORD100933,2024-10-03,CUST1933,Sneha Joshi,mumbai,Delhi,East,Furniture,Beds,Beds Product 20,7.0,1032.29,0.0,199.99
ORD104934,2024-12-05,CUST1134,Vikas Yadav,Chennai,Karnataka,East,Clothing,Kids,Kids Product 11,3.0,954.44,0.1,230.25
ORD102308,2025-05-23,CUST2108,Sneha Joshi,Kolkata,Gujarat,South,Home & Kitchen,Appliances,Appliances Product 20,6.0,1775.14,0.15,142.76
ORD101555,2025-08-02,CUST1355,Aman Sharma,Mumbai,Maharashtra,South,Furniture,Storage,Storage Product 28,6.0,1290.39,0.05,113.94
ORD104564,2024-04-24,CUST1964,Rohit Agarwal,Ahmedabad,Delhi,South,Home & Kitchen,Appliances,Appliances Product 5,2.0,1357.08,0.2,193.75
ORD103190,2025-05-06,CUST1790,Arjun Kumar,Agra,West Bengal,East,Electronics,Laptops,Laptops Product 4,2.0,883.32,0.15,98.6
ORD104472,2025-07-26,CUST1872,Rahul Singh,Mumbai,Karnataka,East,Sports,Cycling,Cycling Product 22,6.0,1797.97,0.3,285.22
ORD100706,2024-05-24,CUST1706,Priya Gupta,Agra,Tamil Nadu,North,Clothing,Footwear,Footwear Product 10,3.0,4487.93,0.15,601.54
ORD104722,2025-02-04,CUST2122,Arjun Kumar,Jaipur,Delhi,North,Electronics,Laptops,Laptops Product 4,5.0,1105.96,0.05,262.82
ORD103070,2024-07-28,CUST1670,Rohit Agarwal,Chennai,Karnataka,West,Electronics,Laptops,Laptops Product 29,7.0,1009.68,0.0,215.8
ORD100745,2024-01-23,CUST1745,Arjun Kumar,Mumbai,Uttar Pradesh,South,Sports,Cycling,Cycling Product 13,3.0,547.04,0.2,35.53
ORD103594,2024-12-23,CUST2194,Anjali Mehta,Ahmedabad,Delhi,West,Sports,Outdoor,Outdoor Product 3,3.0,824.84,0.2,172.84
ORD101939,2024-10-29,CUST1739,Sneha Joshi,Agra,West Bengal,East,Electronics,Audio,Audio Product 25,5.0,1294.29,0.05,362.15
ORD104431,2025-01-21,CUST1831,Aman Sharma,Kolkata,Rajasthan,East,Clothing,Kids,Kids Product 23,7.0,853.58,0.4,-5.6
ORD102862,2025-05-04,CUST1462,Arjun Kumar,Bengaluru,Karnataka,East,Electronics,Accessories,Accessories Product 13,7.0,1132.59,0.0,163.12
ORD104063,2024-04-21,CUST1463,Neha Verma,Bengaluru,Gujarat,West,Clothing,Men,Men Product 12,6.0,845.39,0.3,150.67
ORD100513,2025-08-29,CUST1513,Arjun Kumar,Kolkata,Tamil Nadu,North,Furniture,Beds,Beds Product 23,1.0,3333.55,0.3,90.51
ORD100081,2025-03-31,CUST1081,Rahul Singh,Delhi,West Bengal,South,Sports,Cricket,Cricket Product 15,7.0,716.13,0.15,27.71
ORD100228,2025-03-14,CUST1228,Rohit Agarwal,Chennai,Karnataka,North,Furniture,Beds,Beds Product 25,7.0,612.1,0.2,117.82
ORD101308,2024-05-25,CUST1108,Rahul Singh,Jaipur,Gujarat,South,Sports,Outdoor,Outdoor Product 5,7.0,1490.58,0.2,240.49
ORD104579,2025-10-25,CUST1979,Arjun Kumar,Delhi,West Bengal,West,Home & Kitchen,Bedding,Bedding Product 10,5.0,575.0,0.15,29.58
ORD100914,2024-04-20,CUST1914,Vikas Yadav,Kolkata,Delhi,West,Sports,Fitness,,1.0,1086.32,0.1,35.8
ORD103452,2025-05-23,CUST2052,Pooja Singh,Mumbai,Uttar Pradesh,West,Sports,Cricket,Cricket Product 3,7.0,569.34,0.05,71.64
ORD103695,2025-09-23,CUST1095,Priya Gupta,Mumbai,Uttar Pradesh,East,Electronics,Audio,Audio Product 12,1.0,1133.32,0.1,163.69
ORD104838,2024-07-25,CUST1038,Vikas Yadav,Bengaluru,West Bengal,South,Furniture,Storage,Storage Product 27,4.0,2873.91,0.2,142.89
ORD103156,2024-11-19,CUST1756,Rohit Agarwal,Agra,Gujarat,East,Sports,Fitness,Fitness Product 3,3.0,1133.28,0.1,221.12
ORD102198,2025-11-03,CUST1998,Aman Sharma,Kolkata,Delhi,West,Clothing,Kids,Kids Product 26,3.0,1691.32,0.1,113.82
ORD104262,2025-03-25,CUST1662,Sneha Joshi,Jaipur,Gujarat,South,Home & Kitchen,Appliances,Appliances Product 19,5.0,1023.5,0.05,233.18
ORD100774,2024-02-23,CUST1774,Priya Gupta,Jaipur,Delhi,West, Sports ,Fitness,Fitness Product 3,3.0,616.0,0.15,141.95
ORD100329,2024-10-03,CUST1329,Rohit Agarwal,Mumbai,Karnataka,North,Home & Kitchen,Cookware,Cookware Product 6,1.0,1607.75,0.2,252.74
ORD102054,2025-05-03,CUST1854,Arjun Kumar,Kolkata,Karnataka,West,Furniture,Chairs,Chairs Product 10,7.0,4019.1,0.15,431.94
ORD102001,2025-03-02,CUST1801,Pooja Singh,Agra,Karnataka,South,Home & Kitchen,Decor,Decor Product 14,7.0,731.71,0.05,119.94
ORD100943,2025-10-25,CUST1943,Sneha Joshi,Delhi,Karnataka,West,Clothing,Footwear,Footwear Product 23,7.0,1501.25,0.05,247.53
ORD100822,2025-11-26,CUST1822,Vikas Yadav,Kolkata,Tamil Nadu,West,Clothing,Women,Women Product 30,5.0,1439.9,0.15,220.01
ORD104558,2025-09-29,CUST1958,Priya Gupta,Bengaluru,Karnataka,North,Home & Kitchen,Decor,Decor Product 22,1.0,446.08,0.3,52.56
ORD100909,2024-08-20,CUST1909,Priya Gupta,Chennai,Rajasthan,South,Electronics,Accessories,Accessories Product 19,7.0,1212.79,0.2,158.92
ORD102516,2024-03-27,CUST1116,Pooja Singh,Mumbai,Delhi,North,Home & Kitchen,Bedding,Bedding Product 26,4.0,1568.63,0.0,332.05
ORD100181,2024-12-24,CUST1181,Rahul Singh,Jaipur,Karnataka,West,Sports,Outdoor,Outdoor Product 5,5.0,2753.83,0.15,583.89
ORD100164,2025-09-11,CUST1164,Vikas Yadav,Kolkata,Maharashtra,West,Furniture,Beds,Beds Product 26,1.0,1323.07,0.15,270.95
ORD101523,2025-10-21,CUST1323,Rohit Agarwal,Bengaluru,Uttar Pradesh,East,Sports,Cricket,Cricket Product 20,3.0,1371.46,0.2,189.8
ORD100451,2024-08-24,CUST1451,Aman Sharma,Delhi,Uttar Pradesh,West,Sports,Cricket,Cricket Product 17,2.0,1229.83,0.0,73.97
ORD103983,2025-07-20,CUST1383,Aman Sharma,Jaipur,West Bengal,South,Home & Kitchen,Cookware,Cookware Product 11,6.0,459.11,0.05,48.16
ORD102538,2025-07-16,CUST1138,Rahul Singh,Agra,Uttar Pradesh,South,Electronics,Accessories,Accessories Product 10,7.0,1512.57,0.2,141.45
ORD104459,2024-11-30,CUST1859,Arjun Kumar,Agra,West Bengal,North,Electronics,Laptops,Laptops Product 10,7.0,1290.2,0.1,189.85
ORD104809,2024-01-27,CUST1009,Neha Verma,Bengaluru,Uttar Pradesh,South,Furniture,Chairs,,7.0,2758.57,0.15,298.22
ORD101311,2024-12-21,CUST1111,Vikas Yadav,Bengaluru,Tamil Nadu,North,Electronics,Phones,Phones Product 19,7.0,645.32,0.2,101.34
ORD103149,2025-10-22,CUST1749,Rahul Singh,Kolkata,Maharashtra,South,Sports,Cricket,Cricket Product 10,4.0,1159.28,0.15,74.45
ORD101111,2025-09-07,CUST2111,Vikas Yadav,Bengaluru,Rajasthan,North,Sports,Outdoor,Outdoor Product 11,1.0,1543.59,0.1,188.6
ORD104578,2025-02-15,CUST1978,Rohit Agarwal,Bengaluru,Rajasthan,East,Furniture,Chairs,,2.0,1514.09,0.15,122.55
ORD103874,2025-07-17,CUST1274,Sneha Joshi,Mumbai,West Bengal,East,Furniture,Beds,Beds Product 27,2.0,998.98,0.0,289.78
ORD103489,2025-08-04,CUST2089,Arjun Kumar,Ahmedabad,Maharashtra,North,Clothing,Women,Women Product 24,7.0,1232.26,0.05,128.19
ORD101287,2025-12-21,CUST1087,Anjali Mehta,Mumbai,Uttar Pradesh,North,Furniture,Chairs,Chairs Product 25,1.0,1941.44,0.4,-154.55
ORD104207,2024-07-11,CUST1607,Arjun Kumar,Delhi,Delhi,West,Sports,Outdoor,Outdoor Product 8,3.0,1634.07,0.3,313.28
ORD104677,2024-02-28,CUST2077,Aman Sharma,Kolkata,Uttar Pradesh,South,Furniture,Storage,Storage Product 15,2.0,1687.67,0.2,344.02
ORD103680,2025-03-27,CUST1080,Aman Sharma,Chennai,Gujarat,East,Furniture,Chairs,Chairs Product 18,1.0,4026.06,0.0,295.45
ORD104361,2024-03-08,CUST1761,Arjun Kumar,Ahmedabad,Uttar Pradesh,South,Furniture,Storage,Storage Product 3,2.0,1198.43,0.05,93.35
ORD104198,2025-05-02,CUST1598,Sneha Joshi,Mumbai,Rajasthan,West,Home & Kitchen,Bedding,Bedding Product 7,-3.0,1363.55,0.15,305.02
ORD103300,2025-06-23,CUST1900,Rohit Agarwal,Chennai,Uttar Pradesh,North,Home & Kitchen,Cookware,Cookware Product 8,5.0,3722.93,0.15,770.86
ORD103310,2024-10-22,CUST1910,Rahul Singh,Delhi,Rajasthan,South,Clothing,Men,Men Product 12,2.0,667.03,0.05,173.77
ORD104587,2024-01-19,CUST1987,Vikas Yadav,Ahmedabad,Gujarat,North,Sports,Outdoor,Outdoor Product 9,2.0,489.02,0.2,99.05
ORD103125,2024-11-29,CUST1725,Vikas Yadav,Jaipur,Gujarat,North,Electronics,Audio,Audio Product 10,6.0,1108.07,0.1,185.57
ORD100327,2024-01-27,CUST1327,Vikas Yadav,Mumbai,Delhi,West,Home & Kitchen,Appliances,Appliances Product 17,2.0,1930.27,0.0,259.38
ORD101790,2024-02-15,CUST1590,Priya Gupta,Mumbai,Rajasthan,East,Furniture,Storage,Storage Product 27,5.0,2310.74,0.0,518.74
ORD102490,2025-01-27,CUST1090,Pooja Singh,,West Bengal,,Home & Kitchen,Cookware,Cookware Product 20,4.0,835.62,0.4,-32.6
ORD102006,2025-01-18,CUST1806,Priya Gupta,Agra,Rajasthan,West,Electronics,Audio,Audio Product 11,7.0,704.58,0.15,105.78
ORD102007,2025-09-29,CUST1807,Arjun Kumar,Mumbai,Delhi,East,Furniture,Chairs,Chairs Product 22,3.0,571.68,0.1,102.62
ORD101858,2024-11-04,CUST1658,Neha Verma,Agra,Gujarat,West,Home & Kitchen,Bedding,Bedding Product 12,7.0,1289.9,0.4,-20.12
ORD104717,2025-08-05,CUST2117,Rohit Agarwal,Kolkata,Karnataka,West,Electronics,Laptops,Laptops Product 21,3.0,2288.71,0.05,644.15
ORD100312,2025-02-04,CUST1312,Neha Verma,Kolkata,Karnataka,West,Clothing,Footwear,Footwear Product 30,4.0,2412.13,0.15,178.03
ORD100832,2025-02-06,CUST1832,Rohit Agarwal,Bengaluru,Maharashtra,North,Clothing,Kids,Kids Product 5,6.0,2858.02,0.0,857.0
ORD103079,2025-07-11,CUST1679,Pooja Singh,Mumbai,West Bengal,North,Electronics,Audio,Audio Product 10,7.0,1516.85,0.3,86.69
ORD104750,2025-12-30,CUST2150,Vikas Yadav,Agra,,West,Clothing,Men,Men Product 4,6.0,1246.85,0.05,100.6
ORD103462,2025-10-18,CUST2062,Priya Gupta,Kolkata,Rajasthan,East,Furniture,Tables,Tables Product 9,2.0,972.21,0.1,101.53
ORD101201,2024-05-23,CUST1001,Neha Verma,Delhi,Tamil Nadu,North, Furniture ,Chairs,Chairs Product 5,6.0,499.62,0.05,136.31
ORD104422,2025-07-03,CUST1822,Pooja Singh,Chennai,Delhi,North,Furniture,Chairs,Chairs Product 8,7.0,2703.61,0.2,341.82
ORD103547,2025-05-02,CUST2147,Rohit Agarwal,Mumbai,Gujarat,South,Sports,Cricket,Cricket Product 13,7.0,632.75,0.05,77.59
ORD104060,2025-07-06,CUST1460,Rahul Singh,Jaipur,Gujarat,North,Sports,Cricket,Cricket Product 29,1.0,2657.0,0.1,356.25
ORD102134,2025-10-19,CUST1934,,Jaipur,Karnataka,East,Sports,Cricket,Cricket Product 19,4.0,3212.76,0.05,900.18
ORD103451,2025-03-10,CUST2051,Rohit Agarwal,Ahmedabad,Uttar Pradesh,East,Electronics,Audio,Audio Product 25,5.0,3301.01,0.15,769.82
ORD102209,2025-08-12,CUST2009,Arjun Kumar,Jaipur,Gujarat,East,Home & Kitchen,Decor,Decor Product 26,6.0,535.7,0.1,86.48
ORD101901,2025-09-28,CUST1701,Anjali Mehta,Jaipur,Karnataka,South,Furniture,Beds,Beds Product 30,6.0,866.37,0.15,65.21
ORD104050,2025-07-05,CUST1450,Anjali Mehta,Delhi,Uttar Pradesh,South,Electronics,Phones,Phones Product 11,6.0,2783.04,0.1,313.0
ORD101481,2025-11-27,CUST1281,Vikas Yadav,Bengaluru,Tamil Nadu,South,Sports,Outdoor,Outdoor Product 20,7.0,4124.8,0.3,286.97
ORD100777,2025-02-04,CUST1777,Vikas Yadav,Jaipur,West Bengal,East,Clothing,Kids,Kids Product 28,3.0,1019.3,0.15,116.96
ORD100799,2024-04-15,CUST1799,Anjali Mehta,Chennai,Karnataka,West,Furniture,Tables,Tables Product 18,6.0,1485.93,0.15,45.85
ORD103714,2024-10-30,CUST1114,,Chennai,Uttar Pradesh,,Electronics,Laptops,Laptops Product 28,2.0,1149.16,0.05,143.56
ORD103942,2024-06-02,CUST1342,Priya Gupta,Jaipur,Gujarat,East,Sports,Outdoor,Outdoor Product 19,3.0,1706.87,0.2,314.8
ORD100054,2024-08-29,CUST1054,Aman Sharma,Agra,Rajasthan,East,Furniture,Storage,Storage Product 9,7.0,1749.24,0.2,71.49
ORD102972,2024-09-16,CUST1572,Arjun Kumar,Mumbai,Karnataka,North,Home & Kitchen,Appliances,Appliances Product 20,5.0,371.36,0.3,66.89
ORD103335,2024-03-13,CUST1935,Anjali Mehta,Ahmedabad,Maharashtra,West,Furniture,Chairs,Chairs Product 19,3.0,583.55,0.0,73.79
ORD101920,2025-05-16,CUST1720,Vikas Yadav,Bengaluru,Rajasthan,East,Clothing,Men,Men Product 7,4.0,926.03,0.1,168.07
ORD103715,2025-06-23,CUST1115,Aman Sharma,Chennai,Karnataka,North,Sports,Cricket,Cricket Product 15,1.0,2875.12,0.2,5.32
ORD104678,2025-07-27,CUST2078,Arjun Kumar,Jaipur,Rajasthan,East,Home & Kitchen,Bedding,Bedding Product 1,6.0,2052.12,0.4,288.71
ORD100946,2025-06-26,CUST1946,,Jaipur,Uttar Pradesh,West,Clothing,Kids,Kids Product 24,2.0,1258.39,0.15,205.07
ORD101701,2025-05-03,CUST1501,Rohit Agarwal,Mumbai,Rajasthan,North,Furniture,Storage,Storage Product 8,2.0,1994.8,0.4,181.65
ORD103293,2024-09-22,CUST1893,Arjun Kumar,Jaipur,Gujarat,West,Sports,Fitness,Fitness Product 18,2.0,1983.44,0.05,136.13
ORD102161,2025-07-12,CUST1961,Pooja Singh,Agra,Tamil Nadu,East,Clothing,Kids,Kids Product 3,5.0,1993.99,0.0,444.54
ORD101136,2024-06-30,CUST2136,Rahul Singh,Jaipur,Karnataka,West,Clothing,Kids,Kids Product 2,7.0,2578.37,0.15,367.37
ORD100987,2025-11-03,CUST1987,Arjun Kumar,Delhi,Karnataka,East,Home & Kitchen,Decor,Decor Product 23,4.0,2823.95,0.05,143.62
ORD102549,2025-01-02,CUST1149,Pooja Singh,Ahmedabad,Maharashtra,West,Furniture,Storage,Storage Product 2,4.0,1314.46,0.0,70.78
ORD100193,2025-11-02,CUST1193,Vikas Yadav,Chennai,Gujarat,East,Furniture,Storage,Storage Product 30,5.0,6176.48,0.1,302.32
ORD103057,2024-05-22,CUST1657,Arjun Kumar,Kolkata,Karnataka,North,Electronics,Laptops,Laptops Product 24,1.0,965.02,0.2,147.67
ORD103246,2024-11-28,CUST1846,Sneha Joshi,Delhi,West Bengal,West,Home & Kitchen,Appliances,Appliances Product 5,2.0,1811.47,0.1,119.03
ORD101394,2025-09-04,CUST1194,Neha Verma,Delhi,Karnataka,West,Clothing,Footwear,Footwear Product 29,1.0,301.89,0.15,70.67
ORD102637,2025-11-26,CUST1237,Neha Verma,Ahmedabad,Uttar Pradesh,West,Electronics,Phones,Phones Product 21,5.0,1990.28,0.15,321.14
ORD100768,2024-09-06,CUST1768,,Agra,Karnataka,South,Sports,Outdoor,Outdoor Product 27,4.0,579.41,,114.52
ORD104780,2025-06-23,CUST2180,Aman Sharma,Delhi,Rajasthan,North,Home & Kitchen,Bedding,Bedding Product 13,4.0,1984.2,0.05,217.1
ORD103090,2024-10-07,CUST1690,Pooja Singh,Chennai,Maharashtra,South,Furniture,Beds,Beds Product 20,7.0,2353.15,0.0,590.95
ORD103495,2024-08-03,CUST2095,Rohit Agarwal,,Karnataka,East,Electronics,Laptops,Laptops Product 17,7.0,711.06,0.1,118.14
ORD103215,2024-10-17,CUST1815,Vikas Yadav,Kolkata,Uttar Pradesh,South,Home & Kitchen,Cookware,Cookware Product 18,5.0,1070.18,0.05,187.28
ORD100285,2025-11-03,CUST1285,Aman Sharma,Kolkata,Uttar Pradesh,East,Home & Kitchen,Bedding,Bedding Product 30,6.0,2312.42,0.15,361.39
ORD104973,2024-12-23,CUST1173,Priya Gupta,Chennai,West Bengal,West,Home & Kitchen,Decor,Decor Product 24,3.0,1190.1,0.2,250.92
ORD100428,2025-09-27,CUST1428,Arjun Kumar,Chennai,Karnataka,South,Home & Kitchen,Decor,Decor Product 15,1.0,841.76,0.15,198.2
ORD104479,2025-09-05,CUST1879,Rohit Agarwal,kolkata,Uttar Pradesh,South,Home & Kitchen,Cookware,Cookware Product 21,2.0,853.61,0.4,133.8
ORD102332,2025-05-04,CUST2132,Anjali Mehta,Agra,Gujarat,East,Sports,Cycling,Cycling Product 22,2.0,1074.82,0.3,8.2
ORD102717,2025-11-28,CUST1317,Arjun Kumar,Agra,Gujarat,North,Electronics,Phones,Phones Product 30,5.0,1113.84,0.15,22.23
ORD102079,2024-05-22,CUST1879,Rohit Agarwal,Kolkata,Delhi,South,Electronics,Accessories,,5.0,1527.84,0.05,349.42
ORD103389,2025-08-01,CUST1989,Priya Gupta,Bengaluru,Karnataka,South,Home & Kitchen,Cookware,Cookware Product 7,4.0,979.18,0.05,240.42
ORD100722,2024-04-28,CUST1722,Rohit Agarwal,Chennai,Rajasthan,East,Furniture,Chairs,Chairs Product 29,5.0,1948.17,0.15,465.35
ORD100951,2024-01-06,CUST1951,Neha Verma,Kolkata,Uttar Pradesh,South,Electronics,Phones,Phones Product 26,1.0,460.02,0.15,104.36
ORD104414,2024-11-26,CUST1814,Rohit Agarwal,Kolkata,Gujarat,West,Home & Kitchen,Cookware,Cookware Product 12,7.0,1761.18,0.05,151.9
ORD104397,2025-11-10,CUST1797,Aman Sharma,Delhi,Tamil Nadu,East,Clothing,Kids,Kids Product 6,6.0,1034.98,0.15,134.65
ORD102262,2024-07-27,CUST2062,Vikas Yadav,Mumbai,Tamil Nadu,East,Furniture,Chairs,Chairs Product 18,1.0,2735.6,0.15,59.96
ORD100989,2024-01-10,CUST1989,Arjun Kumar,Agra,Rajasthan,West,Sports,Fitness,Fitness Product 21,2.0,1990.89,0.2,98.5
ORD103212,2025-09-12,CUST1812,Rahul Singh,Agra,Rajasthan,South,Furniture,Beds,Beds Product 1,2.0,2725.68,0.0,604.98
ORD101759,2025-12-26,CUST1559,Pooja Singh,Bengaluru,Rajasthan,East,Furniture,Beds,Beds Product 23,1.0,553.32,0.1,52.05
ORD104137,2024-06-10,CUST1537,Sneha Joshi,Delhi,Uttar Pradesh,North,Furniture,Chairs,Chairs Product 23,5.0,3654.66,0.3,-50.91
ORD101724,2025-07-23,CUST1524,Aman Sharma,Ahmedabad,Gujarat,East,Clothing,Kids,Kids Product 17,4.0,408.84,0.05,14.76
ORD100341,2024-06-20,CUST1341,Arjun Kumar,Jaipur,Delhi,East,Sports,Fitness,Fitness Product 3,2.0,643.81,0.15,152.08
ORD103701,2024-04-10,CUST1101,Vikas Yadav,Kolkata,Karnataka,South,Sports,Cricket,Cricket Product 12,5.0,939.46,0.0,96.68
ORD100688,2024-11-25,CUST1688,Arjun Kumar,Mumbai,West Bengal,South,Furniture,Storage,Storage Product 15,7.0,522.62,0.2,16.93
ORD103432,2024-12-19,CUST2032,,Delhi,Uttar Pradesh,East,Electronics,Audio,Audio Product 25,7.0,1309.22,0.15,24.31
ORD100966,2025-03-10,CUST1966,Neha Verma,Jaipur,West Bengal,West,Electronics,Audio,Audio Product 12,7.0,507.31,0.0,112.75
ORD104760,2025-05-19,CUST2160,Sneha Joshi,Bengaluru,Rajasthan,West,Home & Kitchen,Cookware,Cookware Product 3,7.0,1615.79,0.1,327.41
ORD102203,2025-10-16,CUST2003,Vikas Yadav,Delhi,Delhi,North,Furniture,Beds,Beds Product 2,3.0,977.13,0.1,90.25
ORD102713,2025-06-09,CUST1313,Vikas Yadav,Chennai,Rajasthan,West,Furniture,Tables,Tables Product 6,4.0,1303.39,0.05,128.63
ORD103572,2025-01-18,CUST2172,Sneha Joshi,Jaipur,Delhi,East,Home & Kitchen,Decor,Decor Product 4,6.0,531.76,0.05,20.88
ORD101990,2024-08-29,CUST1790,Anjali Mehta,Delhi,Rajasthan,North,Electronics,Laptops,Laptops Product 15,5.0,761.23,0.3,67.97
ORD104576,2024-04-27,CUST1976,Vikas Yadav,Mumbai,Rajasthan,West,Sports,Cricket,Cricket Product 4,4.0,1493.55,0.2,140.89
ORD104776,2024-12-05,CUST2176,Sneha Joshi,Agra,Tamil Nadu,West,Electronics,Phones,Phones Product 20,4.0,1443.94,0.05,244.96
ORD103600,2024-07-02,CUST1000,Priya Gupta,Chennai,West Bengal,East,Sports,Cycling,Cycling Product 8,6.0,897.32,0.15,37.8
ORD104937,2024-05-23,CUST1137,Aman Sharma,Agra,Gujarat,South,Sports,Cycling,Cycling Product 25,2.0,720.05,0.3,87.03
ORD103543,2024-01-19,CUST2143,Neha Verma,Agra,Karnataka,East,Sports,Cricket,Cricket Product 24,4.0,6383.57,0.05,938.77
ORD104154,2024-03-21,CUST1554,Arjun Kumar,Delhi,Karnataka,West,Sports,Cricket,Cricket Product 20,3.0,11211.07,0.05,3128.94
ORD100385,2025-02-11,CUST1385,Aman Sharma,Agra,Rajasthan,North,Electronics,Accessories,Accessories Product 21,2.0,2436.76,0.0,341.26
ORD104401,2024-04-20,CUST1801,Arjun Kumar,Bengaluru,Uttar Pradesh,South,Home & Kitchen,Decor,Decor Product 23,7.0,751.76,0.05,174.11
ORD104600,2024-09-01,CUST2000,Anjali Mehta,Chennai,Rajasthan,North,Clothing,Footwear,Footwear Product 20,3.0,2902.4,0.05,712.68
ORD100536,2025-01-28,CUST1536,Sneha Joshi,Kolkata,Karnataka,East,Electronics,Phones,Phones Product 5,6.0,761.47,0.1,122.45
ORD104697,2025-12-19,CUST2097,Rohit Agarwal,Mumbai,Gujarat,South,Sports,Outdoor,Outdoor Product 30,2.0,1018.4,0.3,30.23
ORD103507,2024-12-30,CUST2107,Aman Sharma,Ahmedabad,Tamil Nadu,North,Clothing,Men,Men Product 22,2.0,3043.79,0.15,249.71
ORD100201,2025-07-17,CUST1201,Priya Gupta,Mumbai,Tamil Nadu,East,Electronics,Phones,Phones Product 9,7.0,1321.05,0.2,231.48
ORD101332,2025-04-20,CUST1132,Arjun Kumar,Chennai,Rajasthan,North,Electronics,Phones,Phones Product 22,2.0,3112.54,0.3,68.72
ORD103502,2025-11-21,CUST2102,Aman Sharma,Jaipur,Gujarat,West,Sports,Cricket,Cricket Product 20,5.0,648.02,0.0,46.18
ORD102708,2024-09-29,CUST1308,Pooja Singh,Ahmedabad,Maharashtra,East,Furniture,Chairs,Chairs Product 16,3.0,2698.46,0.1,509.79
ORD104021,2024-04-23,CUST1421,Anjali Mehta,Jaipur,West Bengal,North,Clothing,Kids,Kids Product 3,4.0,909.67,0.0,253.27
ORD101854,2025-07-20,CUST1654,Anjali Mehta,Agra,Maharashtra,East,Home & Kitchen,Appliances,Appliances Product 9,7.0,2675.0,0.1,638.8
ORD104500,2024-10-03,CUST1900,Vikas Yadav,Mumbai,West Bengal,West,Sports,Cricket,Cricket Product 22,6.0,1086.43,0.0,73.29
ORD102872,2024-02-12,CUST1472,Arjun Kumar,Jaipur,Uttar Pradesh,North,Electronics,Audio,Audio Product 18,3.0,1399.8,0.15,102.96
ORD103030,2024-12-03,CUST1630,Aman Sharma,Bengaluru,Uttar Pradesh,South,Electronics,Laptops,Laptops Product 19,5.0,980.62,0.3,17.17
ORD101205,2025-08-12,CUST1005,Pooja Singh,Ahmedabad,West Bengal,West,Clothing,Footwear,Footwear Product 28,1.0,406.97,0.1,46.11
ORD101645,2024-08-10,CUST1445,Neha Verma,Bengaluru,Gujarat,East,Electronics,Accessories,Accessories Product 22,5.0,823.18,0.1,217.97
ORD103417,2025-03-06,CUST2017,Arjun Kumar,Chennai,Uttar Pradesh,East,Home & Kitchen,Decor,,3.0,898.98,0.0,200.22
ORD103476,2025-05-01,CUST2076,Sneha Joshi,Jaipur,Karnataka,East,Home & Kitchen,Bedding,Bedding Product 17,7.0,1156.41,0.2,6.47
ORD102861,2025-12-08,CUST1461,Neha Verma,Ahmedabad,Uttar Pradesh,West,Furniture,Beds,Beds Product 6,6.0,1436.11,0.4,201.76
ORD101792,2025-04-07,CUST1592,Arjun Kumar,Bengaluru,Uttar Pradesh,North,Furniture,Storage,Storage Product 26,1.0,1658.03,0.2,93.61
ORD103797,2024-05-13,CUST1197,Sneha Joshi,Chennai,West Bengal,South,Sports,,Cycling Product 11,4.0,443.87,0.2,4.48
ORD103368,2025-02-22,CUST1968,Pooja Singh,Mumbai,Tamil Nadu,West,Sports,Fitness,Fitness Product 1,2.0,2229.27,0.05,405.93
ORD103367,2025-03-19,CUST1967,Vikas Yadav,Chennai,Delhi,North,Furniture,Storage,Storage Product 3,7.0,2498.07,0.2,31.07
ORD103533,2024-07-22,CUST2133,Pooja Singh,Jaipur,Tamil Nadu,West,Furniture,Chairs,Chairs Product 4,2.0,3367.29,0.0,229.81
ORD103449,2024-04-20,CUST2049,Aman Sharma,Jaipur,Uttar Pradesh,West,Clothing,Men,Men Product 2,4.0,1169.52,0.05,189.78
ORD100603,2025-06-02,CUST1603,Arjun Kumar,Bengaluru,Karnataka,West,Electronics,Audio,Audio Product 18,6.0,1318.63,0.2,242.58
ORD103056,2025-03-17,CUST1656,Vikas Yadav,Ahmedabad,Rajasthan,South,Furniture,Tables,Tables Product 15,5.0,796.78,0.05,197.13
ORD104391,2024-02-12,CUST1791,Neha Verma,Jaipur,Uttar Pradesh,West,Home & Kitchen,Cookware,Cookware Product 18,1.0,824.91,0.15,202.04
ORD100126,2025-11-14,CUST1126,Arjun Kumar,Mumbai,Karnataka,North,Furniture,Storage,Storage Product 11,2.0,548.62,0.1,64.74
ORD103876,2024-08-03,CUST1276,Pooja Singh,Bengaluru,Tamil Nadu,East,Home & Kitchen,Bedding,Bedding Product 2,7.0,1399.12,0.1,318.54
ORD102935,2025-03-02,CUST1535,Vikas Yadav,Jaipur,Maharashtra,South,Electronics,Laptops,Laptops Product 6,,2074.04,0.1,234.74
ORD103531,2024-05-05,CUST2131,Anjali Mehta,Ahmedabad,Uttar Pradesh,West,Home & Kitchen,Decor,Decor Product 7,7.0,764.47,0.1,70.44
ORD102730,2025-10-25,CUST1330,Arjun Kumar,Kolkata,Gujarat,South,Electronics,Audio,Audio Product 28,6.0,2236.64,0.1,518.08
ORD100827,2024-04-02,CUST1827,Rahul Singh,,Gujarat,North,Home & Kitchen,Cookware,Cookware Product 18,2.0,2348.32,0.1,533.7
ORD101639,2024-02-15,CUST1439,Rahul Singh,Delhi,West Bengal,West,Furniture,Storage,Storage Product 28,4.0,2191.86,0.3,155.51
ORD100984,2024-05-18,CUST1984,Rohit Agarwal,Mumbai,Gujarat,South,Sports,Fitness,Fitness Product 29,3.0,3404.46,0.0,951.39
ORD103281,2025-04-29,CUST1881,Rohit Agarwal,Bengaluru,Gujarat,West,Furniture,Tables,Tables Product 3,6.0,755.76,1.2,17.83
ORD100589,2025-02-01,CUST1589,Pooja Singh,Ahmedabad,Gujarat,West,Electronics,Phones,Phones Product 20,7.0,647.04,0.15,149.2
ORD102188,2024-05-25,CUST1988,Neha Verma,Mumbai,Karnataka,South, Electronics ,Phones,Phones Product 18,4.0,1985.94,0.15,45.94
ORD104644,2025-03-04,CUST2044,Aman Sharma,Ahmedabad,Uttar Pradesh,East,Sports,Cricket,Cricket Product 23,1.0,1520.2,0.15,170.38
ORD102443,2025-01-20,CUST1043,Pooja Singh,Bengaluru,Maharashtra,South,Furniture,Beds,Beds Product 25,3.0,1422.06,0.3,-25.22
ORD100362,2024-09-12,CUST1362,Sneha Joshi,Jaipur,West Bengal,South,Home & Kitchen,Decor,Decor Product 21,1.0,1075.01,0.1,131.73
ORD102349,2025-02-02,CUST2149,Vikas Yadav,Agra,Delhi,South,Furniture,Beds,Beds Product 15,4.0,764.48,0.4,-57.82
ORD100345,2024-02-15,CUST1345,Rahul Singh,Ahmedabad,Tamil Nadu,South,Furniture,Storage,Storage Product 13,7.0,955.68,0.2,126.13
ORD100814,2024-02-12,CUST1814,Aman Sharma,Kolkata,Tamil Nadu,East,Sports,Outdoor,Outdoor Product 9,6.0,1526.52,0.2,248.85
ORD103205,2025-10-09,CUST1805,Anjali Mehta,Bengaluru,Tamil Nadu,South,Home & Kitchen,Appliances,Appliances Product 5,5.0,2027.92,0.1,414.63
ORD104190,2025-04-18,CUST1590,Vikas Yadav,Mumbai,Tamil Nadu,North,Clothing,Footwear,Footwear Product 29,2.0,2046.38,0.3,67.05
ORD104829,2025-05-15,CUST1029,Rahul Singh,Jaipur,West Bengal,West,Clothing,Kids,Kids Product 22,4.0,1022.91,0.0,58.91
ORD103325,2025-05-19,CUST1925,Rahul Singh,Kolkata,,South,Home & Kitchen,Bedding,Bedding Product 23,7.0,3796.53,0.1,586.68
ORD104106,2025-11-21,CUST1506,Aman Sharma,Agra,West Bengal,East,Furniture,Chairs,Chairs Product 22,7.0,1556.97,0.05,174.44
ORD102116,2025-12-15,CUST1916,Aman Sharma,agra,Delhi,North,Clothing,Footwear,Footwear Product 15,6.0,2575.63,0.4,9.61
ORD101834,2024-01-07,CUST1634,,Ahmedabad,Delhi,North,Sports,Outdoor,,4.0,237.35,0.05,29.94
ORD100793,2024-11-03,CUST1793,Pooja Singh,Mumbai,Rajasthan,South,Furniture,Storage,Storage Product 29,3.0,2310.33,0.2,60.9
ORD104981,2024-08-23,CUST1181,Pooja Singh,delhi,Uttar Pradesh,South,Sports,Outdoor,Outdoor Product 27,1.0,654.28,0.2,149.72
ORD102674,2025-05-14,CUST1274,Anjali Mehta,Kolkata,Uttar Pradesh,North,Clothing,Footwear,Footwear Product 11,4.0,1098.64,0.2,181.35
ORD100094,2025-05-07,CUST1094,Priya Gupta,Mumbai,Karnataka,North,Sports,Outdoor,Outdoor Product 23,6.0,895.11,0.2,193.17
ORD103756,2024-02-18,CUST1156,Vikas Yadav,Jaipur,Gujarat,North,Clothing,Women,Women Product 11,2.0,1243.6,0.1,214.08
ORD102891,2025-03-10,CUST1491,Anjali Mehta,Agra,Delhi,East,Home & Kitchen,Cookware,Cookware Product 27,3.0,1456.78,0.3,143.33
ORD102371,2025-04-26,CUST2171,Rahul Singh,Mumbai,Rajasthan,East,Electronics,Audio,Audio Product 6,2.0,670.36,0.15,54.0
ORD104179,2024-09-01,CUST1579,Anjali Mehta,Chennai,Gujarat,West,Sports,Cycling,,6.0,1122.55,0.15,146.85
ORD104463,2025-10-23,CUST1863,Priya Gupta,Mumbai,Uttar Pradesh,North,Sports,Cycling,Cycling Product 27,6.0,1091.83,0.2,217.33
ORD103228,2025-12-04,CUST1828,Anjali Mehta,Delhi,Maharashtra,East,Sports,Fitness,Fitness Product 19,3.0,1789.08,0.1,396.18
ORD102853,2024-10-31,CUST1453,Neha Verma,Delhi,Tamil Nadu,South,Clothing,Women,Women Product 27,4.0,940.94,0.15,78.81
ORD102912,2025-10-16,CUST1512,Rahul Singh,Bengaluru,Maharashtra,North,Sports,Outdoor,Outdoor Product 21,2.0,2242.84,0.05,595.87
ORD101865,2025-07-02,CUST1665,Priya Gupta,Chennai,Rajasthan,South,Electronics,Laptops,Laptops Product 26,4.0,427.43,0.4,-16.45
ORD101857,2025-09-22,CUST1657,Rohit Agarwal,Chennai,Delhi,West,Electronics,Phones,Phones Product 9,7.0,3238.37,0.2,637.37
ORD102645,2024-04-17,CUST1245,Priya Gupta,Jaipur,Karnataka,East,Sports,Outdoor,Outdoor Product 22,3.0,5279.41,0.1,1306.58
ORD102243,2025-07-14,CUST2043,Rahul Singh,Bengaluru,Tamil Nadu,West,Home & Kitchen,Appliances,Appliances Product 17,6.0,920.22,0.15,203.12
ORD102336,2024-02-11,CUST2136,Rohit Agarwal,Bengaluru,Maharashtra,North,Home & Kitchen,Decor,Decor Product 21,7.0,1517.68,0.0,126.2
ORD100950,2024-08-10,CUST1950,Arjun Kumar,Agra,Karnataka,South,Sports,Cycling,Cycling Product 25,2.0,1942.31,0.05,238.83
ORD103068,2025-01-27,CUST1668,Rahul Singh,Bengaluru,Gujarat,West,Home & Kitchen,Decor,Decor Product 25,7.0,1417.88,0.2,241.34
ORD101120,2024-05-06,CUST2120,Sneha Joshi,Bengaluru,West Bengal,North,Home & Kitchen,Decor,Decor Product 12,3.0,829.46,0.1,27.38
ORD102597,2025-09-22,CUST1197,Arjun Kumar,Jaipur,Uttar Pradesh,East,Home & Kitchen,Decor,Decor Product 20,5.0,1878.4,0.3,52.79
ORD102204,2025-02-22,CUST2004,Priya Gupta,Ahmedabad,Tamil Nadu,East,Home & Kitchen,Appliances,Appliances Product 16,1.0,2269.48,0.4,-163.66
ORD100419,2025-09-11,CUST1419,Vikas Yadav,Chennai,Uttar Pradesh,North,Furniture,Chairs,Chairs Product 9,-2.0,2175.58,0.4,139.17
ORD100922,2025-09-04,CUST1922,Arjun Kumar,Agra,Delhi,South,Furniture,Beds,Beds Product 4,5.0,1236.97,0.0,318.31
ORD101254,2024-05-30,CUST1054,Anjali Mehta,Delhi,Karnataka,South,Electronics,Accessories,Accessories Product 25,3.0,2732.57,0.15,326.1
ORD100477,2024-10-15,CUST1477,Pooja Singh,Mumbai,Delhi,East,Furniture,Storage,Storage Product 12,2.0,778.76,0.1,83.49
ORD102035,2024-05-26,CUST1835,Neha Verma,Kolkata,Rajasthan,West,Furniture,Chairs,Chairs Product 8,6.0,1165.79,0.2,200.75
ORD101202,2025-02-27,CUST1002,Rohit Agarwal,Agra,Gujarat,South,Home & Kitchen,Decor,Decor Product 24,3.0,946.25,0.3,46.79
ORD102626,2025-08-29,CUST1226,Rahul Singh,Ahmedabad,Gujarat,North,Home & Kitchen,Appliances,Appliances Product 13,3.0,1628.14,0.3,-21.58
ORD104852,2025-01-17,CUST1052,Pooja Singh,Bengaluru,Karnataka,West,Electronics,Laptops,Laptops Product 3,1.0,740.75,0.15,7.94
ORD101970,2024-09-07,CUST1770,Neha Verma,Jaipur,Delhi,South,Electronics,Phones,Phones Product 4,7.0,2353.13,0.2,135.71
ORD103110,2025-09-24,CUST1710,Rahul Singh,Delhi,Maharashtra,South,Sports,Outdoor,Outdoor Product 15,5.0,966.46,0.05,40.9
ORD104018,2024-03-31,CUST1418,Rohit Agarwal,Kolkata,Tamil Nadu,North,Sports,Cricket,Cricket Product 27,2.0,281.78,0.1,22.53
ORD102151,2025-03-20,CUST1951,Rahul Singh,Agra,Maharashtra,North,Clothing,Footwear,Footwear Product 22,3.0,1149.52,0.0,231.43
ORD103687,2025-07-21,CUST1087,Rahul Singh,Chennai,Delhi,North, Electronics ,Audio,Audio Product 1,3.0,1714.26,0.1,236.48
ORD101997,2024-02-08,CUST1797,Priya Gupta,Jaipur,Uttar Pradesh,West,Electronics,Accessories,Accessories Product 21,5.0,418.35,0.15,94.13
ORD104033,2024-10-04,CUST1433,Rahul Singh,Jaipur,Maharashtra,East,Clothing,Footwear,Footwear Product 23,2.0,1259.68,0.15,4.98
ORD103054,2025-08-01,CUST1654,Anjali Mehta,Delhi,Delhi,East,Home & Kitchen,Appliances,Appliances Product 9,6.0,885.25,0.2,103.86
ORD101248,2024-06-13,CUST1048,Anjali Mehta,Chennai,West Bengal,East,Home & Kitchen,Cookware,Cookware Product 1,6.0,6190.64,0.2,31.23
ORD102192,2025-08-03,CUST1992,Aman Sharma,Delhi,Gujarat,West,Clothing,Footwear,Footwear Product 29,4.0,1397.57,0.1,351.94
ORD102712,2024-08-08,CUST1312,Rohit Agarwal,Delhi,,South,Furniture,Chairs,Chairs Product 2,2.0,1886.76,0.0,271.97
ORD100992,2024-06-20,CUST1992,Pooja Singh,Ahmedabad,Delhi,South,Clothing,Kids,Kids Product 12,3.0,831.21,0.15,201.02
ORD102190,2025-03-14,CUST1990,Anjali Mehta,Bengaluru,Rajasthan,East,Home & Kitchen,Appliances,Appliances Product 8,7.0,1816.39,0.05,179.59
ORD103762,2024-02-22,CUST1162,Priya Gupta,Agra,Karnataka,West,Electronics,Accessories,Accessories Product 8,5.0,1653.04,0.15,398.56
ORD103597,2025-03-25,CUST2197,Sneha Joshi,Delhi,Gujarat,West,Sports,Cycling,Cycling Product 13,1.0,1991.12,0.1,250.6
ORD101318,2025-08-10,CUST1118,Neha Verma,Delhi,Delhi,South,Sports,Outdoor,Outdoor Product 9,4.0,2479.75,0.3,414.85
ORD101863,2025-12-23,CUST1663,Pooja Singh,Jaipur,Rajasthan,East,Furniture,Chairs,Chairs Product 26,1.0,1115.64,0.15,169.0
ORD102343,2025-04-06,CUST2143,Neha Verma,Agra,Karnataka,East,Sports,Fitness,Fitness Product 27,1.0,1953.41,0.0,188.34
ORD102449,2025-10-22,CUST1049,Priya Gupta,Bengaluru,West Bengal,East,Sports,Outdoor,Outdoor Product 25,7.0,571.14,0.15,38.07
ORD102136,2025-08-11,CUST1936,Sneha Joshi,Agra,Tamil Nadu,West,Electronics,Audio,Audio Product 2,2.0,4948.86,0.1,
ORD101065,2025-02-23,CUST2065,Priya Gupta,Bengaluru,West Bengal,North,Sports,Cricket,Cricket Product 10,5.0,2404.27,0.05,193.06
ORD104995,2024-01-13,CUST1195,Aman Sharma,Jaipur,West Bengal,South,Home & Kitchen,Decor,Decor Product 18,1.0,2365.89,0.0,600.22
ORD102621,2024-07-31,CUST1221,Rohit Agarwal,Agra,Tamil Nadu,East,Furniture,Tables,Tables Product 6,5.0,-1972.53,0.2,21.0
ORD100077,2024-06-10,CUST1077,Vikas Yadav,Agra,Karnataka,North,Furniture,Chairs,Chairs Product 7,4.0,599.29,0.15,27.09
ORD102898,2025-07-24,CUST1498,Rohit Agarwal,Kolkata,Gujarat,East,Furniture,Chairs,Chairs Product 13,7.0,2714.95,0.1,532.84
ORD101314,2024-01-17,CUST1114,Priya Gupta,Kolkata,Gujarat,South,Clothing,Women,Women Product 4,5.0,948.63,0.2,74.85
ORD104403,2025-03-11,CUST1803,,Mumbai,Rajasthan,South,Clothing,Footwear,Footwear Product 19,4.0,1333.91,0.15,210.51
ORD100872,2025-04-18,CUST1872,Vikas Yadav,Jaipur,West Bengal,East,Furniture,Tables,Tables Product 8,7.0,684.75,0.0,187.2
ORD103850,2024-08-20,CUST1250,Pooja Singh,Bengaluru,Delhi,East,Sports,Fitness,Fitness Product 11,5.0,2669.93,0.0,412.79
ORD104821,2025-10-16,CUST1021,Neha Verma,Ahmedabad,Rajasthan,West,Sports,Fitness,Fitness Product 28,2.0,712.03,0.1,164.17
ORD102965,2024-08-07,CUST1565,Vikas Yadav,Agra,Delhi,South,Clothing,Footwear,Footwear Product 27,6.0,558.22,0.1,83.72
ORD103391,2025-07-10,CUST1991,Anjali Mehta,Mumbai,Rajasthan,East,Clothing,Kids,Kids Product 5,7.0,545.6,0.2,-0.19
ORD102560,2025-09-08,CUST1160,Aman Sharma,Bengaluru,Rajasthan,South,Home & Kitchen,Bedding,Bedding Product 16,7.0,1099.35,0.05,202.59
ORD104931,2024-10-22,CUST1131,Neha Verma,Agra,Karnataka,North,Furniture,Tables,Tables Product 19,3.0,1935.64,0.05,246.94
ORD102635,2025-12-01,CUST1235,Rohit Agarwal,Delhi,Karnataka,West,Home & Kitchen,Decor,Decor Product 15,3.0,1312.35,0.1,188.05
ORD103530,2024-11-15,CUST2130,Sneha Joshi,Kolkata,Maharashtra,South,Electronics,Laptops,Laptops Product 10,7.0,1601.58,0.05,
ORD100375,2025-05-04,CUST1375,Sneha Joshi,Ahmedabad,Rajasthan,North,Furniture,Beds,Beds Product 23,7.0,2085.64,0.05,266.35
ORD101908,2025-06-03,CUST1708,Neha Verma,Kolkata,Rajasthan,South,Sports,Outdoor,Outdoor Product 15,6.0,931.91,0.15,1.07
ORD104889,2025-02-28,CUST1089,Priya Gupta,Agra,Uttar Pradesh,South,Clothing,Men,Men Product 19,4.0,827.02,0.1,80.94
ORD104410,2024-07-21,CUST1810,Neha Verma,Ahmedabad,Rajasthan,East,Electronics,Laptops,Laptops Product 11,2.0,5688.65,0.2,-93.5
ORD104027,2024-11-10,CUST1427,Anjali Mehta,Bengaluru,Maharashtra,South,Furniture,Chairs,Chairs Product 21,2.0,1250.08,0.05,328.88
ORD101604,2024-12-18,CUST1404,Neha Verma,Ahmedabad,Rajasthan,East,Electronics,Audio,Audio Product 1,7.0,2537.86,0.2,554.03
ORD101118,2024-11-19,CUST2118,Rohit Agarwal,Delhi,Karnataka,South,Sports,Outdoor,Outdoor Product 10,3.0,1222.61,0.1,195.55
ORD103677,2024-05-16,CUST1077,Neha Verma,Jaipur,Rajasthan,East,Home & Kitchen,Bedding,Bedding Product 8,4.0,,0.0,189.7
ORD103490,2025-11-25,CUST2090,Arjun Kumar,Jaipur,Tamil Nadu,North,Sports,Cycling,Cycling Product 19,3.0,1526.61,0.15,172.86
ORD104898,2025-09-07,CUST1098,Anjali Mehta,Kolkata,Tamil Nadu,South,Sports,Cycling,Cycling Product 27,4.0,-881.99,0.0,488.92
ORD102958,2025-01-20,CUST1558,Sneha Joshi,Mumbai,Uttar Pradesh,North,Clothing,Men,Men Product 18,6.0,888.8,0.05,41.64
ORD101994,2024-08-04,CUST1794,Arjun Kumar,Agra,Uttar Pradesh,South,Clothing,Footwear,Footwear Product 2,3.0,800.81,0.2,45.77
ORD104990,2024-02-08,CUST1190,Rahul Singh,Delhi,West Bengal,South,Clothing,Kids,Kids Product 11,3.0,1488.35,0.05,76.66
ORD104386,2025-10-05,CUST1786,Priya Gupta,Delhi,Delhi,South,Home & Kitchen,Appliances,Appliances Product 25,1.0,,0.0,130.32
ORD102376,2024-06-21,CUST2176,Neha Verma,Jaipur,Rajasthan,East,Furniture,Storage,Storage Product 19,3.0,1648.49,0.2,122.28
ORD101342,2025-01-05,CUST1142,Aman Sharma,Ahmedabad,Delhi,East,Sports,Cricket,Cricket Product 15,-1.0,,,295.58
ORD100320,2025-10-31,CUST1320,Pooja Singh,Agra,Uttar Pradesh,West,Electronics,Audio,Audio Product 25,3.0,1465.46,0.15,349.59
ORD101619,2024-05-12,CUST1419,Vikas Yadav,Jaipur,West Bengal,South,Clothing,Women,Women Product 13,1.0,4552.43,0.15,1069.87
ORD103713,2025-05-16,CUST1113,Aman Sharma,Kolkata,Uttar Pradesh,East,Sports,Cycling,Cycling Product 4,2.0,571.28,0.05,24.18
ORD102060,2025-10-05,CUST1860,Priya Gupta,Jaipur,Tamil Nadu,West,Electronics,Accessories,Accessories Product 3,4.0,1017.2,0.15,42.38
ORD102219,2025-01-08,CUST2019,Pooja Singh,Mumbai,Tamil Nadu,North,Furniture,Storage,Storage Product 6,3.0,1536.52,0.15,131.07
ORD101673,2024-01-22,CUST1473,Rohit Agarwal,Bengaluru,Delhi,West,Clothing,Kids,Kids Product 5,3.0,1109.77,0.1,149.99
ORD100260,2025-02-18,CUST1260,Sneha Joshi,Mumbai,Uttar Pradesh,West,Electronics,Accessories,Accessories Product 7,3.0,1014.2,0.2,166.3
ORD104448,2025-03-20,CUST1848,Priya Gupta,Bengaluru,Rajasthan,West,Sports,Cricket,Cricket Product 18,7.0,736.63,0.0,62.77
ORD102039,2024-10-30,CUST1839,Pooja Singh,Jaipur,Tamil Nadu,South,Home & Kitchen,Decor,Decor Product 15,7.0,3071.94,0.0,896.33
ORD100901,2025-06-20,CUST1901,Anjali Mehta,Ahmedabad,Uttar Pradesh,East,Home & Kitchen,Appliances,Appliances Product 12,1.0,780.62,0.2,136.72
ORD103744,2024-05-28,CUST1144,Rahul Singh,Mumbai,Delhi,North,Furniture,Tables,Tables Product 28,3.0,2128.15,0.1,102.87
ORD102026,2025-02-17,CUST1826,Aman Sharma,Ahmedabad,West Bengal,South,Home & Kitchen,Appliances,Appliances Product 18,7.0,774.76,0.0,172.97
ORD104234,2025-09-17,CUST1634,Anjali Mehta,chennai,Delhi,North,Clothing,Footwear,Footwear Product 25,4.0,1157.75,0.1,249.91
ORD101917,2024-10-19,CUST1717,Pooja Singh,Agra,Delhi,East,Clothing,Footwear,,4.0,450.98,0.1,77.72
ORD101828,2024-11-13,CUST1628,,,Delhi,South,Furniture,Storage,Storage Product 21,4.0,5115.18,0.15,1227.12
ORD101573,2024-08-13,CUST1373,Priya Gupta,Mumbai,Tamil Nadu,East,Furniture,Tables,Tables Product 21,3.0,389.61,0.1,96.66
ORD104425,2024-06-12,CUST1825,Aman Sharma,Bengaluru,Tamil Nadu,West,Sports,Outdoor,Outdoor Product 21,3.0,590.82,0.0,165.74
ORD104208,2025-03-28,CUST1608,Rohit Agarwal,Mumbai,Tamil Nadu,North,Home & Kitchen,Appliances,Appliances Product 5,4.0,629.86,0.1,143.96
ORD100224,2025-11-02,CUST1224,Rohit Agarwal,Chennai,Gujarat,South,Electronics,Laptops,Laptops Product 17,5.0,639.22,0.4,-22.1
ORD100723,2025-01-08,CUST1723,Sneha Joshi,Agra,West Bengal,North,Electronics,Phones,Phones Product 9,3.0,1654.1,0.05,406.73
ORD104516,2024-05-16,CUST1916,Rahul Singh,Mumbai,Uttar Pradesh,South,Furniture,Chairs,Chairs Product 9,5.0,3044.58,0.15,683.84
ORD101141,2025-03-06,CUST2141,Sneha Joshi,Bengaluru,Tamil Nadu,North,Clothing,Women,Women Product 1,1.0,325.5,0.15,60.2
ORD102762,2024-03-15,CUST1362,Priya Gupta,Delhi,Gujarat,South,Furniture,Beds,Beds Product 5,2.0,561.39,0.4,60.81
ORD100846,2024-03-18,CUST1846,Vikas Yadav,Kolkata,Rajasthan,North,Clothing,Footwear,Footwear Product 22,7.0,6053.9,0.15,91.31
ORD102551,2024-12-02,CUST1151,Rohit Agarwal,Chennai,Gujarat,North,Home & Kitchen,Decor,Decor Product 3,5.0,1416.3,0.15,29.04
ORD102928,2025-07-07,CUST1528,Aman Sharma,Kolkata,Tamil Nadu,West,Furniture,Tables,Tables Product 11,5.0,1213.24,0.15,0.71
ORD100117,2024-05-14,CUST1117,Rohit Agarwal,Jaipur,Karnataka,East,Home & Kitchen,Appliances,Appliances Product 1,7.0,856.4,0.05,52.8
ORD100645,2025-04-20,CUST1645,Sneha Joshi,Kolkata,Karnataka,East,Electronics,Laptops,Laptops Product 11,6.0,634.74,0.15,147.8
ORD100003,2024-04-16,CUST1003,Anjali Mehta,Jaipur,Rajasthan,North,Sports,Cycling,Cycling Product 8,1.0,1572.9,0.15,113.51
ORD104170,2025-02-21,CUST1570,Priya Gupta,Agra,Uttar Pradesh,West,Sports,Cycling,Cycling Product 26,2.0,935.49,0.3,13.16
ORD100467,2024-02-16,CUST1467,Pooja Singh,Mumbai,Rajasthan,North,Clothing,Footwear,Footwear Product 7,3.0,4817.74,0.15,1128.84
ORD100005,2025-12-01,CUST1005,Sneha Joshi,Agra,Maharashtra,North,Clothing,Kids,Kids Product 21,7.0,1959.39,0.0,286.5
ORD100919,2025-08-17,CUST1919,Priya Gupta,Chennai,Rajasthan,West,Electronics,Laptops,Laptops Product 19,1.0,1649.58,0.0,489.08
ORD102595,2025-06-27,CUST1195,Rahul Singh,Chennai,Maharashtra,East,Sports,Cricket,Cricket Product 25,5.0,1852.79,0.15,436.16
ORD101063,2025-04-22,CUST2063,Arjun Kumar,Bengaluru,Tamil Nadu,South,Clothing,Kids,Kids Product 4,7.0,3002.59,0.0,879.82
ORD102590,2024-10-14,CUST1190,Arjun Kumar,Ahmedabad,Uttar Pradesh,West,Furniture,Storage,Storage Product 1,,1189.56,0.4,86.84
ORD100242,2024-07-05,CUST1242,Anjali Mehta,Chennai,Delhi,West,Clothing,Men,Men Product 21,1.0,3016.68,0.75,336.4
ORD101160,01/10/2025,CUST2160,Rohit Agarwal,Jaipur,Tamil Nadu,North,Furniture,Tables,,-1.0,1167.24,0.2,48.1
ORD102870,2024-12-19,CUST1470,Rohit Agarwal,Agra,Delhi,West,Home & Kitchen,Appliances,Appliances Product 24,1.0,1744.58,0.15,157.6
ORD103735,2025-09-12,CUST1135,Rohit Agarwal,Ahmedabad,Karnataka,West,Electronics,Accessories,Accessories Product 25,6.0,2273.92,0.15,548.0
ORD102397,2024-12-10,CUST2197,Rohit Agarwal,Chennai,Gujarat,South,Furniture,Storage,Storage Product 25,6.0,955.88,0.0,59.18
ORD103517,2025-03-18,CUST2117,Anjali Mehta,Chennai,Tamil Nadu,North,Clothing,Men,Men Product 29,2.0,987.19,0.2,1.07
ORD103421,2024-10-04,CUST2021,Sneha Joshi,Bengaluru,West Bengal,East,Home & Kitchen,Cookware,Cookware Product 22,7.0,2333.05,0.1,195.26
ORD102563,2025-01-12,CUST1163,Rahul Singh,Kolkata,Tamil Nadu,West,Home & Kitchen,Decor,Decor Product 18,6.0,2365.62,0.2,140.25
ORD101605,2025-07-24,CUST1405,Vikas Yadav,Jaipur,West Bengal,East, Home & Kitchen ,Cookware,Cookware Product 9,1.0,1149.36,0.4,55.26
ORD104862,2025-10-12,CUST1062,Anjali Mehta,Jaipur,West Bengal,West,Clothing,Kids,Kids Product 10,6.0,2422.13,0.15,304.25
ORD102324,2024-09-18,CUST2124,Rohit Agarwal,Chennai,Karnataka,West,Clothing,Kids,Kids Product 18,1.0,1531.42,0.3,279.25
ORD102709,2024-04-28,CUST1309,Aman Sharma,Kolkata,Delhi,West,Home & Kitchen,Bedding,Bedding Product 14,1.0,2405.64,0.1,607.18
ORD104429,2025-05-18,CUST1829,Arjun Kumar,Jaipur,Uttar Pradesh,West,Electronics,Audio,Audio Product 8,7.0,1470.05,0.15,80.64
ORD101312,2024-02-10,CUST1112,Pooja Singh,Agra,Gujarat,North,Home & Kitchen,Decor,Decor Product 23,2.0,2967.88,0.2,28.46
ORD103448,2025-04-27,CUST2048,Arjun Kumar,Bengaluru,Uttar Pradesh,West,Home & Kitchen,Decor,Decor Product 29,6.0,915.47,0.0,245.94
ORD103812,2024-08-15,CUST1212,Aman Sharma,Jaipur,Tamil Nadu,South,Clothing,Footwear,Footwear Product 22,2.0,806.29,0.1,180.5
ORD104687,2024-08-22,CUST2087,Rohit Agarwal,Ahmedabad,Karnataka,West,Sports,Cycling,Cycling Product 3,5.0,857.38,0.05,99.56
ORD102362,2024-04-19,CUST2162,Sneha Joshi,Delhi,Rajasthan,West,Furniture,Chairs,Chairs Product 30,7.0,2584.73,0.2,566.95
ORD101975,2024-01-20,CUST1775,Rahul Singh,Jaipur,Rajasthan,West,Furniture,Chairs,Chairs Product 24,5.0,2026.55,0.3,347.06
ORD103514,2024-05-26,CUST2114,Pooja Singh,Ahmedabad,Uttar Pradesh,South,Furniture,Beds,Beds Product 1,3.0,1579.04,0.1,64.2
ORD101761,2024-04-26,CUST1561,,Mumbai,West Bengal,West,Sports,Outdoor,Outdoor Product 10,1.0,3819.7,0.0,475.89
ORD102739,2025-11-15,CUST1339,Priya Gupta,Jaipur,Rajasthan,South,Home & Kitchen,Appliances,Appliances Product 4,7.0,1317.14,0.0,175.78
ORD104691,2024-12-13,CUST2091,Aman Sharma,Bengaluru,Uttar Pradesh,West,Sports,Cycling,Cycling Product 18,3.0,593.21,0.05,58.2
ORD102472,2025-05-24,CUST1072,Rohit Agarwal,,West Bengal,South,Furniture,Beds,Beds Product 17,1.0,570.29,0.0,163.21
ORD104007,2025-11-05,CUST1407,Rahul Singh,Jaipur,Karnataka,South,Sports,Cycling,Cycling Product 4,4.0,739.9,0.0,133.55
ORD101493,2025-03-04,CUST1293,Vikas Yadav,Delhi,West Bengal,East,Electronics,Laptops,Laptops Product 9,4.0,3034.99,0.15,260.96
ORD104206,2024-12-04,CUST1606,Pooja Singh,Kolkata,Delhi,East,Clothing,Kids,Kids Product 8,6.0,2234.69,0.1,385.89
ORD102158,2025-01-10,CUST1958,Arjun Kumar,Agra,Delhi,South,Sports,Cricket,Cricket Product 3,4.0,6366.67,0.0,1583.3
ORD101169,2024-06-25,CUST2169,Arjun Kumar,Ahmedabad,Rajasthan,North,Sports,Cycling,Cycling Product 2,2.0,1056.33,0.2,210.73
ORD104547,2025-08-19,CUST1947,Arjun Kumar,Delhi,West Bengal,East,Clothing,Kids,Kids Product 22,3.0,1630.65,0.05,308.68
ORD100232,2025-02-04,CUST1232,Anjali Mehta,Chennai,Gujarat,East,Home & Kitchen,Cookware,Cookware Product 14,6.0,1182.98,0.0,141.41
ORD100066,2025-07-15,CUST1066,Sneha Joshi,Chennai,Rajasthan,North,Furniture,Storage,Storage Product 16,5.0,1458.54,0.3,94.21
ORD101603,2024-04-01,CUST1403,Arjun Kumar,Ahmedabad,West Bengal,North,Sports,Outdoor,Outdoor Product 22,1.0,887.92,0.0,234.16
ORD103283,2025-02-15,CUST1883,Rahul Singh,Ahmedabad,Rajasthan,West,Home & Kitchen,Cookware,Cookware Product 24,3.0,750.27,0.1,39.66
ORD103596,2024-11-17,CUST2196,Sneha Joshi,Kolkata,West Bengal,West,Furniture,Chairs,Chairs Product 5,2.0,1271.09,0.05,71.53
ORD100125,2024-04-08,CUST1125,Neha Verma,Jaipur,Tamil Nadu,East,Electronics,Laptops,Laptops Product 12,3.0,1519.35,0.1,304.68
ORD101296,2024-07-19,CUST1096,Sneha Joshi,Mumbai,Karnataka,East,Home & Kitchen,Cookware,Cookware Product 9,6.0,657.21,0.1,152.02
ORD101976,2024-10-08,CUST1776,Rahul Singh,Delhi,Tamil Nadu,East,Electronics,Accessories,Accessories Product 28,4.0,2145.4,0.0,402.89
ORD104646,2025-11-23,CUST2046,Priya Gupta,Jaipur,Gujarat,South,Clothing,Footwear,Footwear Product 22,5.0,588.92,0.3,88.91
ORD104512,27/12/2024,CUST1912,Arjun Kumar,Bengaluru,Karnataka,North,Sports,Fitness,Fitness Product 13,2.0,253.96,0.0,22.5
ORD102075,2025-10-16,CUST1875,Vikas Yadav,Bengaluru,Rajasthan,East,Clothing,Kids,Kids Product 6,4.0,1489.2,0.2,252.04
ORD103086,2025-10-20,CUST1686,Neha Verma,Jaipur,Tamil Nadu,South,Sports,Outdoor,Outdoor Product 19,5.0,2613.85,0.15,241.84
ORD104376,2025-01-04,CUST1776,Anjali Mehta,Bengaluru,West Bengal,West,Sports,Fitness,Fitness Product 3,4.0,1269.9,0.2,173.23
ORD103345,2024-03-03,CUST1945,Arjun Kumar,Bengaluru,West Bengal,West,Clothing,Footwear,Footwear Product 24,7.0,1885.63,0.15,165.0
ORD104707,2024-11-09,CUST2107,Neha Verma,Ahmedabad,West Bengal,West,Sports,Fitness,Fitness Product 19,4.0,2567.74,0.05,238.42
ORD102797,2024-12-29,CUST1397,Rohit Agarwal,Agra,Maharashtra,West,Home & Kitchen,Bedding,Bedding Product 25,1.0,1636.03,0.0,153.72
ORD100918,2025-01-03,CUST1918,Neha Verma,Ahmedabad,Delhi,East,Electronics,Audio,Audio Product 21,6.0,2333.1,0.0,469.14
ORD101646,2025-11-30,CUST1446,Pooja Singh,Agra,Rajasthan,East,Furniture,Storage,Storage Product 16,1.0,683.2,0.1,84.61
ORD100364,2024-05-07,CUST1364,Sneha Joshi,Ahmedabad,Gujarat,South,Home & Kitchen,Bedding,Bedding Product 12,2.0,1088.52,0.1,73.32
ORD103287,2025-01-12,CUST1887,Vikas Yadav,Ahmedabad,Uttar Pradesh,South,Clothing,Men,Men Product 29,2.0,796.38,0.15,129.87
ORD102125,2025-06-22,CUST1925,Neha Verma,Ahmedabad,Karnataka,West,Home & Kitchen,Cookware,Cookware Product 30,2.0,2186.87,0.15,11.88
ORD104123,2025-01-13,CUST1523,Arjun Kumar,Delhi,Gujarat,East,Sports,Fitness,Fitness Product 3,1.0,1397.24,0.1,73.38
ORD100525,2024-07-14,CUST1525,Vikas Yadav,Agra,Maharashtra,South,Sports,,Cycling Product 19,5.0,1281.28,0.05,292.41
ORD100055,2024-12-11,CUST1055,Aman Sharma,Mumbai,Gujarat,North,Electronics,Audio,Audio Product 3,7.0,1198.89,0.2,2.82
ORD100638,2025-03-26,CUST1638,Aman Sharma,Kolkata,Gujarat,South,Electronics,Phones,Phones Product 3,7.0,736.26,0.4,88.14
ORD100302,2025-12-20,CUST1302,Vikas Yadav,Mumbai,Maharashtra,North, Furniture ,Chairs,Chairs Product 30,6.0,5285.74,0.0,600.91
ORD102766,2025-05-19,CUST1366,Vikas Yadav,Ahmedabad,Tamil Nadu,East,Furniture,Chairs,Chairs Product 20,3.0,277.75,0.3,-13.35
ORD101276,2025-05-14,CUST1076,Sneha Joshi,Mumbai,Tamil Nadu,East,Electronics,Laptops,Laptops Product 9,3.0,1038.27,0.2,8.45
ORD102055,2024-11-19,CUST1855,Rahul Singh,Delhi,Uttar Pradesh,West,Furniture,Storage,Storage Product 30,4.0,613.1,0.1,132.87
ORD103644,2025-12-03,CUST1044,Neha Verma,Delhi,Tamil Nadu,East,Electronics,Phones,Phones Product 3,3.0,580.74,0.15,89.11
ORD104143,2025-12-26,CUST1543,Aman Sharma,Bengaluru,Delhi,North,Home & Kitchen,Appliances,Appliances Product 5,6.0,562.07,0.0,75.47
ORD102878,2025-09-01,CUST1478,Priya Gupta,Ahmedabad,Tamil Nadu,East,Clothing,Men,Men Product 15,1.0,1343.05,0.2,271.29
ORD104202,2025-12-01,CUST1602,Neha Verma,Mumbai,Delhi,West,Home & Kitchen,Bedding,Bedding Product 7,3.0,3441.44,0.1,570.89
ORD102286,2025-10-17,CUST2086,Vikas Yadav,Bengaluru,West Bengal,East,Electronics,Audio,Audio Product 10,4.0,3267.53,0.2,324.34
ORD102261,2025-09-05,CUST2061,Sneha Joshi,Delhi,Karnataka,East,Home & Kitchen,Decor,Decor Product 14,3.0,435.34,0.0,125.52
ORD102296,2024-12-29,CUST2096,Arjun Kumar,Bengaluru,Gujarat,North,Clothing,,Footwear Product 23,6.0,2049.41,0.3,200.32
ORD101753,2024-07-24,CUST1553,Pooja Singh,Ahmedabad,Uttar Pradesh,South,Clothing,Women,Women Product 28,4.0,1259.64,0.3,-2.42
ORD101968,2025-12-19,CUST1768,Rohit Agarwal,Delhi,West Bengal,North,Furniture,Beds,Beds Product 30,1.0,1820.01,0.3,169.24
ORD104382,2024-05-06,CUST1782,Priya Gupta,Ahmedabad,Gujarat,East,Electronics,Audio,Audio Product 7,3.0,742.01,0.15,31.42
ORD103117,2024-10-12,CUST1717,Aman Sharma,Bengaluru,Rajasthan,North,Electronics,Phones,Phones Product 12,4.0,574.47,0.1,47.56
ORD102393,2025-04-11,CUST2193,Anjali Mehta,Mumbai,Delhi,West,Furniture,Tables,Tables Product 11,7.0,2227.87,0.0,584.55
ORD100523,2024-04-24,CUST1523,Anjali Mehta,Jaipur,West Bengal,North,Electronics,Laptops,Laptops Product 1,6.0,1623.28,0.15,246.13
ORD103900,2024-10-20,CUST1300,Sneha Joshi,Jaipur,Uttar Pradesh,West,Electronics,Accessories,Accessories Product 1,1.0,2090.24,0.2,55.84
ORD103122,2024-03-29,CUST1722,Neha Verma,Chennai,Rajasthan,West,Electronics,Phones,Phones Product 21,3.0,1387.9,0.2,168.18
ORD104156,2024-03-28,CUST1556,Priya Gupta,Mumbai,Uttar Pradesh,South,Clothing,Kids,Kids Product 28,1.0,3031.97,0.2,336.48
ORD101969,2025-09-11,CUST1769,Anjali Mehta,Kolkata,West Bengal,East,Clothing,Men,Men Product 28,3.0,866.35,0.0,93.62
ORD100671,2025-10-20,CUST1671,Rohit Agarwal,Bengaluru,Gujarat,West,Home & Kitchen,Cookware,Cookware Product 21,3.0,1634.56,0.2,-7.96
ORD104188,2024-07-10,CUST1588,Rohit Agarwal,Jaipur,Maharashtra,West,Sports,Fitness,Fitness Product 24,7.0,413.39,0.2,38.51
ORD100666,2024-07-31,CUST1666,Anjali Mehta,Jaipur,West Bengal,North,Furniture,Storage,Storage Product 24,6.0,812.62,0.1,16.81
ORD104369,2024-08-24,CUST1769,Neha Verma,Delhi,Tamil Nadu,South,Home & Kitchen,Cookware,Cookware Product 3,2.0,3147.62,0.05,658.7
ORD101887,2025-11-19,CUST1687,Pooja Singh,Bengaluru,Uttar Pradesh,North,Furniture,Tables,Tables Product 1,2.0,1831.57,0.0,131.68
ORD103266,2025-06-03,CUST1866,Neha Verma,Mumbai,Maharashtra,South,Sports,Outdoor,Outdoor Product 21,5.0,2145.27,0.2,329.18
ORD100280,2024-05-10,CUST1280,Anjali Mehta,Kolkata,Gujarat,North,Furniture,Storage,Storage Product 17,7.0,1101.36,0.15,50.24
ORD101719,2025-10-20,CUST1519,Aman Sharma,Bengaluru,Rajasthan,West,Furniture,Beds,Beds Product 12,7.0,635.3,0.15,60.09
ORD102947,2025-08-19,CUST1547,Anjali Mehta,Agra,West Bengal,South,Electronics,Laptops,Laptops Product 28,,1364.86,0.1,208.22
ORD100899,2025-04-18,CUST1899,Rahul Singh,Jaipur,Tamil Nadu,North,Electronics,Phones,Phones Product 3,6.0,2815.7,0.15,331.17
ORD104884,2025-04-15,CUST1084,Rahul Singh,Mumbai,Maharashtra,East,Sports,Outdoor,Outdoor Product 19,5.0,1181.88,0.15,96.24
ORD100760,2025-03-24,CUST1760,Aman Sharma,Kolkata,West Bengal,South,Clothing,Kids,Kids Product 16,1.0,1182.84,0.1,299.29
ORD101906,2025-07-05,CUST1706,Anjali Mehta,Agra,Tamil Nadu,South,Furniture,Storage,Storage Product 23,5.0,2007.07,0.2,383.16
ORD104042,2024-10-08,CUST1442,Rohit Agarwal,Kolkata,West Bengal,West,Sports,Outdoor,Outdoor Product 13,2.0,1645.26,0.15,341.59
ORD103823,2024-08-01,CUST1223,Rahul Singh,Ahmedabad,Karnataka,,Home & Kitchen,Decor,Decor Product 2,7.0,1716.24,0.3,-5.31
ORD104138,2024-09-10,CUST1538,Sneha Joshi,Chennai,Karnataka,North,Home & Kitchen,Bedding,Bedding Product 20,5.0,2284.48,0.1,440.76
ORD103818,2024-08-12,CUST1218,Priya Gupta,Ahmedabad,West Bengal,South,Electronics,Accessories,Accessories Product 27,5.0,778.48,0.15,83.12
ORD104300,2025-02-28,CUST1700,Sneha Joshi,Delhi,Tamil Nadu,East,Home & Kitchen,Decor,Decor Product 30,6.0,1777.39,0.0,327.77
ORD102593,2024-04-22,CUST1193,Arjun Kumar,Chennai,Maharashtra,South,Clothing,Kids,Kids Product 28,5.0,1234.72,0.2,26.69
ORD104164,2025-01-12,CUST1564,Rohit Agarwal,Chennai,West Bengal,South,Home & Kitchen,Bedding,Bedding Product 24,3.0,1229.15,0.3,226.6
ORD103031,2024-11-09,CUST1631,Arjun Kumar,Agra,Karnataka,East,Sports,Cycling,Cycling Product 2,6.0,1265.87,0.05,260.7
ORD103579,2024-07-06,CUST2179,Anjali Mehta,Jaipur,Tamil Nadu,South,Furniture,Beds,Beds Product 27,1.0,2553.36,0.0,390.89
ORD102832,2025-09-30,CUST1432,Aman Sharma,Kolkata,Tamil Nadu,South,Home & Kitchen,Decor,Decor Product 26,4.0,2040.96,0.1,358.84
ORD103472,2024-05-19,CUST2072,Rahul Singh,Chennai,Tamil Nadu,East,Furniture,Chairs,Chairs Product 4,3.0,3378.53,0.05,467.42
ORD100137,2024-07-25,CUST1137,Vikas Yadav,Delhi,Uttar Pradesh,West,Home & Kitchen,Bedding,Bedding Product 12,7.0,2481.29,0.15,373.1
ORD102180,2025-08-02,CUST1980,Arjun Kumar,Jaipur,Rajasthan,South,Sports,Cricket,Cricket Product 8,4.0,740.91,0.3,14.76
ORD102128,2024-10-17,CUST1928,Vikas Yadav,Kolkata,Gujarat,East,Electronics,Phones,Phones Product 18,1.0,2115.31,0.2,128.57
ORD103177,2024-08-19,CUST1777,Aman Sharma,Mumbai,West Bengal,East,Furniture,Beds,Beds Product 12,5.0,880.72,0.15,7.54
ORD104398,2024-02-08,CUST1798,Rohit Agarwal,Ahmedabad,Uttar Pradesh,South,Home & Kitchen,Cookware,Cookware Product 9,6.0,2194.18,0.05,319.65
ORD104261,2024-07-15,CUST1661,Pooja Singh,Ahmedabad,Delhi,West,Sports,Cricket,Cricket Product 15,1.0,876.25,0.1,202.75
ORD104344,2025-02-16,CUST1744,Rahul Singh,Jaipur,Uttar Pradesh,South,Clothing,Kids,Kids Product 3,4.0,1451.21,0.1,71.14
ORD101331,2025-02-04,CUST1131,Pooja Singh,Ahmedabad,Rajasthan,North,Clothing,Footwear,Footwear Product 15,7.0,1080.32,0.15,210.28
ORD102017,2025-05-31,CUST1817,Anjali Mehta,Jaipur,Karnataka,North,Electronics,Laptops,Laptops Product 15,1.0,2624.46,0.1,254.58
ORD102482,2024-01-21,CUST1082,Vikas Yadav,Jaipur,West Bengal,North,Furniture,Chairs,Chairs Product 22,5.0,679.27,0.1,54.91
ORD101358,2024-03-09,CUST1158,Arjun Kumar,Delhi,Uttar Pradesh,East,Sports,Cycling,Cycling Product 25,5.0,457.73,0.3,-23.09
ORD101329,2025-03-30,CUST1129,Sneha Joshi,Delhi,Tamil Nadu,North,Home & Kitchen,Cookware,Cookware Product 29,4.0,813.37,0.2,25.89
ORD102150,2024-08-28,CUST1950,Priya Gupta,Bengaluru,Gujarat,East,Electronics,Audio,Audio Product 4,5.0,1254.63,0.15,234.17
ORD102122,2025-01-07,CUST1922,Sneha Joshi,Mumbai,Rajasthan,West,Sports,Fitness,Fitness Product 29,2.0,988.53,0.3,34.63
ORD103981,2024-06-18,CUST1381,Sneha Joshi,Bengaluru,Gujarat,North,Electronics,Accessories,Accessories Product 1,5.0,806.38,0.05,206.93
ORD101252,2024-11-25,CUST1052,Neha Verma,Bengaluru,Karnataka,South,Furniture,Storage,Storage Product 15,7.0,2090.73,0.15,254.75
ORD103278,2025-09-30,CUST1878,Sneha Joshi,Agra,Maharashtra,,Furniture,Tables,Tables Product 19,7.0,920.95,0.3,5.77
ORD103374,2025-07-29,CUST1974,Vikas Yadav,Chennai,West Bengal,South,Clothing,Women,Women Product 25,2.0,1508.88,0.1,257.73
ORD102814,2025-02-03,CUST1414,Pooja Singh,Chennai,West Bengal,East,Clothing,Footwear,Footwear Product 14,,2596.33,0.1,370.94
ORD101848,2025-06-07,CUST1648,Rahul Singh,Kolkata,Karnataka,West,Home & Kitchen,Bedding,Bedding Product 30,4.0,3985.5,0.4,151.82
ORD103037,2025-09-11,CUST1637,Sneha Joshi,Bengaluru,Karnataka,North,Sports,Cricket,Cricket Product 5,6.0,1391.67,0.3,214.44
ORD100388,2024-02-05,CUST1388,Priya Gupta,Ahmedabad,Rajasthan,West,Furniture,Beds,Beds Product 5,7.0,121.81,0.0,17.55
ORD100235,2025-09-01,CUST1235,Rohit Agarwal,Ahmedabad,Delhi,South,Electronics,Phones,Phones Product 26,4.0,4053.78,0.1,463.18
ORD101077,2025-09-26,CUST2077,Rahul Singh,Chennai,Rajasthan,East,Home & Kitchen,Bedding,Bedding Product 30,7.0,255.42,0.15,56.96
ORD101984,2025-11-21,CUST1784,Sneha Joshi,Ahmedabad,West Bengal,East,Sports,Fitness,Fitness Product 2,5.0,1543.48,0.0,388.68
ORD104363,2024-05-16,CUST1763,Rahul Singh,Ahmedabad,West Bengal,East,Furniture,Beds,Beds Product 9,1.0,2530.52,0.1,554.47
ORD103962,2025-03-02,CUST1362,Rahul Singh,Kolkata,Maharashtra,North,Home & Kitchen,Cookware,Cookware Product 22,1.0,643.49,0.15,140.02
ORD100770,2025-03-13,CUST1770,Aman Sharma,Agra,Tamil Nadu,South,Clothing,Men,Men Product 10,2.0,907.56,0.2,32.26
ORD102165,2025-12-26,CUST1965,Pooja Singh,Jaipur,Uttar Pradesh,East,Sports,Cycling,Cycling Product 22,3.0,1917.77,0.15,419.03
ORD100673,2025-03-16,CUST1673,Priya Gupta,Bengaluru,Delhi,West,Clothing,Kids,Kids Product 29,6.0,918.04,0.1,81.56
ORD100249,2025-05-25,CUST1249,Arjun Kumar,Chennai,Tamil Nadu,West,Furniture,Storage,Storage Product 11,,1233.1,0.15,89.26
ORD101574,2024-05-03,CUST1374,Vikas Yadav,Kolkata,Maharashtra,South,Furniture,Chairs,Chairs Product 17,5.0,809.48,0.1,133.03
ORD103419,2025-05-14,CUST2019,Pooja Singh,Mumbai,Rajasthan,South,Home & Kitchen,Decor,Decor Product 26,3.0,2381.47,0.3,145.25
ORD102081,2025-04-17,CUST1881,Pooja Singh,Bengaluru,Uttar Pradesh,West,Furniture,Chairs,Chairs Product 5,4.0,1407.87,0.3,151.69
ORD101823,2025-07-06,CUST1623,Vikas Yadav,Mumbai,Rajasthan,South,Sports,Fitness,Fitness Product 3,2.0,949.43,0.0,145.98
ORD100716,2025-12-09,CUST1716,Vikas Yadav,Mumbai,Rajasthan,East,Home & Kitchen,Bedding,Bedding Product 12,1.0,1875.14,0.3,-85.91
ORD104700,2024-05-15,CUST2100,Aman Sharma,Delhi,Tamil Nadu,West,Electronics,Laptops,Laptops Product 30,3.0,800.97,0.4,77.61
ORD102048,2025-11-11,CUST1848,Anjali Mehta,Jaipur,Delhi,East,Furniture,Chairs,Chairs Product 4,2.0,1139.83,0.1,210.0
ORD104178,2024-11-03,CUST1578,Rohit Agarwal,Agra,Gujarat,West,Electronics,Accessories,Accessories Product 17,6.0,,0.2,129.96
ORD102724,2024-06-07,CUST1324,Rohit Agarwal,Delhi,Karnataka,North,Sports,Cricket,Cricket Product 17,6.0,841.16,0.3,135.03
ORD104552,2024-01-18,CUST1952,Anjali Mehta,Delhi,Delhi,North,Clothing,Footwear,Footwear Product 7,5.0,4520.87,0.1,135.87
ORD101460,2025-12-22,CUST1260,Pooja Singh,Chennai,Uttar Pradesh,West,Clothing,Men,Men Product 25,6.0,3670.98,0.4,579.34
ORD101668,2024-07-10,CUST1468,Arjun Kumar,Ahmedabad,Uttar Pradesh,South,Furniture,Storage,Storage Product 5,5.0,1001.96,0.05,63.61
ORD102756,2024-02-16,CUST1356,Aman Sharma,,Gujarat,West,Clothing,Footwear,Footwear Product 13,2.0,1532.04,0.4,7.23
ORD102000,2025-05-09,CUST1800,Neha Verma,Chennai,Maharashtra,West,Home & Kitchen,Appliances,Appliances Product 1,7.0,2515.69,0.2,-6.57
ORD100404,2024-07-08,CUST1404,Anjali Mehta,Bengaluru,Rajasthan,East,Home & Kitchen,Decor,Decor Product 13,1.0,5422.11,0.0,1473.14
ORD100384,2025-06-21,CUST1384,Rahul Singh,Mumbai,Maharashtra,North,Clothing,Kids,Kids Product 8,1.0,545.9,0.05,109.86
ORD104523,2025-09-21,CUST1923,Aman Sharma,Bengaluru,Delhi,North,Clothing,Kids,Kids Product 2,7.0,932.01,0.1,174.5
ORD102152,2024-10-24,CUST1952,Vikas Yadav,Chennai,West Bengal,East,Furniture,Beds,Beds Product 18,3.0,963.62,0.0,224.2
ORD101633,2025-12-18,CUST1433,Neha Verma,Chennai,Tamil Nadu,North,Electronics,Accessories,Accessories Product 22,4.0,879.39,0.0,122.29
ORD104617,2024-06-19,CUST2017,Anjali Mehta,Agra,Delhi,East,Clothing,Footwear,Footwear Product 4,7.0,1127.27,0.1,172.0
ORD103925,2025-08-04,CUST1325,Neha Verma,Kolkata,West Bengal,South,Home & Kitchen,Cookware,Cookware Product 8,5.0,375.52,0.1,22.59
ORD104158,2024-04-13,CUST1558,Neha Verma,Delhi,Rajasthan,East,Clothing,Kids,Kids Product 4,1.0,1264.27,0.15,273.45
ORD100223,2025-12-30,CUST1223,Sneha Joshi,Jaipur,Rajasthan,,Clothing,Women,Women Product 14,4.0,2222.56,0.0,123.92
ORD102193,2025-11-17,CUST1993,Priya Gupta,Chennai,Rajasthan,South,Clothing,Women,Women Product 14,3.0,3369.22,0.2,336.01
ORD103136,2024-09-11,CUST1736,,Mumbai,Uttar Pradesh,West,Electronics,Audio,Audio Product 9,1.0,1919.71,0.15,14.88
ORD101824,2025-01-04,CUST1624,Vikas Yadav,Jaipur,Gujarat,South,Home & Kitchen,Decor,Decor Product 20,6.0,1163.92,0.05,187.81
ORD104632,2025-05-19,CUST2032,Pooja Singh,Agra,Tamil Nadu,South,Clothing,Men,Men Product 14,6.0,1481.51,0.15,220.12
ORD100797,2024-11-30,CUST1797,Rohit Agarwal,Jaipur,West Bengal,East,Furniture,Tables,Tables Product 22,7.0,1868.07,0.15,108.49
ORD102871,2024-01-28,CUST1471,Anjali Mehta,Agra,West Bengal,West,Sports,Outdoor,Outdoor Product 30,3.0,1193.01,0.3,128.86
ORD100009,2025-04-11,CUST1009,Sneha Joshi,Agra,Tamil Nadu,South,Furniture,Beds,Beds Product 5,3.0,1252.4,0.0,369.69
ORD101944,2025-09-21,CUST1744,Pooja Singh,Kolkata,Karnataka,East,Clothing,Footwear,Footwear Product 26,5.0,621.26,0.2,1.53
ORD101838,2025-01-24,CUST1638,Priya Gupta,Ahmedabad,West Bengal,South,Electronics,Laptops,Laptops Product 11,5.0,1634.8,0.3,-70.39
ORD100255,04/07/2025,CUST1255,Vikas Yadav,Jaipur,Gujarat,North,Sports,Cricket,Cricket Product 12,5.0,1571.32,0.3,86.27
ORD104539,2025-07-11,CUST1939,Rohit Agarwal,Mumbai,Karnataka,South,Clothing,Footwear,Footwear Product 5,3.0,828.02,0.3,45.65
ORD101581,2024-02-06,CUST1381,Sneha Joshi,Bengaluru,Delhi,West,Sports,Cricket,Cricket Product 21,7.0,2660.07,0.3,266.09
ORD102956,2025-03-29,CUST1556,Sneha Joshi,Bengaluru,Uttar Pradesh,East,Furniture,Tables,Tables Product 21,7.0,367.61,0.3,59.94
ORD100924,2025-11-22,CUST1924,Aman Sharma,Ahmedabad,Karnataka,East,Sports,Cricket,Cricket Product 20,4.0,3645.9,0.1,465.27
ORD104460,2024-04-01,CUST1860,Vikas Yadav,Agra,Karnataka,East,Electronics,Laptops,Laptops Product 3,5.0,630.97,0.2,-1.37
ORD102508,2025-08-03,CUST1108,Vikas Yadav,Jaipur,Gujarat,South,Clothing,Footwear,Footwear Product 15,3.0,525.28,0.15,106.37
ORD103775,2024-06-30,CUST1175,Neha Verma,Delhi,Rajasthan,North,Clothing,Men,Men Product 18,4.0,1180.19,0.05,330.95
ORD104136,2025-03-18,CUST1536,Pooja Singh,Ahmedabad,Delhi,North,Home & Kitchen,Appliances,Appliances Product 3,3.0,520.31,0.0,65.66
ORD102779,2024-10-28,CUST1379,Rahul Singh,Jaipur,Karnataka,North,Clothing,Women,Women Product 18,6.0,1187.53,0.15,125.14
ORD100539,2025-11-19,CUST1539,Pooja Singh,Kolkata,Gujarat,West,Sports,Cycling,Cycling Product 28,4.0,944.25,0.1,229.8
ORD102745,2024-05-25,CUST1345,Rohit Agarwal,Ahmedabad,Tamil Nadu,South,Clothing,Kids,Kids Product 19,7.0,2202.63,0.05,188.67
ORD104529,2025-04-15,CUST1929,Priya Gupta,Agra,Delhi,South,Furniture,Tables,Tables Product 26,1.0,1789.37,0.15,294.68
ORD104602,2024-10-21,CUST2002,Rohit Agarwal,Chennai,West Bengal,North,Home & Kitchen,Cookware,Cookware Product 28,7.0,1191.95,0.05,123.03
ORD101145,2025-03-11,CUST2145,Arjun Kumar,Bengaluru,Uttar Pradesh,West,Home & Kitchen,Cookware,Cookware Product 14,6.0,2277.65,0.15,357.68
ORD100667,2024-07-21,CUST1667,Rohit Agarwal,Chennai,Maharashtra,South,Electronics,Phones,Phones Product 5,5.0,1628.13,0.15,145.87
ORD103019,2025-04-20,CUST1619,Neha Verma,Bengaluru,Tamil Nadu,South,Electronics,Accessories,Accessories Product 5,3.0,1023.21,0.1,172.02
ORD100357,2025-11-30,CUST1357,Sneha Joshi,Ahmedabad,West Bengal,East,Clothing,Women,Women Product 12,1.0,1230.14,0.2,3.59
ORD102831,2024-03-10,CUST1431,Pooja Singh,Jaipur,Tamil Nadu,South,Electronics,Audio,Audio Product 4,4.0,1119.51,0.1,174.03
ORD102783,2024-03-14,CUST1383,Pooja Singh,Agra,Rajasthan,South,Furniture,Tables,Tables Product 3,2.0,1471.08,0.2,251.65
ORD101353,2024-04-07,CUST1153,Sneha Joshi,Agra,Maharashtra,East,Electronics,Accessories,Accessories Product 15,4.0,1246.52,0.0,143.44
ORD100470,2024-07-22,CUST1470,Vikas Yadav,Agra,Gujarat,West,Furniture,Chairs,Chairs Product 18,1.0,834.13,0.15,78.29
ORD102703,2024-07-20,CUST1303,Vikas Yadav,Jaipur,Maharashtra,East,Clothing,Women,Women Product 18,6.0,1159.45,,
ORD103330,2025-10-19,CUST1930,Arjun Kumar,Ahmedabad,Uttar Pradesh,East,Furniture,Beds,Beds Product 12,2.0,958.95,0.2,148.59
ORD103637,2024-01-14,CUST1037,Sneha Joshi,Agra,Gujarat,West,Sports,Outdoor,Outdoor Product 24,3.0,1071.29,0.3,195.56
ORD101396,2024-01-17,CUST1196,Sneha Joshi,Mumbai,Tamil Nadu,East,Electronics,Phones,Phones Product 16,6.0,1149.54,0.05,283.45
ORD103584,2024-03-23,CUST2184,Pooja Singh,Ahmedabad,Gujarat,South,Home & Kitchen,Decor,Decor Product 27,2.0,685.24,0.1,160.13
ORD104517,2024-01-06,CUST1917,Anjali Mehta,Chennai,Gujarat,North,Home & Kitchen,Cookware,Cookware Product 8,4.0,1256.52,0.0,239.88
ORD103376,2025-01-26,CUST1976,Arjun Kumar,Mumbai,Delhi,East,Home & Kitchen,Cookware,Cookware Product 13,5.0,1678.35,0.3,101.43
ORD101256,2024-05-26,CUST1056,Vikas Yadav,Bengaluru,Delhi,West,Home & Kitchen,Cookware,Cookware Product 27,5.0,579.6,0.2,78.03
ORD103512,2024-04-25,CUST2112,Vikas Yadav,Bengaluru,Tamil Nadu,West,Furniture,Beds,Beds Product 10,2.0,2243.03,0.3,161.59
ORD101250,2025-04-13,CUST1050,Priya Gupta,Chennai,Rajasthan,South,Furniture,Chairs,Chairs Product 29,2.0,3103.75,0.3,552.89
ORD104841,2024-12-20,CUST1041,Rahul Singh,Agra,Karnataka,West,Furniture,Beds,Beds Product 5,3.0,881.14,0.0,83.2
ORD104298,2025-04-18,CUST1698,Priya Gupta,Kolkata,West Bengal,West, Furniture ,Tables,Tables Product 2,5.0,875.8,0.4,-55.06
ORD103284,2024-03-24,CUST1884,Arjun Kumar,Jaipur,Uttar Pradesh,West,Home & Kitchen,Appliances,Appliances Product 22,1.0,1215.42,0.15,294.54
ORD102933,2025-01-13,CUST1533,Arjun Kumar,Jaipur,Gujarat,West,Home & Kitchen,Bedding,Bedding Product 24,2.0,7836.64,0.2,1761.7
ORD104175,2025-08-04,CUST1575,Rahul Singh,Ahmedabad,Tamil Nadu,South,Clothing,Footwear,Footwear Product 29,2.0,1004.98,0.2,155.87
ORD101852,2024-05-01,CUST1652,Neha Verma,Chennai,Karnataka,,Home & Kitchen,Bedding,Bedding Product 19,5.0,679.58,0.15,71.0
ORD104903,2025-03-05,CUST1103,Priya Gupta,Chennai,West Bengal,South,Clothing,Footwear,Footwear Product 6,7.0,1945.78,0.0,278.42
ORD102105,2024-11-21,CUST1905,Vikas Yadav,Mumbai,West Bengal,South,Clothing,Kids,Kids Product 29,7.0,1160.63,0.2,103.64
ORD100133,2024-08-05,CUST1133,Rohit Agarwal,Ahmedabad,West Bengal,East,Clothing,Women,Women Product 8,1.0,1973.72,0.0,355.13
ORD100928,2024-11-10,CUST1928,Pooja Singh,Delhi,Rajasthan,East,Electronics,Accessories,Accessories Product 11,2.0,1958.83,0.05,215.59
ORD100823,2024-10-07,CUST1823,Priya Gupta,Chennai,Delhi,North,Electronics,Audio,,3.0,380.53,0.05,51.85
ORD104574,2024-05-06,CUST1974,Vikas Yadav,Bengaluru,Maharashtra,West,Furniture,Storage,Storage Product 17,4.0,,0.3,141.24
ORD101531,2024-08-13,CUST1331,Neha Verma,Bengaluru,Delhi,North,Home & Kitchen,Decor,Decor Product 15,6.0,2493.79,0.15,478.47
ORD101214,2025-10-05,CUST1014,Anjali Mehta,Bengaluru,Uttar Pradesh,South,Home & Kitchen,Appliances,Appliances Product 2,-1.0,1155.22,0.1,55.87
ORD100504,2024-09-24,CUST1504,Neha Verma,Chennai,West Bengal,East,Home & Kitchen,Bedding,Bedding Product 3,5.0,1194.0,0.2,273.29
ORD104285,2024-08-05,CUST1685,Priya Gupta,Mumbai,West Bengal,West,Clothing,Men,Men Product 20,3.0,1164.7,0.15,98.31
ORD101996,2024-07-03,CUST1796,Pooja Singh,Bengaluru,Uttar Pradesh,East,Clothing,Men,Men Product 12,6.0,1884.63,0.2,311.49
ORD103072,2025-10-07,CUST1672,Anjali Mehta,Kolkata,Rajasthan,East,Clothing,Women,Women Product 28,3.0,2264.03,0.0,596.7
ORD101958,2024-04-16,CUST1758,Neha Verma,Ahmedabad,Maharashtra,South,Clothing,Kids,Kids Product 29,7.0,163.17,0.3,11.71
ORD101384,2024-05-10,CUST1184,Rahul Singh,Ahmedabad,Uttar Pradesh,West,Clothing,Footwear,Footwear Product 21,5.0,2075.42,0.1,474.84
ORD100894,2025-12-14,CUST1894,Priya Gupta,Agra,Uttar Pradesh,North,Home & Kitchen,Bedding,Bedding Product 10,2.0,963.64,0.0,277.3
ORD100455,2025-03-22,CUST1455,Rohit Agarwal,Agra,Gujarat,South,Sports,Outdoor,Outdoor Product 17,2.0,1710.36,0.15,21.12
ORD104668,2024-11-30,CUST2068,Pooja Singh,Bengaluru,West Bengal,North,Home & Kitchen,Bedding,Bedding Product 8,7.0,2017.08,0.15,3.33
ORD103709,2025-12-23,CUST1109,Vikas Yadav,Kolkata,Gujarat,South,Clothing,Women,Women Product 28,6.0,4246.88,0.15,
ORD104650,2025-10-19,CUST2050,Sneha Joshi,Kolkata,West Bengal,South,Home & Kitchen,Appliances,Appliances Product 5,1.0,1291.02,0.2,131.34
ORD104268,2024-03-24,CUST1668,Rahul Singh,Agra,Karnataka,North,Home & Kitchen,Cookware,Cookware Product 19,-2.0,1214.62,0.15,60.47
ORD103522,2025-12-20,CUST2122,Anjali Mehta,Jaipur,Rajasthan,East,Electronics,Phones,Phones Product 19,5.0,2603.15,0.1,304.59
ORD104134,2024-07-20,CUST1534,Pooja Singh,Delhi,Uttar Pradesh,South,Electronics,Laptops,Laptops Product 14,6.0,1959.63,0.05,289.79
ORD103602,2025-05-22,CUST1002,Vikas Yadav,Kolkata,Delhi,East,Sports,Fitness,Fitness Product 30,3.0,-1958.04,0.15,241.65
ORD100713,2025-01-24,CUST1713,Arjun Kumar,Mumbai,Tamil Nadu,East,Sports,Cricket,Cricket Product 21,7.0,2227.7,0.2,179.91
ORD104186,2024-04-18,CUST1586,Pooja Singh,Chennai,Gujarat,East,Sports,Cricket,Cricket Product 3,6.0,3154.01,0.4,-208.52
ORD102214,2024-11-15,CUST2014,Rohit Agarwal,Mumbai,Delhi,East,Furniture,Storage,Storage Product 30,1.0,451.48,0.3,36.26
ORD102923,2025-03-22,CUST1523,Arjun Kumar,Jaipur,Rajasthan,North,Electronics,Accessories,Accessories Product 6,7.0,406.29,0.1,83.55
ORD101810,2025-11-16,CUST1610,Rahul Singh,Chennai,Tamil Nadu,South,Furniture,Tables,Tables Product 6,4.0,374.38,0.4,4.84
ORD103486,2025-10-27,CUST2086,Aman Sharma,Kolkata,Gujarat,North,Electronics,Laptops,Laptops Product 1,3.0,978.39,0.1,133.88
ORD103141,2025-03-07,CUST1741,Neha Verma,Delhi,Rajasthan,South,Furniture,Chairs,Chairs Product 5,4.0,1637.57,0.05,262.8
ORD101827,2025-11-20,CUST1627,Vikas Yadav,Bengaluru,West Bengal,,Clothing,Men,Men Product 6,7.0,2145.02,0.2,487.5
ORD101155,2024-07-28,CUST2155,Rohit Agarwal,Agra,West Bengal,South,Clothing,Men,Men Product 21,4.0,3699.53,0.05,707.72
ORD101324,2025-10-07,CUST1124,Anjali Mehta,Agra,Delhi,North,Furniture,Chairs,Chairs Product 5,5.0,1182.96,0.2,217.52
ORD104312,2024-06-14,CUST1712,Priya Gupta,Delhi,Maharashtra,East,Home & Kitchen,Bedding,Bedding Product 16,7.0,1561.75,0.1,217.91
ORD100510,2024-10-11,CUST1510,Rahul Singh,Chennai,Rajasthan,North,Clothing,Kids,Kids Product 1,5.0,656.33,0.3,117.13
ORD101680,2025-11-17,CUST1480,Pooja Singh,Ahmedabad,Tamil Nadu,North,Clothing,Women,Women Product 1,4.0,459.73,0.05,74.38
ORD100499,2025-01-14,CUST1499,Arjun Kumar,Jaipur,Gujarat,East,Electronics,Audio,Audio Product 24,4.0,606.57,0.3,41.2
ORD104567,2024-08-21,CUST1967,Pooja Singh,Chennai,Gujarat,East,Electronics,Audio,Audio Product 17,7.0,1849.38,0.2,300.88
ORD101856,2025-11-15,CUST1656,Rohit Agarwal,Mumbai,Delhi,West,Furniture,Beds,Beds Product 28,5.0,1423.33,0.15,294.57
ORD101388,2024-06-20,CUST1188,Anjali Mehta,Mumbai,Delhi,South,Sports,Cricket,Cricket Product 24,4.0,971.64,0.1,99.19
ORD103719,2025-05-10,CUST1119,Rohit Agarwal,Delhi,Delhi,East,Sports,,Cycling Product 14,1.0,7626.13,,-541.69
ORD102386,2025-01-24,CUST2186,Pooja Singh,Kolkata,Delhi,West,Furniture,Storage,Storage Product 3,5.0,1448.16,0.1,46.03
ORD103236,2025-07-06,CUST1836,Rohit Agarwal,Agra,Karnataka,North,Furniture,Chairs,Chairs Product 28,7.0,1316.49,0.05,56.46
ORD101540,2025-06-04,CUST1340,Anjali Mehta,Agra,Uttar Pradesh,North,Electronics,Audio,Audio Product 24,7.0,1048.29,0.3,-16.27
ORD101217,2025-10-04,CUST1017,Priya Gupta,Jaipur,West Bengal,East,Sports,Cricket,Cricket Product 28,1.0,1514.24,0.15,19.3
ORD102681,2024-07-27,CUST1281,Anjali Mehta,Delhi,Tamil Nadu,North,Sports,Cycling,Cycling Product 26,5.0,1326.93,0.1,293.67
ORD102993,2024-12-18,CUST1593,Vikas Yadav,Delhi,Gujarat,South,Furniture,Tables,Tables Product 8,1.0,1121.09,0.1,251.73
ORD101191,2025-03-10,CUST2191,Rahul Singh,Kolkata,West Bengal,South,Electronics,Laptops,Laptops Product 4,4.0,1170.31,0.1,263.2
ORD101542,2024-01-20,CUST1342,Rahul Singh,Kolkata,Delhi,North,Clothing,Footwear,Footwear Product 12,3.0,1085.72,0.1,121.56
ORD103301,2024-03-24,CUST1901,Rohit Agarwal,Mumbai,Rajasthan,East,Electronics,Laptops,Laptops Product 4,2.0,1649.19,0.4,-62.88
ORD103324,2025-02-11,CUST1924,Sneha Joshi,Bengaluru,Tamil Nadu,North,Home & Kitchen,Appliances,Appliances Product 20,2.0,1192.49,0.05,65.23
ORD102539,2025-05-05,CUST1139,Rahul Singh,Delhi,Gujarat,South,Home & Kitchen,Cookware,Cookware Product 23,4.0,1240.58,0.3,56.48
ORD100953,2025-04-12,CUST1953,Vikas Yadav,Bengaluru,Rajasthan,South,Electronics,Audio,Audio Product 15,6.0,694.81,0.05,135.94
ORD104330,2024-11-04,CUST1730,Sneha Joshi,Jaipur,Karnataka,East,Clothing,Kids,Kids Product 21,5.0,1249.38,0.15,103.9
ORD100732,2025-11-19,CUST1732,Aman Sharma,Bengaluru,Delhi,South,Furniture,Beds,Beds Product 24,2.0,726.51,0.2,119.25
ORD101156,2025-04-19,CUST2156,Neha Verma,Delhi,Gujarat,East,Furniture,Chairs,Chairs Product 23,6.0,1839.86,0.3,340.73
ORD103294,2024-07-28,CUST1894,Priya Gupta,Delhi,West Bengal,North,Home & Kitchen,Appliances,Appliances Product 16,7.0,1190.0,0.1,253.4
ORD102982,2025-10-31,CUST1582,Rahul Singh,Mumbai,Karnataka,South,Clothing,Women,Women Product 12,1.0,723.36,0.0,67.61
ORD102156,2025-01-19,CUST1956,Neha Verma,Agra,Maharashtra,East,Electronics,Accessories,Accessories Product 3,2.0,2985.33,0.15,346.53
ORD101062,2024-10-15,CUST2062,Vikas Yadav,Kolkata,Karnataka,West,Furniture,Beds,Beds Product 23,3.0,954.97,0.1,127.06
ORD102616,2024-08-22,CUST1216,Anjali Mehta,Jaipur,Maharashtra,North,Electronics,Phones,Phones Product 9,5.0,1110.44,0.05,279.51
ORD101167,2025-05-15,CUST2167,Rahul Singh,Delhi,Uttar Pradesh,South,Furniture,Storage,Storage Product 3,4.0,1864.25,0.1,368.92
ORD103222,2024-07-08,CUST1822,Pooja Singh,Bengaluru,Tamil Nadu,South,Clothing,Kids,Kids Product 12,2.0,3274.71,0.3,9.76
ORD103636,2024-06-08,CUST1036,Sneha Joshi,Agra,Maharashtra,South,Electronics,Accessories,Accessories Product 16,2.0,1555.3,0.1,106.66
ORD102938,2025-05-18,CUST1538,Aman Sharma,Jaipur,Gujarat,South,Sports,Cycling,Cycling Product 26,3.0,892.45,0.2,36.4
ORD104491,2024-03-09,CUST1891,Aman Sharma,Kolkata,Gujarat,North,Furniture,Chairs,Chairs Product 14,2.0,796.58,0.1,41.92
ORD103140,2024-03-02,CUST1740,Anjali Mehta,,West Bengal,West,Sports,Fitness,Fitness Product 2,7.0,771.97,0.1,31.23
ORD100143,2024-08-28,CUST1143,Sneha Joshi,Mumbai,West Bengal,East,Home & Kitchen,Bedding,Bedding Product 17,5.0,927.99,0.2,-2.75
ORD103577,2024-12-20,CUST2177,Neha Verma,Chennai,West Bengal,West,Furniture,Chairs,Chairs Product 17,1.0,836.97,0.1,118.86
ORD102782,2024-02-18,CUST1382,Pooja Singh,Chennai,West Bengal,West,Clothing,Footwear,Footwear Product 14,7.0,776.85,0.2,3.71
ORD100717,2025-03-25,CUST1717,Sneha Joshi,Delhi,Rajasthan,South,Sports,Outdoor,Outdoor Product 18,5.0,1608.66,0.2,305.51
ORD101819,2024-03-13,CUST1619,Anjali Mehta,Bengaluru,Karnataka,South,Home & Kitchen,Bedding,Bedding Product 28,3.0,976.61,0.1,140.02
ORD102502,2025-12-15,CUST1102,Arjun Kumar,Delhi,Gujarat,East,Home & Kitchen,Decor,Decor Product 13,5.0,1322.09,0.0,136.69
ORD104360,2024-10-27,CUST1760,Vikas Yadav,Jaipur,Karnataka,East,Home & Kitchen,Bedding,Bedding Product 27,4.0,817.22,0.15,145.58
ORD104171,2025-11-11,CUST1571,Pooja Singh,Delhi,Delhi,West,Sports,Outdoor,Outdoor Product 23,3.0,1640.27,0.0,210.53
ORD100395,2025-04-15,CUST1395,Vikas Yadav,Kolkata,Uttar Pradesh,South,Clothing,Kids,Kids Product 8,3.0,1028.67,0.1,231.66
ORD104870,2025-10-22,CUST1070,Rahul Singh,Ahmedabad,Gujarat,North,Clothing,Kids,Kids Product 9,1.0,864.69,0.2,181.46
ORD104492,2024-05-08,CUST1892,Rohit Agarwal,Kolkata,Tamil Nadu,South,Clothing,Women,Women Product 13,5.0,728.99,0.4,53.26
ORD101365,2025-05-05,CUST1165,Rahul Singh,chennai,Uttar Pradesh,North,Home & Kitchen,Decor,Decor Product 23,6.0,2069.82,0.0,339.32
ORD104589,2024-11-25,CUST1989,Sneha Joshi,Kolkata,West Bengal,North,Electronics,Accessories,Accessories Product 26,3.0,1920.19,0.05,279.62
ORD100595,2024-08-22,CUST1595,Vikas Yadav,mumbai,Uttar Pradesh,South,Home & Kitchen,Appliances,Appliances Product 18,6.0,2671.32,0.0,317.23
ORD103952,2025-03-25,CUST1352,Aman Sharma,Ahmedabad,Uttar Pradesh,West,Electronics,Audio,Audio Product 19,4.0,1013.71,0.0,153.36
ORD102914,2024-07-31,CUST1514,Rahul Singh,Ahmedabad,Karnataka,East,Sports,Outdoor,Outdoor Product 9,1.0,1101.42,0.15,165.48
ORD102326,2025-02-09,CUST2126,Sneha Joshi,Bengaluru,Tamil Nadu,South,Home & Kitchen,Decor,Decor Product 24,1.0,2102.1,0.2,-35.66
ORD103766,2025-11-07,CUST1166,Rohit Agarwal,Agra,Karnataka,West,Home & Kitchen,Decor,Decor Product 5,4.0,675.37,0.15,141.96
ORD103440,2024-10-26,CUST2040,,Agra,Tamil Nadu,North,Electronics,Phones,Phones Product 13,1.0,3790.06,0.0,232.58
ORD103851,2025-06-12,CUST1251,Pooja Singh,Jaipur,Maharashtra,West,Home & Kitchen,Decor,Decor Product 28,3.0,1367.05,0.2,-15.65
ORD104132,2024-09-28,CUST1532,Sneha Joshi,Ahmedabad,Maharashtra,West,Sports,Fitness,Fitness Product 11,5.0,2510.16,0.1,517.95
ORD104622,2025-06-24,CUST2022,Anjali Mehta,Mumbai,Uttar Pradesh,West,Electronics,Phones,Phones Product 4,2.0,721.36,0.1,37.21
ORD102143,2024-12-16,CUST1943,Neha Verma,Jaipur,Tamil Nadu,North,Furniture,Tables,Tables Product 5,5.0,4820.39,0.05,792.31
ORD101571,2024-09-17,CUST1371,Vikas Yadav,Bengaluru,West Bengal,South,Sports,Fitness,Fitness Product 17,6.0,801.18,0.0,234.17
ORD104079,2025-06-19,CUST1479,Arjun Kumar,Agra,West Bengal,North,Electronics,Accessories,Accessories Product 21,3.0,554.83,0.0,83.15
ORD101122,2025-08-26,CUST2122,Rahul Singh,Ahmedabad,Gujarat,West,Furniture,Beds,Beds Product 24,6.0,678.78,0.4,-19.47
ORD102786,2024-12-21,CUST1386,Arjun Kumar,Jaipur,Gujarat,North,Home & Kitchen,Decor,Decor Product 16,1.0,2519.51,0.4,351.4
ORD102967,2025-06-03,CUST1567,Neha Verma,Mumbai,West Bengal,North,Electronics,Phones,Phones Product 17,7.0,1781.03,0.05,201.09
ORD102504,2024-07-18,CUST1104,Priya Gupta,Bengaluru,Maharashtra,South,Sports,Outdoor,Outdoor Product 24,7.0,1765.68,0.05,266.53
ORD103465,2025-10-20,CUST2065,Rahul Singh,Mumbai,Maharashtra,West,Clothing,Men,Men Product 23,5.0,934.05,0.0,264.24
ORD100675,2024-02-16,CUST1675,Neha Verma,Delhi,Karnataka,North,Furniture,Tables,Tables Product 14,6.0,578.66,0.05,63.88
ORD102808,2024-12-07,CUST1408,Rahul Singh,Kolkata,Delhi,South,Electronics,Accessories,Accessories Product 25,6.0,1181.05,0.05,123.15
ORD103348,2024-03-15,CUST1948,Pooja Singh,Chennai,West Bengal,East,Electronics,Audio,Audio Product 14,7.0,1775.91,0.15,256.75
ORD100728,2024-06-25,CUST1728,Anjali Mehta,Bengaluru,Tamil Nadu,South,Furniture,Tables,Tables Product 7,5.0,9355.44,0.1,2140.28
ORD100412,2025-11-12,CUST1412,Rohit Agarwal,Ahmedabad,Rajasthan,West,Electronics,Audio,Audio Product 4,4.0,1358.29,0.15,68.23
ORD103146,2025-05-08,CUST1746,Pooja Singh,Mumbai,Maharashtra,West,Home & Kitchen,Appliances,Appliances Product 8,2.0,1005.65,0.0,291.34
ORD101516,2024-03-02,CUST1316,Sneha Joshi,Delhi,Karnataka,West,Sports,Outdoor,Outdoor Product 28,4.0,1896.02,0.2,326.07
ORD100825,2024-07-13,CUST1825,Pooja Singh,Ahmedabad,Maharashtra,West,Clothing,Kids,Kids Product 1,6.0,2141.43,0.0,194.3
ORD103267,2024-06-01,CUST1867,Sneha Joshi,Ahmedabad,Delhi,East,Furniture,Beds,Beds Product 13,2.0,3803.79,0.15,172.44
ORD103974,2025-07-01,CUST1374,Neha Verma,Delhi,Tamil Nadu,North,Sports,Fitness,Fitness Product 5,4.0,928.39,0.2,165.5
ORD100616,2025-10-09,CUST1616,Arjun Kumar,Ahmedabad,Gujarat,South,Home & Kitchen,Cookware,Cookware Product 27,7.0,845.92,0.05,221.81
ORD100114,2024-08-18,CUST1114,Vikas Yadav,Chennai,Gujarat,West,Sports,Fitness,Fitness Product 24,2.0,835.84,0.3,-41.43
ORD100417,2024-02-22,CUST1417,Anjali Mehta,Mumbai,Tamil Nadu,North,Sports,Outdoor,Outdoor Product 24,1.0,3739.73,0.0,641.88
ORD103069,2024-07-25,CUST1669,Vikas Yadav,Chennai,Gujarat,East,Clothing,Kids,Kids Product 10,4.0,1158.9,0.1,276.65
ORD101625,2025-11-02,CUST1425,Rohit Agarwal,Jaipur,Tamil Nadu,West,Clothing,Kids,Kids Product 15,4.0,1703.08,0.1,227.51
ORD104985,2024-07-10,CUST1185,Rahul Singh,Kolkata,Gujarat,East,Furniture,Chairs,Chairs Product 25,3.0,2706.4,0.1,548.32
ORD104185,2024-06-23,CUST1585,Rahul Singh,Mumbai,Rajasthan,North,Electronics,Phones,Phones Product 7,7.0,1910.81,0.15,57.07
ORD102896,2024-12-09,CUST1496,Priya Gupta,Ahmedabad,West Bengal,North,Electronics,Audio,Audio Product 13,6.0,1062.67,0.15,203.78
ORD104703,2024-11-09,CUST2103,Rahul Singh,Chennai,Delhi,North,Electronics,Laptops,Laptops Product 16,5.0,1831.39,0.1,431.94
ORD102082,2025-02-20,CUST1882,Priya Gupta,Chennai,Tamil Nadu,South,Home & Kitchen,Bedding,Bedding Product 5,3.0,4050.97,0.3,754.85
ORD100753,2024-03-18,CUST1753,Sneha Joshi,Jaipur,Delhi,North,Clothing,Footwear,Footwear Product 18,6.0,2040.21,0.4,-66.59
ORD102546,2024-05-17,CUST1146,Rahul Singh,Bengaluru,Delhi,South,Sports,Cycling,Cycling Product 16,2.0,763.12,0.15,180.4
ORD103969,2024-03-26,CUST1369,Rahul Singh,Agra,Tamil Nadu,West,Electronics,Audio,Audio Product 3,6.0,2667.39,0.2,545.17
ORD103373,2025-01-29,CUST1973,Anjali Mehta,Ahmedabad,Uttar Pradesh,South,Sports,Outdoor,Outdoor Product 23,4.0,2066.19,0.2,-27.4
ORD104107,2024-12-07,CUST1507,,Mumbai,Gujarat,East,Furniture,Tables,Tables Product 25,3.0,766.03,0.15,19.94
ORD102444,2025-07-27,CUST1044,Vikas Yadav,Jaipur,West Bengal,West,Electronics,Accessories,Accessories Product 1,-2.0,1442.35,0.15,117.57
ORD104380,2025-05-21,CUST1780,Pooja Singh,Mumbai,Uttar Pradesh,East,Sports,Cricket,Cricket Product 21,1.0,3097.83,0.3,320.47
ORD101066,2024-06-05,CUST2066,Sneha Joshi,Ahmedabad,Delhi,West,Sports,Outdoor,Outdoor Product 17,6.0,472.37,0.05,41.41
ORD103913,2025-03-03,CUST1313,Rohit Agarwal,Kolkata,West Bengal,North,Home & Kitchen,Bedding,Bedding Product 6,6.0,2924.21,0.3,407.77
ORD103498,2025-12-15,CUST2098,Rohit Agarwal,Kolkata,Delhi,West,Home & Kitchen,Bedding,Bedding Product 6,7.0,889.35,,58.42
ORD102738,2025-03-07,CUST1338,Priya Gupta,Kolkata,Karnataka,West,Clothing,Women,Women Product 23,5.0,5805.95,0.1,1118.88
ORD104000,2025-11-02,CUST1400,Rahul Singh,Agra,Maharashtra,East,Clothing,Women,Women Product 11,5.0,2346.87,0.2,270.56
ORD101568,07/04/2025,CUST1368,Vikas Yadav,Delhi,Gujarat,West,Sports,Fitness,Fitness Product 9,2.0,2447.65,0.1,342.98
ORD102427,2025-11-20,CUST1027,Priya Gupta,Kolkata,Tamil Nadu,North,Clothing,Men,Men Product 29,2.0,3690.51,0.0,1063.18
ORD103746,2025-05-02,CUST1146,Sneha Joshi,Bengaluru,Rajasthan,North,Clothing,Footwear,Footwear Product 30,4.0,770.96,0.15,190.56
ORD104671,2025-09-26,CUST2071,Priya Gupta,Kolkata,Karnataka,East,Clothing,Men,Men Product 7,4.0,1408.66,0.0,129.27
ORD101687,2024-01-07,CUST1487,Aman Sharma,Agra,West Bengal,North,Clothing,Kids,Kids Product 18,7.0,832.56,0.15,1.24
ORD100851,2024-04-30,CUST1851,Sneha Joshi,Ahmedabad,Delhi,East,Home & Kitchen,Decor,Decor Product 25,2.0,2434.37,0.0,509.01
ORD103546,2024-04-22,CUST2146,Priya Gupta,Mumbai,West Bengal,South,Furniture,Chairs,Chairs Product 10,4.0,1295.67,0.2,181.96
ORD100895,2024-02-08,CUST1895,Aman Sharma,Agra,Gujarat,North,Clothing,Women,Women Product 19,6.0,1174.71,0.05,236.17
ORD104592,2024-12-19,CUST1992,Rahul Singh,Bengaluru,Karnataka,West,Sports,Outdoor,Outdoor Product 22,,1075.12,0.05,86.77
ORD100335,2025-05-30,CUST1335,Aman Sharma,Jaipur,Rajasthan,North,Electronics,Audio,Audio Product 15,5.0,2607.74,0.3,386.78
ORD102839,2024-07-17,CUST1439,Pooja Singh,Delhi,West Bengal,West,Clothing,Footwear,Footwear Product 22,7.0,766.27,0.15,21.47
ORD103087,2025-06-25,CUST1687,Rohit Agarwal,Mumbai,Maharashtra,East,Sports,Cricket,Cricket Product 2,3.0,1042.2,0.2,22.54
ORD104611,2024-01-07,CUST2011,Aman Sharma,Bengaluru,Maharashtra,West,Electronics,Audio,Audio Product 13,6.0,2183.86,0.15,230.82
ORD101348,2025-11-06,CUST1148,Rahul Singh,Jaipur,West Bengal,North,Home & Kitchen,Bedding,Bedding Product 7,4.0,706.19,0.1,92.34
ORD101015,2024-10-22,CUST2015,Rahul Singh,Chennai,Uttar Pradesh,North,Furniture,Beds,Beds Product 10,5.0,524.65,0.4,58.06
ORD102816,2025-09-09,CUST1416,Pooja Singh,Jaipur,Delhi,North,Furniture,Tables,Tables Product 6,5.0,2407.53,0.4,225.62
ORD101631,2024-12-21,CUST1431,Vikas Yadav,Agra,Gujarat,West,Electronics,Accessories,Accessories Product 5,2.0,622.03,0.0,90.62
ORD102489,2024-04-29,CUST1089,Pooja Singh,Chennai,West Bengal,North,Furniture,Tables,Tables Product 5,4.0,272.09,0.1,16.84
ORD103730,2025-10-10,CUST1130,Aman Sharma,Ahmedabad,Uttar Pradesh,North,Clothing,Women,Women Product 17,5.0,2169.45,0.05,218.59
ORD103251,2024-06-16,CUST1851,Rahul Singh,Bengaluru,Rajasthan,South,Electronics,Laptops,Laptops Product 18,2.0,-1494.13,0.2,146.39
ORD104666,2024-11-28,CUST2066,Neha Verma,Agra,Karnataka,West,Electronics,Laptops,Laptops Product 13,7.0,1641.16,0.1,114.26
ORD102070,2025-10-02,CUST1870,Rohit Agarwal,Mumbai,Rajasthan,East,Furniture,Tables,Tables Product 19,5.0,-1155.38,0.05,461.27
ORD104452,2024-07-06,CUST1852,Arjun Kumar,Bengaluru,Tamil Nadu,South,Clothing,Kids,Kids Product 25,1.0,1989.92,0.0,426.12
ORD104917,2024-06-14,CUST1117,Aman Sharma,Kolkata,Delhi,West,Electronics,Phones,Phones Product 15,5.0,-1623.91,0.1,128.32
ORD101635,2025-06-07,CUST1435,Arjun Kumar,Ahmedabad,West Bengal,South,Home & Kitchen,Decor,Decor Product 18,4.0,2854.48,0.15,235.24
ORD102479,2025-03-11,CUST1079,,Agra,Tamil Nadu,West,Electronics,Laptops,Laptops Product 15,6.0,4541.39,0.05,941.46
ORD102265,2024-04-25,CUST2065,Priya Gupta,Mumbai,Gujarat,South,Home & Kitchen,Cookware,Cookware Product 2,3.0,1300.35,0.0,324.72
ORD102959,2025-01-21,CUST1559,Pooja Singh,Jaipur,Maharashtra,West,Home & Kitchen,Bedding,Bedding Product 27,4.0,1842.53,0.1,332.88
ORD104765,2024-03-01,CUST2165,Aman Sharma,Chennai,Karnataka,East,Furniture,Storage,Storage Product 27,3.0,671.17,0.1,93.67
ORD103059,2025-06-16,CUST1659,Arjun Kumar,Ahmedabad,Tamil Nadu,West,Clothing,Kids,Kids Product 29,5.0,2671.36,0.2,424.57
ORD102141,2025-04-03,CUST1941,Arjun Kumar,Kolkata,Karnataka,North,Sports,Fitness,Fitness Product 21,6.0,1439.15,0.2,248.19
ORD103118,2024-09-21,CUST1718,Anjali Mehta,Chennai,Karnataka,North,Electronics,Audio,Audio Product 12,5.0,1322.97,0.2,126.15
ORD104758,2025-01-18,CUST2158,Rahul Singh,Chennai,Maharashtra,South,Clothing,Kids,Kids Product 19,1.0,1214.16,0.1,173.77
ORD104045,2025-11-30,CUST1445,Pooja Singh,Mumbai,Maharashtra,South,Electronics,Audio,Audio Product 29,6.0,2490.4,0.05,152.28
ORD103356,2025-03-15,CUST1956,Pooja Singh,Ahmedabad,Delhi,South,Home & Kitchen,Cookware,Cookware Product 11,6.0,2150.56,0.3,-76.13
ORD102744,2025-04-25,CUST1344,Neha Verma,Jaipur,Tamil Nadu,East,Sports,Fitness,Fitness Product 13,2.0,887.78,0.2,159.38
ORD103506,2025-11-17,CUST2106,Rohit Agarwal,Chennai,Karnataka,North,Furniture,Storage,Storage Product 28,5.0,1869.26,0.15,170.22
ORD101679,2025-12-04,CUST1479,Anjali Mehta,Kolkata,Tamil Nadu,West,Home & Kitchen,Cookware,Cookware Product 7,1.0,2706.12,0.1,126.85
ORD104249,2024-04-06,CUST1649,Priya Gupta,Kolkata,Gujarat,West,Home & Kitchen,Decor,Decor Product 26,6.0,482.27,0.05,54.73
ORD103147,2025-07-15,CUST1747,Arjun Kumar,Kolkata,Maharashtra,West,Clothing,Kids,Kids Product 18,1.0,449.67,0.3,1.49
ORD102294,2025-05-31,CUST2094,Priya Gupta,,West Bengal,South,Electronics,Phones,Phones Product 12,1.0,740.43,0.1,100.5
ORD100580,2025-07-18,CUST1580,Rohit Agarwal,Mumbai,West Bengal,East,Clothing,Women,Women Product 23,4.0,1421.49,0.15,202.43
ORD101470,2025-02-17,CUST1270,Anjali Mehta,Bengaluru,Maharashtra,East,Furniture,Beds,Beds Product 18,7.0,886.01,0.1,121.95
ORD104070,2025-02-24,CUST1470,Pooja Singh,Ahmedabad,Maharashtra,South,Clothing,Footwear,Footwear Product 23,4.0,2408.01,0.1,317.59
ORD103343,2024-06-20,CUST1943,Vikas Yadav,Kolkata,Maharashtra,East,Furniture,Tables,Tables Product 30,6.0,491.79,0.05,20.42
ORD104583,2024-05-16,CUST1983,Neha Verma,Jaipur,Tamil Nadu,North,Clothing,Men,Men Product 1,7.0,432.1,0.0,63.42
ORD103672,2025-10-12,CUST1072,Vikas Yadav,Mumbai,Tamil Nadu,North,Home & Kitchen,Cookware,Cookware Product 9,2.0,976.38,0.3,-31.92
ORD100559,2024-01-19,CUST1559,Arjun Kumar,Mumbai,Rajasthan,East,Furniture,Chairs,Chairs Product 29,4.0,822.37,0.05,77.12
ORD102849,2025-08-03,CUST1449,Rohit Agarwal,Ahmedabad,Karnataka,East,Electronics,Audio,Audio Product 7,2.0,845.34,0.1,220.76
ORD100512,2024-01-12,CUST1512,Rahul Singh,Ahmedabad,Uttar Pradesh,East,Clothing,Men,Men Product 4,6.0,3290.87,0.15,269.51
ORD101081,2024-08-03,CUST2081,Sneha Joshi,Kolkata,Tamil Nadu,North,Home & Kitchen,Appliances,Appliances Product 23,3.0,3023.46,0.05,691.05
ORD101664,2025-04-28,CUST1464,Anjali Mehta,Agra,Uttar Pradesh,North,Home & Kitchen,Decor,Decor Product 9,3.0,1036.33,0.15,81.27
ORD101012,2025-08-10,CUST2012,Rahul Singh,Ahmedabad,Karnataka,North,Sports,Cycling,Cycling Product 26,5.0,2668.44,0.0,599.93
ORD101931,11/06/2024,CUST1731,Neha Verma,Agra,West Bengal,West,Furniture,Storage,Storage Product 28,4.0,1344.88,0.15,260.3
ORD101150,2024-08-31,CUST2150,Priya Gupta,Bengaluru,West Bengal,West,Sports,Outdoor,Outdoor Product 20,7.0,1226.17,0.2,105.6
ORD102838,2025-10-16,CUST1438,Rohit Agarwal,Bengaluru,Maharashtra,East,Clothing,Women,Women Product 3,2.0,2261.14,0.2,211.21
ORD100116,2024-01-28,CUST1116,Aman Sharma,Delhi,Delhi,West,Clothing,Women,Women Product 16,1.0,5434.26,0.0,838.32
ORD100740,2025-06-01,CUST1740,Rohit Agarwal,Bengaluru,Tamil Nadu,South,Sports,Fitness,Fitness Product 17,3.0,1916.89,0.0,556.33
ORD104840,2025-03-17,CUST1040,Arjun Kumar,Delhi,Delhi,North,Furniture,Beds,Beds Product 25,6.0,1333.41,0.05,211.43
ORD103675,2025-09-10,CUST1075,Sneha Joshi,Delhi,Tamil Nadu,East,Electronics,Laptops,Laptops Product 12,5.0,765.1,0.15,182.54
ORD100830,2025-09-25,CUST1830,Arjun Kumar,Agra,Tamil Nadu,East,Clothing,Kids,Kids Product 14,2.0,2570.91,0.3,10.12
ORD100119,2024-02-02,CUST1119,Neha Verma,Agra,Gujarat,North,Electronics,Laptops,Laptops Product 16,2.0,,0.3,-44.03
ORD104813,2024-03-31,CUST1013,Vikas Yadav,Delhi,West Bengal,South,Sports,Outdoor,Outdoor Product 11,3.0,1417.06,0.3,231.17
ORD104772,2025-03-12,CUST2172,Rahul Singh,Delhi,Maharashtra,East,Sports,Cycling,Cycling Product 11,7.0,2343.4,0.2,353.96
ORD100635,2025-06-14,CUST1635,Rahul Singh,Ahmedabad,Gujarat,East,Sports,Fitness,Fitness Product 17,3.0,1638.44,0.0,254.65
ORD104465,2024-05-18,CUST1865,Pooja Singh,Agra,West Bengal,South,Electronics,Audio,Audio Product 9,2.0,842.77,0.05,134.25
ORD104364,2024-06-12,CUST1764,Priya Gupta,Agra,Gujarat,North,Home & Kitchen,Appliances,Appliances Product 27,1.0,1369.36,0.15,302.31
ORD104142,2024-01-10,CUST1542,Pooja Singh,Agra,Rajasthan,East,Sports,Cycling,Cycling Product 6,5.0,2702.45,0.3,193.38
ORD100991,2025-10-11,CUST1991,Arjun Kumar,Mumbai,Gujarat,East,Clothing,Women,Women Product 12,1.0,915.22,0.1,167.12
ORD100876,2025-01-20,CUST1876,Aman Sharma,Ahmedabad,Uttar Pradesh,East,Electronics,Audio,Audio Product 14,5.0,1085.07,0.0,97.89
ORD100004,2024-03-12,CUST1004,Vikas Yadav,Mumbai,Uttar Pradesh,North,Sports,Outdoor,Outdoor Product 21,7.0,1288.57,0.4,-58.86
ORD103051,2024-01-01,CUST1651,Rahul Singh,Kolkata,Uttar Pradesh,South,Sports,Fitness,Fitness Product 2,2.0,1903.77,0.3,-54.98
ORD103124,2024-07-21,CUST1724,Pooja Singh,Delhi,Rajasthan,West,Electronics,Audio,Audio Product 21,4.0,1420.89,0.1,138.06
ORD102660,2024-04-13,CUST1260,Arjun Kumar,Agra,Gujarat,East,Sports,Fitness,Fitness Product 20,5.0,4637.95,0.15,942.2
ORD102491,2025-02-28,CUST1091,Neha Verma,Ahmedabad,Maharashtra,East,Electronics,Accessories,Accessories Product 2,2.0,3036.19,0.1,500.95
ORD103854,2025-05-06,CUST1254,Anjali Mehta,Agra,Rajasthan,South,Sports,Cricket,Cricket Product 11,3.0,886.32,0.2,189.64
ORD101715,2025-08-26,CUST1515,Neha Verma,Bengaluru,Tamil Nadu,West,Home & Kitchen,Appliances,Appliances Product 10,6.0,419.33,0.4,13.58
ORD101148,2025-10-27,CUST2148,Aman Sharma,Chennai,Rajasthan,East,Sports,Cycling,Cycling Product 4,4.0,829.92,0.15,154.21
ORD103261,2024-10-27,CUST1861,Neha Verma,Delhi,Karnataka,North,Furniture,Storage,Storage Product 26,6.0,1134.14,0.15,225.69
ORD100574,2024-03-09,CUST1574,Rahul Singh,Bengaluru,Delhi,North,Sports,Fitness,Fitness Product 30,3.0,812.3,0.2,171.01
ORD103769,2024-05-17,CUST1169,Rohit Agarwal,Kolkata,Gujarat,North,Electronics,Phones,Phones Product 22,2.0,2020.44,0.15,311.13
ORD103736,2024-06-21,CUST1136,Neha Verma,Agra,Karnataka,North,Sports,Outdoor,Outdoor Product 30,7.0,2645.07,0.1,454.4
ORD104146,2025-03-11,CUST1546,Neha Verma,Jaipur,Uttar Pradesh,West,Electronics,Phones,Phones Product 13,2.0,376.32,0.15,82.21
ORD100853,2024-08-26,CUST1853,Aman Sharma,Chennai,Gujarat,East,Home & Kitchen,Bedding,Bedding Product 25,,3397.35,0.2,43.44
ORD101982,2024-02-28,CUST1782,Neha Verma,Mumbai,Delhi,East,Furniture,Beds,Beds Product 29,7.0,2841.31,0.2,167.61
ORD102774,2025-09-21,CUST1374,Arjun Kumar,Agra,West Bengal,West,Furniture,Beds,Beds Product 22,5.0,544.83,0.15,54.38
ORD101166,2025-12-10,CUST2166,Anjali Mehta,Mumbai,Maharashtra,East,Furniture,Storage,Storage Product 16,1.0,746.28,0.05,157.99
ORD100971,2025-02-13,CUST1971,Sneha Joshi,Chennai,Uttar Pradesh,North,Furniture,Beds,Beds Product 27,4.0,1103.34,0.05,244.31
ORD102701,2025-04-13,CUST1301,Neha Verma,Ahmedabad,Delhi,East,Sports,Outdoor,Outdoor Product 29,3.0,927.61,0.2,101.35
ORD104495,2025-03-19,CUST1895,Vikas Yadav,Ahmedabad,West Bengal,South,Sports,Fitness,Fitness Product 27,2.0,660.61,0.05,63.44
ORD103847,2024-05-22,CUST1247,Rohit Agarwal,Chennai,Gujarat,East,Clothing,Men,Men Product 30,3.0,533.07,0.3,91.38
ORD102368,2024-01-25,CUST2168,Sneha Joshi,Jaipur,Rajasthan,North,Clothing,Footwear,Footwear Product 8,7.0,2111.04,0.15,278.09
ORD104115,2025-12-02,CUST1515,Arjun Kumar,Mumbai,Uttar Pradesh,South,Sports,Outdoor,Outdoor Product 18,3.0,1000.69,0.0,87.72
ORD104131,2025-10-22,CUST1531,Rohit Agarwal,Kolkata,Rajasthan,,Sports,Cycling,Cycling Product 14,6.0,6586.36,0.05,1846.56
ORD102950,2025-07-12,CUST1550,Anjali Mehta,Delhi,Gujarat,South,Sports,Cricket,Cricket Product 15,1.0,656.02,0.15,59.71
ORD100524,2025-09-08,CUST1524,Vikas Yadav,Bengaluru,Gujarat,North,Furniture,Storage,Storage Product 16,7.0,1164.9,0.15,-0.37
ORD102455,2024-07-31,CUST1055,Sneha Joshi,Ahmedabad,Uttar Pradesh,West,Home & Kitchen,Cookware,Cookware Product 16,1.0,1747.27,0.15,-1.14
ORD101841,2025-02-13,CUST1641,Pooja Singh,Delhi,West Bengal,West,Home & Kitchen,Decor,Decor Product 26,4.0,291.24,0.1,28.63
ORD100537,2025-04-01,CUST1537,Arjun Kumar,Agra,Karnataka,East,Sports,Cricket,Cricket Product 29,2.0,2309.63,0.15,115.29
ORD102806,2025-09-09,CUST1406,Vikas Yadav,Delhi,West Bengal,East,Electronics,Audio,Audio Product 15,6.0,1742.59,0.1,233.9
ORD104341,2024-02-28,CUST1741,Aman Sharma,Kolkata,Maharashtra,West,Clothing,Men,Men Product 4,2.0,2463.87,0.4,76.69
ORD103175,2025-08-27,CUST1775,Aman Sharma,Bengaluru,Gujarat,South,Home & Kitchen,Appliances,Appliances Product 11,3.0,1761.37,0.15,348.12
ORD100784,2025-03-10,CUST1784,Sneha Joshi,Bengaluru,Gujarat,South,Electronics,Laptops,Laptops Product 15,3.0,596.06,0.15,75.05
ORD104057,2025-09-19,CUST1457,Rohit Agarwal,Delhi,Karnataka,East,Furniture,Beds,Beds Product 15,4.0,1167.09,0.1,279.01
ORD101409,2025-01-08,CUST1209,Arjun Kumar,Chennai,Delhi,East,Furniture,Beds,Beds Product 9,3.0,995.44,0.05,164.16
ORD102537,2025-06-23,CUST1137,Aman Sharma,Delhi,West Bengal,South,Electronics,Audio,Audio Product 29,5.0,897.2,0.4,-79.01
ORD100154,2024-06-08,CUST1154,Anjali Mehta,Chennai,Karnataka,North,Electronics,Phones,Phones Product 4,2.0,999.36,0.4,99.57
ORD103009,2025-01-11,CUST1609,Priya Gupta,Jaipur,Rajasthan,North,Electronics,Laptops,Laptops Product 2,5.0,787.23,0.05,45.45
ORD101686,2025-04-04,CUST1486,Pooja Singh,Ahmedabad,Uttar Pradesh,East,Electronics,Audio,Audio Product 12,7.0,800.63,0.3,-5.99
ORD102901,2025-12-04,CUST1501,Anjali Mehta,Jaipur,Uttar Pradesh,East,Electronics,Laptops,Laptops Product 13,2.0,963.52,0.1,184.06
ORD104984,2024-04-19,CUST1184,Rohit Agarwal,Chennai,West Bengal,North,Clothing,Women,Women Product 25,2.0,742.84,0.1,159.95
ORD104721,2025-03-17,CUST2121,Neha Verma,Chennai,Uttar Pradesh,West,Clothing,Footwear,Footwear Product 21,6.0,825.76,0.1,21.31
ORD103863,2024-12-04,CUST1263,Neha Verma,Delhi,Rajasthan,West,Furniture,Tables,Tables Product 27,6.0,572.47,0.15,106.85
ORD102733,2025-06-25,CUST1333,Anjali Mehta,Kolkata,West Bengal,East,Clothing,Women,Women Product 9,3.0,864.76,0.1,73.21
ORD101895,2024-11-30,CUST1695,Anjali Mehta,Ahmedabad,Maharashtra,West,Home & Kitchen,Decor,Decor Product 5,6.0,600.32,0.05,118.61
ORD100569,2025-01-18,CUST1569,Priya Gupta,agra,Rajasthan,North,Electronics,Phones,Phones Product 12,4.0,3171.5,0.05,408.38
ORD101816,2024-11-12,CUST1616,Arjun Kumar,Chennai,Karnataka,South,Clothing,Footwear,Footwear Product 26,5.0,345.41,0.1,28.74
ORD102065,2025-08-16,CUST1865,Vikas Yadav,Agra,Karnataka,South,Furniture,Storage,Storage Product 24,5.0,3488.32,0.15,323.37
ORD100127,2025-12-26,CUST1127,Arjun Kumar,Chennai,Karnataka,East,Clothing,Footwear,Footwear Product 6,5.0,1789.94,0.3,175.93
ORD103394,2025-03-05,CUST1994,Vikas Yadav,Bengaluru,Rajasthan,East,Home & Kitchen,Cookware,Cookware Product 12,1.0,2608.13,0.3,192.39
ORD103327,2024-10-03,CUST1927,Sneha Joshi,Delhi,Tamil Nadu,West,Sports,Cycling,Cycling Product 3,4.0,,0.1,77.2
ORD103049,2025-10-21,CUST1649,Pooja Singh,Chennai,Tamil Nadu,East,Home & Kitchen,Appliances,Appliances Product 20,1.0,596.73,0.0,
ORD102975,2025-10-10,CUST1575,Priya Gupta,Ahmedabad,West Bengal,East,Sports,Cycling,Cycling Product 24,7.0,1405.17,0.15,336.84
ORD100980,2024-03-30,CUST1980,Vikas Yadav,Jaipur,Delhi,West,Home & Kitchen,Bedding,Bedding Product 1,7.0,1865.49,0.15,42.38
ORD102300,2024-05-28,CUST2100,Vikas Yadav,Jaipur,West Bengal,South,Furniture,Tables,Tables Product 25,4.0,1226.18,0.3,12.89
ORD100190,2025-11-14,CUST1190,Sneha Joshi,Agra,West Bengal,South,Electronics,Audio,Audio Product 15,5.0,2564.36,0.15,85.17
ORD101139,2025-01-05,CUST2139,Neha Verma,Kolkata,Delhi,North,Sports,Cycling,Cycling Product 6,4.0,571.1,0.15,3.1
ORD100699,2025-11-28,CUST1699,Priya Gupta,Agra,,South,Home & Kitchen,Bedding,Bedding Product 3,5.0,5215.5,0.1,121.96
ORD104814,2025-04-24,CUST1014,Arjun Kumar,Ahmedabad,West Bengal,South,Clothing,Women,Women Product 19,1.0,1359.03,0.1,247.69
ORD100606,2024-06-16,CUST1606,Pooja Singh,Bengaluru,Tamil Nadu,South,Sports,Cycling,Cycling Product 19,6.0,1707.27,0.0,170.79
ORD104276,07/05/2024,CUST1676,Rohit Agarwal,Mumbai,Rajasthan,West,Home & Kitchen,Bedding,Bedding Product 27,1.0,2956.21,0.05,382.14
ORD100301,2024-06-11,CUST1301,Anjali Mehta,chennai,Delhi,South,Home & Kitchen,Bedding,Bedding Product 13,2.0,1815.61,0.3,-85.19
ORD103420,2024-04-18,CUST2020,Rahul Singh,Jaipur,Gujarat,North,Clothing,Women,Women Product 13,1.0,1184.72,0.15,130.28
ORD104854,2025-11-13,CUST1054,Priya Gupta,Delhi,Gujarat,North,Electronics,Phones,Phones Product 30,2.0,690.79,0.15,154.71
ORD101060,2025-09-14,CUST2060,Sneha Joshi,Bengaluru,Tamil Nadu,North,Sports,Outdoor,Outdoor Product 10,5.0,3537.96,0.1,166.92
ORD102565,2024-07-08,CUST1165,Arjun Kumar,Kolkata,Rajasthan,South,Home & Kitchen,Appliances,Appliances Product 23,3.0,814.46,0.2,34.43
ORD100486,2025-03-17,CUST1486,Pooja Singh,Agra,Rajasthan,North,Clothing,Footwear,Footwear Product 21,2.0,1135.89,0.15,34.06
ORD101069,2024-04-06,CUST2069,Neha Verma,Jaipur,Gujarat,North,Sports,Cricket,Cricket Product 25,2.0,1778.85,0.3,-64.41
ORD102524,2024-01-17,CUST1124,Rahul Singh,Agra,Rajasthan,West,Electronics,Accessories,Accessories Product 22,1.0,1158.02,0.1,203.85
ORD102205,2025-03-30,CUST2005,Priya Gupta,Jaipur,Maharashtra,South,Sports,Outdoor,Outdoor Product 5,3.0,1901.52,0.1,386.58
ORD101243,2024-10-14,CUST1043,Pooja Singh,Delhi,West Bengal,East,Furniture,Storage,Storage Product 2,7.0,1307.92,0.15,294.88
ORD100016,2025-10-25,CUST1016,Aman Sharma,Bengaluru,Uttar Pradesh,East,Clothing,Footwear,Footwear Product 27,6.0,1347.02,0.2,111.79
ORD103120,2025-11-03,CUST1720,Neha Verma,Jaipur,Tamil Nadu,North,Home & Kitchen,Decor,Decor Product 29,6.0,280.35,0.05,39.53
ORD104642,2024-12-04,CUST2042,Vikas Yadav,Kolkata,West Bengal,East,Furniture,Tables,Tables Product 5,2.0,570.78,0.15,5.04
ORD104754,2025-01-05,CUST2154,Sneha Joshi,Delhi,Maharashtra,West,Home & Kitchen,Cookware,Cookware Product 16,3.0,1913.22,0.0,295.0
ORD100815,2024-04-20,CUST1815,Rahul Singh,Jaipur,Maharashtra,North,Clothing,Footwear,Footwear Product 24,5.0,4970.48,0.05,523.78
ORD103067,2025-07-04,CUST1667,Arjun Kumar,Kolkata,West Bengal,East,Home & Kitchen,Cookware,Cookware Product 16,,1394.95,0.2,219.22
ORD104818,2024-12-30,CUST1018,Sneha Joshi,Kolkata,Delhi,East,Home & Kitchen,Appliances,Appliances Product 13,1.0,949.8,0.3,147.62
ORD100959,2025-05-18,CUST1959,Neha Verma,Kolkata,West Bengal,West,Clothing,Kids,Kids Product 9,-3.0,1339.9,0.05,207.19
ORD100225,2025-12-10,CUST1225,Anjali Mehta,Agra,Tamil Nadu,West,Sports,Cricket,Cricket Product 12,4.0,3692.25,0.4,65.36
ORD103354,2025-11-09,CUST1954,Anjali Mehta,Delhi,Karnataka,West,Home & Kitchen,Appliances,Appliances Product 3,4.0,1524.67,0.2,-30.29
ORD102485,2025-09-16,CUST1085,Sneha Joshi,Mumbai,Tamil Nadu,South,Home & Kitchen,Decor,Decor Product 9,2.0,782.13,0.0,94.56
ORD100562,2025-01-30,CUST1562,Rahul Singh,Agra,Karnataka,West,Home & Kitchen,Decor,Decor Product 20,4.0,1049.5,0.2,48.8
ORD103436,2025-05-11,CUST2036,Vikas Yadav,Ahmedabad,Delhi,East,Sports,Cycling,Cycling Product 1,2.0,383.64,0.05,19.86
ORD101693,2025-07-23,CUST1493,Aman Sharma,Delhi,Maharashtra,North,Furniture,Chairs,Chairs Product 4,1.0,1249.3,0.0,277.39
ORD101045,2024-05-24,CUST2045,Neha Verma,Agra,Maharashtra,West,Home & Kitchen,Decor,Decor Product 30,6.0,1310.42,0.0,113.54
ORD103446,2024-10-06,CUST2046,Aman Sharma,Kolkata,Karnataka,North,Sports,Outdoor,Outdoor Product 10,7.0,2655.13,0.1,473.19
ORD104565,2025-11-04,CUST1965,Aman Sharma,Delhi,West Bengal,East,Furniture,Chairs,Chairs Product 28,2.0,976.72,0.05,71.28
ORD100954,2024-03-15,CUST1954,Arjun Kumar,Chennai,Uttar Pradesh,West,Clothing,Men,Men Product 15,6.0,371.58,0.2,81.8
ORD100926,2024-11-15,CUST1926,Pooja Singh,Bengaluru,Karnataka,South,Furniture,Storage,Storage Product 7,6.0,2057.28,0.15,95.29
ORD102735,2024-04-26,CUST1335,Arjun Kumar,Chennai,Delhi,East,Furniture,Storage,Storage Product 10,2.0,2279.98,0.3,56.85
ORD104938,2025-06-02,CUST1138,Anjali Mehta,Jaipur,Karnataka,South,Clothing,Footwear,Footwear Product 26,7.0,1353.76,0.1,187.51
ORD104735,2025-06-11,CUST2135,Sneha Joshi,Jaipur,Tamil Nadu,South,Furniture,Chairs,Chairs Product 2,2.0,1641.16,0.2,330.77
ORD104857,2025-07-26,CUST1057,Priya Gupta,Kolkata,Gujarat,South,Home & Kitchen,Appliances,,7.0,1463.06,0.1,77.71
ORD101218,2025-04-02,CUST1018,Anjali Mehta,Ahmedabad,,West,Furniture,Beds,Beds Product 21,4.0,2438.31,0.3,
ORD101527,2025-05-07,CUST1327,Priya Gupta,Chennai,Tamil Nadu,East,Clothing,Men,Men Product 27,2.0,388.77,0.1,69.63
ORD103987,2024-06-03,CUST1387,Arjun Kumar,Chennai,Rajasthan,West,Clothing,Women,Women Product 10,4.0,2639.21,0.1,608.44
ORD101300,2024-01-04,CUST1100,Aman Sharma,Agra,West Bengal,West,Furniture,Beds,Beds Product 28,2.0,1037.49,0.3,-31.09
ORD104926,2025-08-09,CUST1126,Pooja Singh,Delhi,Delhi,East,Furniture,Beds,Beds Product 25,2.0,2507.28,0.0,277.36
ORD100160,2025-07-10,CUST1160,Pooja Singh,Kolkata,Uttar Pradesh,West,Sports,Cycling,Cycling Product 7,3.0,,0.0,1022.89
ORD104067,2025-05-19,CUST1467,Priya Gupta,Bengaluru,Maharashtra,South,Electronics,Phones,Phones Product 4,6.0,859.74,0.0,72.64
ORD100956,2025-10-07,CUST1956,Neha Verma,Jaipur,West Bengal,East,Home & Kitchen,Bedding,Bedding Product 3,7.0,2302.07,,115.12
ORD103791,2025-11-23,CUST1191,Arjun Kumar,Agra,Rajasthan,East,Home & Kitchen,Cookware,Cookware Product 18,7.0,1942.67,0.0,276.71
ORD103234,2024-12-09,CUST1834,Anjali Mehta,Kolkata,West Bengal,East,Furniture,Storage,Storage Product 25,5.0,724.62,0.2,57.52
ORD102869,2025-07-26,CUST1469,Pooja Singh,jaipur,Karnataka,West,Sports,Cricket,Cricket Product 22,1.0,1467.75,0.0,360.15
ORD103777,2025-06-24,CUST1177,Aman Sharma,Ahmedabad,West Bengal,North,Home & Kitchen,Decor,Decor Product 19,2.0,1298.73,0.3,-57.08
ORD104433,2025-11-21,CUST1833,Aman Sharma,Chennai,Tamil Nadu,East,Electronics,Audio,Audio Product 23,6.0,430.65,0.2,45.77
ORD102961,2024-10-09,CUST1561,Rahul Singh,Agra,West Bengal,South,Electronics,Phones,Phones Product 30,5.0,1996.38,0.15,31.34
ORD102200,2025-10-22,CUST2000,Pooja Singh,Mumbai,Gujarat,East,Electronics,Accessories,Accessories Product 11,7.0,1022.28,0.3,59.37
ORD100098,2024-03-05,CUST1098,Priya Gupta,Chennai,Maharashtra,East,Electronics,Accessories,Accessories Product 7,4.0,948.97,0.15,14.0
ORD102557,2025-07-14,CUST1157,Priya Gupta,Agra,Karnataka,West,Home & Kitchen,Decor,,1.0,629.0,0.3,24.29
ORD103183,2024-05-11,CUST1783,Neha Verma,Jaipur,Uttar Pradesh,East,Furniture,Tables,Tables Product 24,2.0,958.42,0.1,104.33
ORD100253,2025-05-03,CUST1253,Neha Verma,Bengaluru,Tamil Nadu,West,Electronics,Audio,Audio Product 2,4.0,2462.71,0.0,298.71
ORD103923,2025-10-29,CUST1323,Arjun Kumar,Bengaluru,Maharashtra,West,Home & Kitchen,Decor,Decor Product 26,5.0,1307.21,0.0,229.0
ORD104199,2024-03-18,CUST1599,Neha Verma,Bengaluru,Tamil Nadu,North,Home & Kitchen,Bedding,Bedding Product 4,5.0,824.98,0.05,129.71
ORD101445,2024-06-07,CUST1245,Sneha Joshi,Ahmedabad,Delhi,East,Sports,Fitness,Fitness Product 3,3.0,2328.86,0.1,215.61
ORD101648,2024-12-30,CUST1448,Priya Gupta,Chennai,Tamil Nadu,West,Home & Kitchen,Decor,Decor Product 19,4.0,1108.61,0.05,275.52
ORD104682,2024-05-01,CUST2082,Sneha Joshi,Bengaluru,Rajasthan,West,Home & Kitchen,Decor,Decor Product 30,2.0,3904.11,0.15,642.45
ORD104723,2025-02-03,CUST2123,Pooja Singh,Bengaluru,Maharashtra,South,Home & Kitchen,Decor,Decor Product 10,6.0,3436.14,0.0,732.35
ORD103991,2024-06-21,CUST1391,Priya Gupta,Delhi,Gujarat,North,Sports,Cycling,Cycling Product 5,5.0,808.67,0.0,127.57
ORD101696,2025-03-05,CUST1496,Priya Gupta,Mumbai,Karnataka,South,Home & Kitchen,Decor,Decor Product 27,6.0,3425.11,0.05,
ORD103191,12/07/2024,CUST1791,Pooja Singh,Ahmedabad,Gujarat,West,Sports,Cricket,Cricket Product 17,6.0,1760.54,0.1,368.9
ORD104499,2025-10-26,CUST1899,Sneha Joshi,Bengaluru,Tamil Nadu,West,Electronics,Phones,Phones Product 24,1.0,1493.53,0.05,105.39
ORD101154,2025-01-20,CUST2154,Aman Sharma,Mumbai,Rajasthan,East,Electronics,Accessories,Accessories Product 24,4.0,452.61,0.15,5.68
ORD102255,2024-02-27,CUST2055,Rahul Singh,Bengaluru,West Bengal,West,Furniture,Tables,Tables Product 11,1.0,1864.62,0.15,423.33
ORD101682,2025-12-16,CUST1482,Arjun Kumar,Agra,Delhi,North,Electronics,Audio,Audio Product 18,5.0,2572.52,0.05,132.69
ORD103170,2024-06-22,CUST1770,Aman Sharma,Agra,Maharashtra,North,Electronics,Audio,Audio Product 29,2.0,628.14,0.1,80.66
ORD102056,2025-09-01,CUST1856,Sneha Joshi,Kolkata,West Bengal,North,Home & Kitchen,Decor,Decor Product 5,6.0,2478.48,0.05,681.89
ORD104090,2024-06-29,CUST1490,Priya Gupta,Chennai,Maharashtra,West,Electronics,Phones,Phones Product 15,3.0,472.56,0.15,20.52
ORD103108,2025-09-27,CUST1708,Rohit Agarwal,Agra,West Bengal,South,Furniture,Chairs,Chairs Product 5,5.0,2268.13,0.0,322.95
ORD104548,2025-03-25,CUST1948,Pooja Singh,Ahmedabad,Maharashtra,West,Furniture,Chairs,Chairs Product 12,7.0,481.58,0.15,27.67
ORD103723,2025-03-30,CUST1123,Rohit Agarwal,Ahmedabad,Tamil Nadu,West,Home & Kitchen,Cookware,Cookware Product 11,3.0,1019.61,0.1,269.33
ORD102049,2024-03-29,CUST1849,Arjun Kumar,Kolkata,Tamil Nadu,South,Clothing,Women,Women Product 25,4.0,2140.27,0.0,603.65
ORD103643,2024-01-30,CUST1043,Neha Verma,Mumbai,Tamil Nadu,South,Electronics,Laptops,Laptops Product 19,1.0,833.94,0.0,
ORD104962,2024-09-24,CUST1162,Neha Verma,Mumbai,Tamil Nadu,North,Sports,Fitness,Fitness Product 25,5.0,1263.77,0.0,313.73
ORD100623,2024-11-22,CUST1623,Aman Sharma,Mumbai,Delhi,North,Sports,Cricket,Cricket Product 12,6.0,1901.63,0.3,11.33
ORD100262,2025-09-02,CUST1262,Neha Verma,Kolkata,Karnataka,East,Home & Kitchen,Appliances,Appliances Product 30,1.0,3076.73,,681.8
ORD103369,2025-03-02,CUST1969,Rohit Agarwal,Mumbai,Maharashtra,East,Sports,Cricket,Cricket Product 3,4.0,825.41,0.15,192.45
ORD104061,2025-01-02,CUST1461,Sneha Joshi,Delhi,Gujarat,West,Sports,Cricket,Cricket Product 20,5.0,1057.43,0.2,238.24
ORD101802,2024-08-12,CUST1602,Arjun Kumar,Kolkata,Rajasthan,South,Home & Kitchen,Appliances,Appliances Product 3,7.0,1930.82,0.1,38.41
ORD104736,2025-06-03,CUST2136,Aman Sharma,Agra,Uttar Pradesh,South,Electronics,Phones,Phones Product 2,2.0,1108.27,0.1,112.59
ORD100333,2025-03-28,CUST1333,Anjali Mehta,Mumbai,Karnataka,East,Electronics,Audio,Audio Product 28,4.0,1270.8,0.1,42.61
ORD102385,2025-03-22,CUST2185,Arjun Kumar,Delhi,Delhi,North,Home & Kitchen,Appliances,Appliances Product 8,4.0,2953.01,0.0,807.28
ORD101959,2025-11-17,CUST1759,Arjun Kumar,Chennai,Delhi,East,Sports,Cricket,Cricket Product 3,7.0,757.28,0.05,130.05
ORD102976,2025-06-07,CUST1576,Neha Verma,Agra,Karnataka,East,Clothing,Footwear,Footwear Product 19,6.0,945.01,0.05,143.63
ORD100488,2024-11-20,CUST1488,Rohit Agarwal,Chennai,Rajasthan,South,Home & Kitchen,Cookware,Cookware Product 29,7.0,1117.63,0.0,149.08
ORD101843,2024-05-06,CUST1643,Sneha Joshi,Kolkata,Gujarat,East,Sports,Outdoor,Outdoor Product 18,2.0,1571.25,0.0,346.48
ORD101734,2024-02-29,CUST1534,Priya Gupta,Ahmedabad,Uttar Pradesh,South,Clothing,Women,Women Product 21,4.0,6014.29,0.1,192.92
ORD102911,2024-08-01,CUST1511,Aman Sharma,Bengaluru,Karnataka,East,Home & Kitchen,Bedding,Bedding Product 6,1.0,1851.35,0.15,76.67
ORD103219,2025-12-01,CUST1819,Arjun Kumar,Mumbai,Delhi,West,Home & Kitchen,Bedding,Bedding Product 17,7.0,718.33,0.1,94.17
ORD100146,2025-04-29,CUST1146,Neha Verma,Jaipur,Rajasthan,South,Sports,Fitness,Fitness Product 4,2.0,4680.3,0.2,892.03
ORD101986,2024-01-12,CUST1786,Arjun Kumar,Jaipur,Karnataka,South,Electronics,Laptops,Laptops Product 3,4.0,3566.13,0.05,512.58
ORD101369,2024-07-19,CUST1169,Rahul Singh,Bengaluru,,South,Electronics,Laptops,Laptops Product 30,1.0,1236.68,0.1,161.73
ORD102811,2024-08-07,CUST1411,Sneha Joshi,Delhi,Uttar Pradesh,South,Home & Kitchen,Bedding,Bedding Product 11,5.0,1316.26,0.3,69.57
ORD100659,2024-02-27,CUST1659,Priya Gupta,Mumbai,Gujarat,North,Electronics,Audio,Audio Product 20,7.0,1065.05,0.2,89.52
ORD101794,2024-11-05,CUST1594,Anjali Mehta,Mumbai,Maharashtra,North,Furniture,Beds,Beds Product 23,2.0,1655.63,0.15,244.76
ORD102511,2024-03-27,CUST1111,Sneha Joshi,Kolkata,Tamil Nadu,East,Electronics,Phones,Phones Product 21,6.0,2533.12,0.3,51.04
ORD103397,2024-08-21,CUST1997,Neha Verma,Chennai,Maharashtra,North,Home & Kitchen,Decor,Decor Product 6,3.0,1949.08,0.2,330.19
ORD104282,2024-12-26,CUST1682,Neha Verma,Mumbai,Gujarat,South,Electronics,Audio,Audio Product 18,2.0,4129.1,0.0,507.82
ORD101147,2024-04-26,CUST2147,Anjali Mehta,Agra,Uttar Pradesh,,Sports,Outdoor,Outdoor Product 9,4.0,947.82,0.15,41.75
ORD103272,2025-12-27,CUST1872,Neha Verma,Jaipur,Delhi,East,Home & Kitchen,Bedding,Bedding Product 9,5.0,3089.71,0.2,572.96
ORD100608,2025-01-27,CUST1608,Neha Verma,Ahmedabad,Delhi,East,Clothing,Women,Women Product 16,4.0,,0.15,88.96
ORD103582,2024-02-14,CUST2182,Aman Sharma,Delhi,Tamil Nadu,North,Furniture,Beds,Beds Product 1,1.0,5260.36,0.1,818.36
ORD101930,2024-03-06,CUST1730,Neha Verma,Mumbai,Uttar Pradesh,North,Electronics,Accessories,Accessories Product 29,2.0,587.24,0.1,101.48
ORD100197,2025-11-22,CUST1197,Priya Gupta,Delhi,Tamil Nadu,North,Home & Kitchen,Decor,Decor Product 11,5.0,1620.11,0.15,212.81
ORD102931,2025-03-11,CUST1531,Neha Verma,kolkata,Uttar Pradesh,East,Sports,Cricket,Cricket Product 12,2.0,1539.63,0.1,212.12
ORD102327,2024-05-22,CUST2127,Vikas Yadav,Delhi,Karnataka,East,Furniture,Tables,Tables Product 9,3.0,1212.09,0.1,26.7
ORD104389,2024-03-13,CUST1789,Rohit Agarwal,Chennai,Tamil Nadu,North,Furniture,Beds,Beds Product 10,5.0,1221.68,0.1,136.25
ORD100766,2025-07-04,CUST1766,Priya Gupta,Mumbai,Rajasthan,South,Home & Kitchen,Appliances,Appliances Product 17,3.0,2351.02,0.0,284.55
ORD104496,2024-10-09,CUST1896,Neha Verma,Kolkata,Tamil Nadu,East,Furniture,Storage,Storage Product 15,2.0,2345.97,0.0,207.78
ORD104218,2025-07-08,CUST1618,Rahul Singh,Mumbai,Uttar Pradesh,East,Clothing,Men,Men Product 12,3.0,1809.71,0.3,-77.59
ORD103255,2025-08-06,CUST1855,Vikas Yadav,Kolkata,Uttar Pradesh,East,Clothing,Kids,Kids Product 7,4.0,2918.6,0.15,286.66
ORD100202,2024-09-24,CUST1202,Pooja Singh,Bengaluru,West Bengal,West,Clothing,Women,Women Product 20,6.0,1000.35,0.0,90.37
ORD103510,2025-05-25,CUST2110,Sneha Joshi,Delhi,Uttar Pradesh,South,Sports,Outdoor,Outdoor Product 6,3.0,833.91,0.1,97.04
ORD101733,2025-08-06,CUST1533,Vikas Yadav,Bengaluru,Uttar Pradesh,North,Furniture,Tables,Tables Product 28,5.0,519.62,0.05,48.41
ORD102777,2025-03-01,CUST1377,Vikas Yadav,Bengaluru,Maharashtra,North,Clothing,Footwear,Footwear Product 19,3.0,6921.15,0.0,1637.66
ORD101707,2025-11-17,CUST1507,Pooja Singh,Kolkata,Gujarat,South,Electronics,Accessories,Accessories Product 13,5.0,679.72,0.15,117.34
ORD103474,2025-10-22,CUST2074,Sneha Joshi,Mumbai,Uttar Pradesh,East,Electronics,Audio,Audio Product 23,6.0,1360.15,0.05,150.89
ORD100854,2024-02-25,CUST1854,Priya Gupta,Delhi,Rajasthan,West,Sports,Outdoor,Outdoor Product 24,2.0,836.26,0.1,117.25
ORD104737,2025-09-07,CUST2137,Rohit Agarwal,Delhi,Rajasthan,North,Furniture,Tables,Tables Product 18,7.0,559.63,0.3,34.51
ORD104097,2025-10-11,CUST1497,Vikas Yadav,Ahmedabad,Tamil Nadu,North,Electronics,Laptops,Laptops Product 1,6.0,736.27,0.3,79.48
ORD102160,2024-12-27,CUST1960,Pooja Singh,Bengaluru,Uttar Pradesh,North,Clothing,Men,Men Product 2,5.0,1927.91,0.0,344.01
ORD100698,2025-10-09,CUST1698,Priya Gupta,Bengaluru,Delhi,East,Clothing,Men,Men Product 11,2.0,3145.3,0.0,614.98
ORD104982,2024-02-25,CUST1182,Aman Sharma,Delhi,Gujarat,East,Electronics,Accessories,Accessories Product 12,6.0,647.06,0.1,117.81
ORD102999,2025-12-01,CUST1599,Priya Gupta,Chennai,Tamil Nadu,West,Clothing,Kids,Kids Product 2,4.0,3633.37,0.0,1044.75
ORD103696,2024-06-23,CUST1096,Vikas Yadav,Ahmedabad,West Bengal,East,Home & Kitchen,Cookware,Cookware Product 19,1.0,712.1,1.2,40.93
ORD101636,2024-10-21,CUST1436,Aman Sharma,Bengaluru,Delhi,West,Sports,Cricket,,7.0,790.07,0.2,149.74
ORD103457,2025-10-25,CUST2057,Rahul Singh,Mumbai,West Bengal,South,Clothing,Men,Men Product 13,4.0,3807.4,0.2,451.74
ORD103581,2024-10-16,CUST2181,Priya Gupta,Bengaluru,Rajasthan,North,Home & Kitchen,Decor,Decor Product 15,6.0,1924.51,0.4,-115.24
ORD101291,2025-06-04,CUST1091,Vikas Yadav,Agra,Tamil Nadu,North,Furniture,Tables,Tables Product 13,6.0,695.79,0.05,154.87
ORD104659,2024-07-03,CUST2059,Aman Sharma,Kolkata,,West,Sports,Outdoor,Outdoor Product 18,3.0,1010.45,0.15,0.03
ORD101853,2024-05-26,CUST1653,Sneha Joshi,Kolkata,Uttar Pradesh,South,Home & Kitchen,Bedding,Bedding Product 25,2.0,3099.29,0.15,203.96
ORD103763,2025-08-08,CUST1163,Pooja Singh,Ahmedabad,Rajasthan,East,Clothing,Men,Men Product 4,5.0,1941.1,0.2,414.46
ORD103304,2025-09-20,CUST1904,Arjun Kumar,Kolkata,Delhi,East,Electronics,Audio,Audio Product 7,5.0,2953.5,0.1,186.94
ORD104947,2024-03-13,CUST1147,Anjali Mehta,Chennai,Rajasthan,West,Clothing,Women,Women Product 6,2.0,703.93,0.2,14.46
ORD103743,2024-11-21,CUST1143,Arjun Kumar,Mumbai,Maharashtra,North,Clothing,Kids,Kids Product 22,5.0,4215.1,0.3,-150.64
ORD103445,2025-08-26,CUST2045,Priya Gupta,Kolkata,Tamil Nadu,South,Clothing,Women,Women Product 6,4.0,3563.85,0.1,820.79
ORD101998,2024-08-10,CUST1798,Rohit Agarwal,Kolkata,Gujarat,West,Electronics,Audio,Audio Product 29,4.0,659.08,0.05,22.92
ORD100663,2024-06-21,CUST1663,Pooja Singh,Kolkata,Gujarat,North,Clothing,Women,Women Product 12,5.0,1496.86,0.1,106.12
ORD104779,2024-06-09,CUST2179,Anjali Mehta,Kolkata,Delhi,North,Electronics,Laptops,Laptops Product 21,3.0,2881.76,0.15,136.99
ORD103748,2024-03-05,CUST1148,Arjun Kumar,Agra,Karnataka,South,Sports,Outdoor,Outdoor Product 16,3.0,769.6,0.05,178.44
ORD104413,2024-06-09,CUST1813,Pooja Singh,Chennai,Karnataka,North,Home & Kitchen,Cookware,Cookware Product 1,2.0,1510.67,0.1,61.22
ORD104744,2025-10-11,CUST2144,Arjun Kumar,Kolkata,Maharashtra,North, Furniture ,Tables,Tables Product 6,4.0,2155.71,0.15,337.13
ORD100709,2025-04-05,CUST1709,Rahul Singh,Mumbai,Maharashtra,North,Furniture,Storage,Storage Product 25,5.0,1129.54,0.1,101.59
ORD101282,2024-06-06,CUST1082,Priya Gupta,Bengaluru,Tamil Nadu,South,Electronics,Phones,Phones Product 12,1.0,3222.65,0.05,351.98
ORD102675,2025-08-20,CUST1275,Sneha Joshi,Chennai,Gujarat,South,Sports,Outdoor,Outdoor Product 26,3.0,2124.24,0.0,370.27
ORD104029,2024-02-10,CUST1429,Aman Sharma,Ahmedabad,Gujarat,East,Clothing,Footwear,Footwear Product 17,3.0,905.16,0.2,90.51
ORD101306,2025-12-27,CUST1106,Neha Verma,Mumbai,West Bengal,North,Electronics,Accessories,Accessories Product 16,1.0,2097.06,0.3,45.63
ORD102237,2024-03-13,CUST2037,Arjun Kumar,Agra,Maharashtra,East,Clothing,Women,Women Product 27,4.0,1213.24,0.1,150.07
ORD103302,2025-03-29,CUST1902,Rahul Singh,Agra,Delhi,West,Furniture,Beds,Beds Product 15,3.0,541.84,0.3,77.1
ORD102038,2024-02-22,CUST1838,Pooja Singh,Bengaluru,West Bengal,East,Electronics,Audio,Audio Product 17,5.0,618.09,0.1,56.82
ORD101529,2024-11-25,CUST1329,Rohit Agarwal,Jaipur,Uttar Pradesh,South,Sports,Outdoor,Outdoor Product 19,6.0,494.57,0.05,62.74
ORD101663,2024-07-14,CUST1463,Anjali Mehta,Chennai,Tamil Nadu,South,Furniture,Chairs,Chairs Product 16,3.0,2207.64,0.15,485.11
ORD104969,2024-12-29,CUST1169,Pooja Singh,Delhi,West Bengal,East, Furniture ,Chairs,Chairs Product 13,7.0,2394.4,0.15,304.08
ORD104988,2024-02-29,CUST1188,Rohit Agarwal,Chennai,Rajasthan,South,Sports,Outdoor,Outdoor Product 14,5.0,4969.6,0.05,779.54
ORD103627,2025-06-27,CUST1027,Anjali Mehta,Agra,West Bengal,East,Furniture,Tables,Tables Product 3,7.0,1364.3,0.15,29.74
ORD104891,2025-05-25,CUST1091,Arjun Kumar,Kolkata,Gujarat,West,Sports,Outdoor,Outdoor Product 5,3.0,1984.99,0.2,41.14
ORD102693,2024-05-11,CUST1293,Arjun Kumar,Mumbai,Gujarat,West,Home & Kitchen,Bedding,Bedding Product 10,7.0,2183.6,0.1,570.26
ORD103060,2024-08-14,CUST1660,Arjun Kumar,Kolkata,West Bengal,South,Furniture,Storage,,4.0,1318.94,0.2,0.96
ORD101597,2024-10-15,CUST1397,Vikas Yadav,Jaipur,Rajasthan,,Electronics,Accessories,Accessories Product 24,2.0,1289.16,0.0,117.94
ORD102729,2025-02-09,CUST1329,Aman Sharma,Bengaluru,Gujarat,West,Sports,Cricket,Cricket Product 21,2.0,781.99,0.1,53.28
ORD102625,2025-07-15,CUST1225,Pooja Singh,Bengaluru,Karnataka,East,Sports,Cricket,Cricket Product 28,4.0,4804.97,0.05,928.85
ORD103157,2024-02-04,CUST1757,Arjun Kumar,Ahmedabad,West Bengal,South,Clothing,Kids,Kids Product 21,5.0,757.18,0.0,189.46
ORD103314,2025-02-22,CUST1914,Sneha Joshi,Mumbai,Delhi,East,Sports,Cricket,Cricket Product 16,5.0,2551.69,0.15,598.71
ORD101722,2025-05-21,CUST1522,Anjali Mehta,Kolkata,Rajasthan,South,Home & Kitchen,Decor,Decor Product 24,4.0,1000.28,0.1,65.45
ORD101059,2024-01-15,CUST2059,Anjali Mehta,Ahmedabad,West Bengal,North,Electronics,Accessories,Accessories Product 9,2.0,1538.93,0.05,196.65
ORD104636,2025-05-13,CUST2036,Vikas Yadav,Chennai,Karnataka,North,Furniture,Chairs,Chairs Product 20,1.0,2314.52,0.2,331.64
ORD103242,2025-01-31,CUST1842,Rohit Agarwal,Agra,Delhi,East,Clothing,Men,Men Product 30,3.0,675.97,0.1,85.07
ORD101678,2024-09-26,CUST1478,Neha Verma,Ahmedabad,Gujarat,West,Sports,Cricket,Cricket Product 25,5.0,2217.76,0.1,33.8
ORD101757,2025-06-04,CUST1557,Priya Gupta,Delhi,Rajasthan,South,Electronics,Accessories,Accessories Product 15,3.0,2956.32,0.0,828.71
ORD104191,2024-04-09,CUST1591,Rohit Agarwal,Chennai,Delhi,South,Electronics,Laptops,Laptops Product 28,1.0,,0.05,176.86
ORD100563,2025-03-20,CUST1563,Vikas Yadav,Kolkata,Delhi,North,Furniture,Chairs,Chairs Product 11,2.0,3658.38,0.2,245.02
ORD102790,2025-09-29,CUST1390,Aman Sharma,Ahmedabad,Delhi,South,Furniture,Chairs,Chairs Product 22,2.0,578.62,0.1,74.12
ORD100863,2025-09-16,CUST1863,Pooja Singh,Bengaluru,Rajasthan,North,Electronics,Audio,Audio Product 13,2.0,1361.71,0.3,
ORD101484,2024-08-26,CUST1284,Pooja Singh,Ahmedabad,Gujarat,West,Clothing,Men,Men Product 7,5.0,1801.03,0.05,440.44
ORD100206,2024-04-22,CUST1206,Rohit Agarwal,Delhi,Uttar Pradesh,North,Furniture,Storage,Storage Product 14,2.0,456.57,0.05,19.24
ORD104488,2024-10-29,CUST1888,Pooja Singh,Mumbai,Karnataka,East,Electronics,Phones,Phones Product 27,1.0,994.67,0.15,197.74
ORD100870,2025-12-26,CUST1870,Rohit Agarwal,Jaipur,Gujarat,,Home & Kitchen,Cookware,Cookware Product 11,7.0,419.13,0.05,27.43
ORD104493,2024-07-14,CUST1893,Neha Verma,Delhi,Gujarat,North,Home & Kitchen,Appliances,Appliances Product 15,7.0,861.12,0.2,135.39
ORD100502,2025-03-02,CUST1502,Vikas Yadav,Delhi,Delhi,South,Clothing,Footwear,Footwear Product 4,6.0,1303.64,0.05,225.67
ORD101028,2025-07-27,CUST2028,Aman Sharma,Kolkata,Karnataka,West,Clothing,Footwear,Footwear Product 28,2.0,918.38,0.1,208.5
ORD103840,2024-04-13,CUST1240,Aman Sharma,Bengaluru,Rajasthan,South,Sports,Fitness,Fitness Product 25,3.0,3571.63,0.0,1005.16
ORD102690,2024-07-29,CUST1290,Pooja Singh,Mumbai,Karnataka,East,Clothing,Women,Women Product 12,4.0,1192.09,0.1,150.46
ORD101570,2025-06-20,CUST1370,Arjun Kumar,Delhi,Gujarat,South,Furniture,Tables,Tables Product 10,4.0,5165.88,0.4,-147.67
ORD102773,2024-09-10,CUST1373,Rahul Singh,Agra,Maharashtra,South,Electronics,Audio,Audio Product 1,6.0,1494.44,0.1,282.02
ORD102731,2024-04-18,CUST1331,Rahul Singh,Bengaluru,West Bengal,West,Home & Kitchen,Bedding,Bedding Product 4,6.0,1923.53,0.05,215.48
ORD100804,2024-07-02,CUST1804,Pooja Singh,Jaipur,Rajasthan,West,Clothing,Kids,Kids Product 29,7.0,1296.44,0.2,107.59
ORD103645,2024-09-16,CUST1045,Sneha Joshi,Chennai,West Bengal,East,Sports,Outdoor,Outdoor Product 27,7.0,437.93,0.2,37.16
ORD102454,2024-01-13,CUST1054,Neha Verma,Bengaluru,Uttar Pradesh,South,Clothing,Footwear,Footwear Product 16,5.0,1847.1,0.4,-10.01
ORD104598,2025-07-13,CUST1998,Pooja Singh,Chennai,Delhi,West,Sports,Cycling,Cycling Product 4,6.0,1144.32,0.15,159.47
ORD103104,2024-11-22,CUST1704,Arjun Kumar,Chennai,Gujarat,West,Home & Kitchen,Bedding,Bedding Product 11,7.0,4850.12,0.1,1217.34
ORD104875,2025-11-08,CUST1075,Aman Sharma,Delhi,Uttar Pradesh,East,Furniture,Beds,Beds Product 19,2.0,1119.79,0.15,239.09
ORD100200,2025-03-17,CUST1200,Aman Sharma,Kolkata,Karnataka,South,Electronics,Accessories,Accessories Product 26,6.0,2779.69,0.05,770.77
ORD103099,2025-03-01,CUST1699,Rahul Singh,Agra,Gujarat,South,Home & Kitchen,Bedding,Bedding Product 9,3.0,5332.62,0.1,1079.12
ORD102278,2025-10-31,CUST2078,Neha Verma,Kolkata,Tamil Nadu,North,Sports,Cricket,Cricket Product 29,3.0,1165.45,0.0,264.56
ORD103561,2024-05-07,CUST2161,Vikas Yadav,Bengaluru,Gujarat,East,Sports,Outdoor,Outdoor Product 10,2.0,1600.03,0.55,398.46
ORD104474,2024-07-25,CUST1874,Arjun Kumar,Kolkata,Uttar Pradesh,North,Clothing,Footwear,,3.0,1379.19,0.3,218.44
ORD104514,2024-04-06,CUST1914,Neha Verma,Bengaluru,Delhi,South,Clothing,Men,Men Product 17,7.0,976.72,0.0,188.88
ORD100391,2024-11-16,CUST1391,Pooja Singh,Delhi,Rajasthan,East,Clothing,Kids,Kids Product 5,1.0,1290.22,0.0,363.6
ORD101495,2025-01-10,CUST1295,Sneha Joshi,Chennai,Rajasthan,South,Sports,Cricket,Cricket Product 20,2.0,997.05,0.3,72.27
ORD102695,2025-01-15,CUST1295,Pooja Singh,Kolkata,,East,Clothing,Kids,Kids Product 29,3.0,3187.62,0.1,330.67
ORD102027,2024-04-23,CUST1827,Rohit Agarwal,,Rajasthan,East,Home & Kitchen,Decor,Decor Product 26,7.0,692.52,0.15,18.69
ORD102568,2025-11-06,CUST1168,Pooja Singh,Ahmedabad,Delhi,South,Furniture,Chairs,Chairs Product 14,7.0,1434.76,0.15,111.09
ORD100064,2024-07-24,CUST1064,Anjali Mehta,Mumbai,Karnataka,North,Home & Kitchen,Decor,Decor Product 25,4.0,1166.76,0.0,118.96
ORD103884,2024-08-29,CUST1284,Vikas Yadav,Chennai,Delhi,East,Electronics,,Audio Product 8,3.0,2713.73,0.15,88.71
ORD102062,2024-01-19,CUST1862,Anjali Mehta,Jaipur,West Bengal,West,Clothing,Men,Men Product 26,4.0,999.25,0.1,56.49
ORD100492,2024-09-14,CUST1492,Rohit Agarwal,Kolkata,Delhi,South,Electronics,Audio,Audio Product 18,4.0,1313.81,0.1,178.3
ORD100379,2024-09-02,CUST1379,Aman Sharma,Jaipur,Rajasthan,West,Sports,Cycling,Cycling Product 29,2.0,493.39,0.15,67.42
ORD104859,2024-10-02,CUST1059,Rahul Singh,Agra,Gujarat,West,Clothing,Footwear,Footwear Product 26,7.0,642.43,0.2,21.29
ORD103993,2024-09-21,CUST1393,Rohit Agarwal,Jaipur,Gujarat,West,Electronics,Audio,Audio Product 9,1.0,254.17,0.0,60.25
ORD104887,2025-10-06,CUST1087,Rohit Agarwal,Kolkata,West Bengal,West, Furniture ,Chairs,Chairs Product 25,4.0,643.97,0.1,46.0
ORD101076,2025-05-31,CUST2076,Rahul Singh,Agra,West Bengal,East,Clothing,Men,Men Product 1,7.0,2236.23,0.0,563.51
ORD100878,2025-10-27,CUST1878,Pooja Singh,Delhi,West Bengal,North,Sports,Fitness,Fitness Product 7,3.0,2105.24,0.0,334.27
ORD100337,2024-07-10,CUST1337,,Chennai,Maharashtra,West,Electronics,Accessories,Accessories Product 10,4.0,1763.68,0.2,288.12
ORD101016,2024-11-15,CUST2016,Rohit Agarwal,Kolkata,Maharashtra,West,Electronics,Audio,Audio Product 20,6.0,2023.16,0.0,561.3
ORD101275,2024-02-22,CUST1075,Vikas Yadav,Kolkata,Delhi,South,Home & Kitchen,Decor,Decor Product 10,6.0,237.12,0.05,63.59
ORD103798,2025-01-25,CUST1198,Arjun Kumar,Delhi,Tamil Nadu,West,Sports,Cycling,Cycling Product 25,7.0,968.27,0.2,6.25
ORD104551,2025-09-11,CUST1951,Pooja Singh,Agra,Karnataka,West,Sports,Fitness,Fitness Product 1,7.0,3940.7,0.4,221.52
ORD103342,2024-06-04,CUST1942,Anjali Mehta,Kolkata,Karnataka,East,Home & Kitchen,Cookware,Cookware Product 14,3.0,619.38,0.1,10.21
ORD104911,2024-02-12,CUST1111,Sneha Joshi,Ahmedabad,Maharashtra,East,Electronics,Audio,Audio Product 23,2.0,891.22,0.05,181.31
ORD100995,2025-10-03,CUST1995,Vikas Yadav,Bengaluru,Gujarat,South,Sports,Fitness,Fitness Product 12,7.0,2850.47,0.4,-192.44
ORD101981,2025-04-29,CUST1781,Neha Verma,Jaipur,West Bengal,West,Clothing,Kids,Kids Product 28,2.0,993.23,0.15,30.1
ORD104297,2024-03-22,CUST1697,Vikas Yadav,Mumbai,West Bengal,West,Sports,Outdoor,Outdoor Product 28,1.0,1016.07,0.15,160.64
ORD100161,2025-07-27,CUST1161,Arjun Kumar,Ahmedabad,Gujarat,East,Sports,Cricket,Cricket Product 26,6.0,906.62,0.2,94.64
ORD104798,2025-05-18,CUST2198,Priya Gupta,Agra,Delhi,South,Furniture,Chairs,Chairs Product 20,6.0,1027.07,0.15,68.88
ORD101500,2025-10-26,CUST1300,Aman Sharma,Agra,Delhi,North,Furniture,Beds,Beds Product 7,5.0,639.18,0.2,143.52
ORD103843,2025-10-06,CUST1243,Arjun Kumar,Chennai,Tamil Nadu,North,Clothing,Kids,Kids Product 25,2.0,1848.13,0.3,187.52
ORD102613,2024-09-12,CUST1213,Vikas Yadav,Chennai,Delhi,East,Clothing,Footwear,Footwear Product 21,2.0,2112.72,0.05,578.52
ORD103461,2025-05-31,CUST2061,Sneha Joshi,Bengaluru,Karnataka,North,Clothing,Kids,Kids Product 1,3.0,2354.82,0.1,503.43
ORD101021,2024-10-17,CUST2021,Sneha Joshi,Kolkata,Karnataka,West,Sports,Cricket,Cricket Product 6,3.0,2283.6,0.1,262.53
ORD103073,2024-09-07,CUST1673,Rohit Agarwal,Ahmedabad,Delhi,South,Clothing,Women,Women Product 27,1.0,230.26,0.1,55.25
ORD103943,2025-01-24,CUST1343,Arjun Kumar,Mumbai,Karnataka,South,Electronics,Phones,Phones Product 15,1.0,1554.56,0.15,194.15
ORD101585,2024-04-23,CUST1385,Aman Sharma,Chennai,Maharashtra,East,Electronics,Accessories,Accessories Product 10,4.0,723.92,0.0,47.51
ORD101955,2025-07-29,CUST1755,Priya Gupta,Agra,West Bengal,South,Home & Kitchen,Cookware,Cookware Product 6,3.0,1309.74,0.2,-18.45
ORD103152,2024-10-02,CUST1752,Vikas Yadav,Delhi,Maharashtra,South,Home & Kitchen,Decor,Decor Product 2,6.0,2293.86,0.3,58.59
ORD100034,2025-05-25,CUST1034,Vikas Yadav,Bengaluru,Tamil Nadu,North,Sports,Cycling,Cycling Product 5,7.0,1504.37,0.15,104.55
ORD104014,2024-09-30,CUST1414,Aman Sharma,Agra,Karnataka,South,Sports,Cycling,Cycling Product 2,7.0,715.95,0.15,141.64
ORD100775,2024-08-23,CUST1775,Priya Gupta,Delhi,Karnataka,East,Home & Kitchen,Appliances,Appliances Product 7,5.0,1775.39,0.1,165.81
ORD102556,2025-04-07,CUST1156,Neha Verma,Jaipur,Tamil Nadu,North,Sports,Fitness,Fitness Product 14,6.0,2816.54,0.1,646.29
ORD101478,2025-04-21,CUST1278,Pooja Singh,Chennai,Delhi,West,Home & Kitchen,Bedding,Bedding Product 3,7.0,1473.06,0.2,-14.26
ORD101363,2025-04-11,CUST1163,Rohit Agarwal,Kolkata,West Bengal,East,Electronics,Accessories,Accessories Product 18,2.0,2102.88,0.15,465.56
ORD102612,2024-07-21,CUST1212,Sneha Joshi,Kolkata,Delhi,South,Clothing,Women,Women Product 30,2.0,6081.57,0.3,990.08
ORD102824,2025-08-18,CUST1424,Arjun Kumar,Bengaluru,Maharashtra,East,Home & Kitchen,Bedding,Bedding Product 9,4.0,3359.81,0.1,724.01
ORD102041,2024-12-26,CUST1841,Sneha Joshi,Chennai,Uttar Pradesh,South,Electronics,Audio,Audio Product 13,1.0,2850.71,0.15,335.81
ORD100241,2024-05-03,CUST1241,Rahul Singh,Chennai,Rajasthan,South,Sports,Outdoor,Outdoor Product 6,2.0,658.97,0.1,97.46
ORD102061,2025-09-05,CUST1861,Neha Verma,Agra,Uttar Pradesh,South,Home & Kitchen,Cookware,Cookware Product 17,3.0,558.79,0.3,26.96
ORD102363,2024-12-01,CUST2163,Neha Verma,Bengaluru,Karnataka,East,Clothing,Kids,Kids Product 4,2.0,3520.56,0.1,600.55
ORD100600,2025-05-06,CUST1600,Rohit Agarwal,Agra,Rajasthan,East,Furniture,Beds,Beds Product 3,3.0,852.39,0.1,38.21
ORD102435,2024-06-03,CUST1035,Aman Sharma,Bengaluru,Rajasthan,West,Electronics,Laptops,Laptops Product 29,3.0,1272.22,0.1,315.58
ORD102888,2024-03-06,CUST1488,Sneha Joshi,Ahmedabad,West Bengal,West,Clothing,Women,Women Product 30,2.0,1106.58,,185.51
ORD100646,2025-03-31,CUST1646,Rohit Agarwal,Kolkata,Maharashtra,West,Home & Kitchen,Appliances,Appliances Product 24,5.0,942.4,0.4,9.95
ORD103890,2025-07-19,CUST1290,Pooja Singh,Ahmedabad,Maharashtra,South,Home & Kitchen,Decor,Decor Product 8,7.0,2022.55,0.1,212.38
ORD103556,2024-01-01,CUST2156,Arjun Kumar,Bengaluru,Rajasthan,West,Clothing,Footwear,Footwear Product 4,2.0,808.8,0.05,31.64
ORD103202,2024-09-18,CUST1802,Aman Sharma,Agra,Delhi,North,Furniture,Tables,Tables Product 21,2.0,637.16,0.15,
ORD101528,2024-12-31,CUST1328,Rahul Singh,Jaipur,Maharashtra,South,Sports,Cycling,Cycling Product 6,2.0,1086.71,0.05,40.71
ORD101267,2025-12-07,CUST1067,Priya Gupta,Agra,Gujarat,East,Electronics,Audio,Audio Product 9,7.0,1679.24,0.3,120.04
ORD101899,2024-07-04,CUST1699,Anjali Mehta,Kolkata,Gujarat,South,Electronics,Accessories,Accessories Product 27,5.0,3545.0,0.1,430.16
ORD104658,2025-12-16,CUST2058,Sneha Joshi,Jaipur,Uttar Pradesh,North,Clothing,Footwear,Footwear Product 21,7.0,378.93,0.3,10.35
ORD103005,2025-03-09,CUST1605,Arjun Kumar,Delhi,Gujarat,East,Home & Kitchen,Appliances,Appliances Product 18,6.0,4631.24,0.0,825.65
ORD102734,2024-11-09,CUST1334,Priya Gupta,Agra,West Bengal,East,Furniture,Chairs,Chairs Product 5,7.0,4231.38,0.15,179.25
ORD100189,2024-08-21,CUST1189,Anjali Mehta,Agra,Maharashtra,West,Electronics,Accessories,Accessories Product 4,6.0,1550.14,0.3,163.68
ORD101806,2024-04-12,CUST1606,Vikas Yadav,Chennai,Tamil Nadu,North,Home & Kitchen,Bedding,Bedding Product 5,7.0,1917.74,0.4,-106.56
ORD100975,2025-06-15,CUST1975,Rohit Agarwal,Ahmedabad,Uttar Pradesh,East,Home & Kitchen,Bedding,Bedding Product 17,5.0,1074.43,0.1,
ORD102747,2024-04-22,CUST1347,Sneha Joshi,Bengaluru,Uttar Pradesh,West,Clothing,Kids,Kids Product 15,7.0,912.93,0.1,155.9
ORD102047,2024-06-09,CUST1847,Rohit Agarwal,Agra,Rajasthan,North,Furniture,Chairs,Chairs Product 24,2.0,1824.76,,152.43
ORD102558,2025-01-16,CUST1158,Sneha Joshi,Chennai,West Bengal,East,Home & Kitchen,Appliances,Appliances Product 22,6.0,1527.33,0.0,176.23
ORD101082,2025-11-26,CUST2082,Anjali Mehta,Delhi,Delhi,North,Furniture,Storage,Storage Product 10,6.0,2723.07,0.05,425.08
ORD100474,2024-12-06,CUST1474,Rohit Agarwal,Chennai,West Bengal,West,Home & Kitchen,Decor,Decor Product 12,3.0,1433.7,0.15,163.75
ORD102904,2024-02-01,CUST1504,Anjali Mehta,Agra,Karnataka,West,Sports,Fitness,Fitness Product 8,1.0,1495.45,0.2,190.32
ORD104843,2024-07-26,CUST1043,Priya Gupta,Ahmedabad,Karnataka,South,Sports,Cycling,Cycling Product 12,7.0,1673.88,0.05,200.7
ORD104117,2024-04-21,CUST1517,Arjun Kumar,Bengaluru,Rajasthan,North,Home & Kitchen,Cookware,Cookware Product 17,7.0,1142.84,0.1,92.01
ORD103385,2025-03-09,CUST1985,Arjun Kumar,Bengaluru,Karnataka,East,Home & Kitchen,Appliances,Appliances Product 20,4.0,1156.5,0.05,80.83
ORD104555,2024-10-15,CUST1955,Pooja Singh,Kolkata,Tamil Nadu,East,Sports,Cricket,Cricket Product 28,4.0,401.27,0.15,76.06
ORD101184,2024-03-03,CUST2184,Rohit Agarwal,Jaipur,West Bengal,South,Furniture,Storage,Storage Product 7,6.0,1427.49,0.2,208.84
ORD102433,2025-04-27,CUST1033,Anjali Mehta,Agra,Gujarat,South,Home & Kitchen,Decor,Decor Product 10,1.0,1906.42,0.1,68.51
ORD102391,2024-02-29,CUST2191,Sneha Joshi,Bengaluru,,North,Furniture,Storage,Storage Product 27,6.0,1343.64,0.2,206.55
ORD100769,2025-11-04,CUST1769,Rahul Singh,Kolkata,Karnataka,North,Electronics,Laptops,Laptops Product 19,3.0,941.12,0.1,74.44
ORD101685,2025-01-15,CUST1485,Anjali Mehta,Kolkata,West Bengal,South,Sports,Outdoor,Outdoor Product 7,1.0,2622.48,0.3,210.91
ORD100130,2025-04-06,CUST1130,Anjali Mehta,Delhi,Gujarat,South,Sports,Outdoor,Outdoor Product 18,3.0,609.35,0.1,36.47
ORD102919,2025-01-15,CUST1519,Anjali Mehta,Jaipur,Karnataka,North,Furniture,Storage,Storage Product 1,4.0,,0.2,97.0
ORD103171,2025-07-12,CUST1771,Vikas Yadav,Mumbai,Gujarat,South,Home & Kitchen,Decor,Decor Product 14,7.0,3869.01,0.3,738.5
ORD103444,2025-01-19,CUST2044,Aman Sharma,Bengaluru,Rajasthan,East,Furniture,Tables,Tables Product 28,6.0,557.3,0.0,151.68
ORD104426,2025-03-18,CUST1826,Anjali Mehta,Bengaluru,Gujarat,North,Sports,Outdoor,Outdoor Product 4,7.0,1277.08,0.1,229.63
ORD100466,2024-03-09,CUST1466,Vikas Yadav,Kolkata,Uttar Pradesh,North,Furniture,Chairs,Chairs Product 16,1.0,777.59,0.1,84.98
ORD103092,2024-09-26,CUST1692,Rohit Agarwal,Kolkata,Maharashtra,East,Sports,Outdoor,Outdoor Product 15,1.0,586.52,0.3,-23.34
ORD103772,2024-04-20,CUST1172,Aman Sharma,Jaipur,Karnataka,East,Clothing,Footwear,Footwear Product 17,5.0,1177.59,0.1,227.71
ORD100860,2024-01-26,CUST1860,Rohit Agarwal,Delhi,Uttar Pradesh,North,Clothing,Footwear,Footwear Product 19,7.0,333.85,0.05,40.98
